DateTime,Detector_ID,Lane,hour,day,dayofweek,month,year,is_weekend,Direction
2024-10-01 04:00:00,2906,3,0,4,1,1,10,2024,0
2024-10-01 06:00:00,2906,9,0,6,1,1,10,2024,0
2024-10-01 09:00:00,2906,6,3,9,1,1,10,2024,0
2024-10-01 12:00:00,2906,7,3,12,1,1,10,2024,0
2024-10-01 12:00:00,2906,4,3,12,1,1,10,2024,0
2024-10-01 13:00:00,2906,7,3,13,1,1,10,2024,0
2024-10-01 16:00:00,2906,8,2,16,1,1,10,2024,0
2024-10-01 20:00:00,2906,7,3,20,1,1,10,2024,0
2024-10-01 21:00:00,2906,9,0,21,1,1,10,2024,0
2024-10-01 23:00:00,2906,4,3,23,1,1,10,2024,0
2024-10-02 00:00:00,2906,3,0,0,2,2,10,2024,0
2024-10-02 00:00:00,2906,1,1,0,2,2,10,2024,0
2024-10-02 01:00:00,2906,8,2,1,2,2,10,2024,0
2024-10-02 03:00:00,2906,7,3,3,2,2,10,2024,0
2024-10-02 04:00:00,2906,1,1,4,2,2,10,2024,0
2024-10-02 05:00:00,2906,7,3,5,2,2,10,2024,0
2024-10-02 05:00:00,2906,5,3,5,2,2,10,2024,0
2024-10-02 06:00:00,2906,3,0,6,2,2,10,2024,0
2024-10-02 06:00:00,2906,4,3,6,2,2,10,2024,0
2024-10-02 06:00:00,2906,8,2,6,2,2,10,2024,0
2024-10-02 07:00:00,2906,3,0,7,2,2,10,2024,0
2024-10-02 14:00:00,2906,7,3,14,2,2,10,2024,0
2024-10-02 15:00:00,2906,7,3,15,2,2,10,2024,0
2024-10-02 15:00:00,2906,3,0,15,2,2,10,2024,0
2024-10-02 17:00:00,2906,8,2,17,2,2,10,2024,0
2024-10-02 23:00:00,2906,8,2,23,2,2,10,2024,0
2024-10-02 23:00:00,2906,1,1,23,2,2,10,2024,0
2024-10-02 23:00:00,2906,2,2,23,2,2,10,2024,0
2024-10-03 00:00:00,2906,5,3,0,3,3,10,2024,0
2024-10-03 01:00:00,2906,5,3,1,3,3,10,2024,0
2024-10-03 02:00:00,2906,1,1,2,3,3,10,2024,0
2024-10-03 03:00:00,2906,2,2,3,3,3,10,2024,0
2024-10-03 04:00:00,2906,2,2,4,3,3,10,2024,0
2024-10-03 04:00:00,2906,9,0,4,3,3,10,2024,0
2024-10-03 04:00:00,2906,7,3,4,3,3,10,2024,0
2024-10-03 05:00:00,2906,5,3,5,3,3,10,2024,0
2024-10-03 11:00:00,2906,2,2,11,3,3,10,2024,0
2024-10-03 14:00:00,2906,7,3,14,3,3,10,2024,0
2024-10-03 17:00:00,2906,1,1,17,3,3,10,2024,0
2024-10-03 19:00:00,2906,5,3,19,3,3,10,2024,0
2024-10-03 20:00:00,2906,1,1,20,3,3,10,2024,0
2024-10-03 21:00:00,2906,4,3,21,3,3,10,2024,0
2024-10-03 21:00:00,2906,3,0,21,3,3,10,2024,0
2024-10-03 22:00:00,2906,1,1,22,3,3,10,2024,0
2024-10-03 23:00:00,2906,5,3,23,3,3,10,2024,0
2024-10-03 23:00:00,2906,3,0,23,3,3,10,2024,0
2024-10-04 02:00:00,2906,4,3,2,4,4,10,2024,0
2024-10-04 03:00:00,2906,1,1,3,4,4,10,2024,0
2024-10-04 04:00:00,2906,6,3,4,4,4,10,2024,0
2024-10-04 05:00:00,2906,1,1,5,4,4,10,2024,0
2024-10-04 05:00:00,2906,3,0,5,4,4,10,2024,0
2024-10-04 06:00:00,2906,5,3,6,4,4,10,2024,0
2024-10-04 07:00:00,2906,9,0,7,4,4,10,2024,0
2024-10-04 09:00:00,2906,4,3,9,4,4,10,2024,0
2024-10-04 09:00:00,2906,1,1,9,4,4,10,2024,0
2024-10-04 11:00:00,2906,8,2,11,4,4,10,2024,0
2024-10-04 13:00:00,2906,8,2,13,4,4,10,2024,0
2024-10-04 13:00:00,2906,5,3,13,4,4,10,2024,0
2024-10-04 16:00:00,2906,9,0,16,4,4,10,2024,0
2024-10-04 21:00:00,2906,3,0,21,4,4,10,2024,0
2024-10-04 21:00:00,2906,1,1,21,4,4,10,2024,0
2024-10-04 22:00:00,2906,5,3,22,4,4,10,2024,0
2024-10-04 22:00:00,2906,3,0,22,4,4,10,2024,0
2024-10-04 22:00:00,2906,4,3,22,4,4,10,2024,0
2024-10-04 23:00:00,2906,8,2,23,4,4,10,2024,0
2024-10-05 00:00:00,2906,8,2,0,5,5,10,2024,1
2024-10-05 02:00:00,2906,7,3,2,5,5,10,2024,1
2024-10-05 02:00:00,2906,9,0,2,5,5,10,2024,1
2024-10-05 04:00:00,2906,4,3,4,5,5,10,2024,1
2024-10-05 04:00:00,2906,1,1,4,5,5,10,2024,1
2024-10-05 08:00:00,2906,8,2,8,5,5,10,2024,1
2024-10-05 08:00:00,2906,7,3,8,5,5,10,2024,1
2024-10-05 08:00:00,2906,3,0,8,5,5,10,2024,1
2024-10-05 09:00:00,2906,5,3,9,5,5,10,2024,1
2024-10-05 10:00:00,2906,6,3,10,5,5,10,2024,1
2024-10-05 11:00:00,2906,7,3,11,5,5,10,2024,1
2024-10-05 13:00:00,2906,4,3,13,5,5,10,2024,1
2024-10-05 15:00:00,2906,6,3,15,5,5,10,2024,1
2024-10-05 15:00:00,2906,1,1,15,5,5,10,2024,1
2024-10-05 18:00:00,2906,7,3,18,5,5,10,2024,1
2024-10-05 18:00:00,2906,9,0,18,5,5,10,2024,1
2024-10-05 18:00:00,2906,4,3,18,5,5,10,2024,1
2024-10-05 19:00:00,2906,8,2,19,5,5,10,2024,1
2024-10-05 21:00:00,2906,3,0,21,5,5,10,2024,1
2024-10-05 21:00:00,2906,1,1,21,5,5,10,2024,1
2024-10-05 21:00:00,2906,7,3,21,5,5,10,2024,1
2024-10-06 01:00:00,2906,2,2,1,6,6,10,2024,1
2024-10-06 04:00:00,2906,1,1,4,6,6,10,2024,1
2024-10-06 09:00:00,2906,3,0,9,6,6,10,2024,1
2024-10-06 09:00:00,2906,1,1,9,6,6,10,2024,1
2024-10-06 10:00:00,2906,4,3,10,6,6,10,2024,1
2024-10-06 11:00:00,2906,2,2,11,6,6,10,2024,1
2024-10-06 11:00:00,2906,1,1,11,6,6,10,2024,1
2024-10-06 15:00:00,2906,6,3,15,6,6,10,2024,1
2024-10-06 15:00:00,2906,4,3,15,6,6,10,2024,1
2024-10-06 18:00:00,2906,2,2,18,6,6,10,2024,1
2024-10-06 19:00:00,2906,4,3,19,6,6,10,2024,1
2024-10-06 22:00:00,2906,1,1,22,6,6,10,2024,1
2024-10-06 23:00:00,2906,9,0,23,6,6,10,2024,1
2024-10-06 23:00:00,2906,3,0,23,6,6,10,2024,1
2024-10-06 23:00:00,2906,2,2,23,6,6,10,2024,1
2024-10-07 01:00:00,2906,4,3,1,7,0,10,2024,0
2024-10-07 02:00:00,2906,4,3,2,7,0,10,2024,0
2024-10-07 02:00:00,2906,8,2,2,7,0,10,2024,0
2024-10-07 02:00:00,2906,6,3,2,7,0,10,2024,0
2024-10-07 02:00:00,2906,5,3,2,7,0,10,2024,0
2024-10-07 04:00:00,2906,4,3,4,7,0,10,2024,0
2024-10-07 08:00:00,2906,5,3,8,7,0,10,2024,0
2024-10-07 11:00:00,2906,7,3,11,7,0,10,2024,0
2024-10-07 12:00:00,2906,6,3,12,7,0,10,2024,0
2024-10-07 14:00:00,2906,4,3,14,7,0,10,2024,0
2024-10-07 18:00:00,2906,8,2,18,7,0,10,2024,0
2024-10-07 20:00:00,2906,4,3,20,7,0,10,2024,0
2024-10-07 21:00:00,2906,5,3,21,7,0,10,2024,0
2024-10-07 22:00:00,2906,4,3,22,7,0,10,2024,0
2024-10-07 23:00:00,2906,8,2,23,7,0,10,2024,0
2024-10-07 23:00:00,2906,7,3,23,7,0,10,2024,0
2024-10-08 01:00:00,2906,9,0,1,8,1,10,2024,0
2024-10-08 04:00:00,2906,1,1,4,8,1,10,2024,0
2024-10-08 05:00:00,2906,6,3,5,8,1,10,2024,0
2024-10-08 06:00:00,2906,5,3,6,8,1,10,2024,0
2024-10-08 06:00:00,2906,8,2,6,8,1,10,2024,0
2024-10-08 08:00:00,2906,9,0,8,8,1,10,2024,0
2024-10-08 08:00:00,2906,3,0,8,8,1,10,2024,0
2024-10-08 08:00:00,2906,5,3,8,8,1,10,2024,0
2024-10-08 10:00:00,2906,6,3,10,8,1,10,2024,0
2024-10-08 10:00:00,2906,4,3,10,8,1,10,2024,0
2024-10-08 11:00:00,2906,1,1,11,8,1,10,2024,0
2024-10-08 12:00:00,2906,2,2,12,8,1,10,2024,0
2024-10-08 14:00:00,2906,7,3,14,8,1,10,2024,0
2024-10-08 14:00:00,2906,4,3,14,8,1,10,2024,0
2024-10-08 15:00:00,2906,5,3,15,8,1,10,2024,0
2024-10-08 19:00:00,2906,1,1,19,8,1,10,2024,0
2024-10-08 20:00:00,2906,8,2,20,8,1,10,2024,0
2024-10-08 22:00:00,2906,8,2,22,8,1,10,2024,0
2024-10-08 22:00:00,2906,1,1,22,8,1,10,2024,0
2024-10-09 00:00:00,2906,9,0,0,9,2,10,2024,0
2024-10-09 06:00:00,2906,7,3,6,9,2,10,2024,0
2024-10-09 06:00:00,2906,6,3,6,9,2,10,2024,0
2024-10-09 07:00:00,2906,1,1,7,9,2,10,2024,0
2024-10-09 07:00:00,2906,2,2,7,9,2,10,2024,0
2024-10-09 08:00:00,2906,7,3,8,9,2,10,2024,0
2024-10-09 10:00:00,2906,4,3,10,9,2,10,2024,0
2024-10-09 14:00:00,2906,5,3,14,9,2,10,2024,0
2024-10-09 15:00:00,2906,6,3,15,9,2,10,2024,0
2024-10-09 16:00:00,2906,6,3,16,9,2,10,2024,0
2024-10-09 16:00:00,2906,4,3,16,9,2,10,2024,0
2024-10-09 19:00:00,2906,9,0,19,9,2,10,2024,0
2024-10-09 20:00:00,2906,4,3,20,9,2,10,2024,0
2024-10-09 21:00:00,2906,3,0,21,9,2,10,2024,0
2024-10-10 00:00:00,2906,4,3,0,10,3,10,2024,0
2024-10-10 03:00:00,2906,2,2,3,10,3,10,2024,0
2024-10-10 05:00:00,2906,1,1,5,10,3,10,2024,0
2024-10-10 07:00:00,2906,9,0,7,10,3,10,2024,0
2024-10-10 11:00:00,2906,1,1,11,10,3,10,2024,0
2024-10-10 12:00:00,2906,4,3,12,10,3,10,2024,0
2024-10-10 14:00:00,2906,2,2,14,10,3,10,2024,0
2024-10-10 15:00:00,2906,9,0,15,10,3,10,2024,0
2024-10-10 16:00:00,2906,3,0,16,10,3,10,2024,0
2024-10-10 17:00:00,2906,4,3,17,10,3,10,2024,0
2024-10-10 21:00:00,2906,3,0,21,10,3,10,2024,0
2024-10-10 23:00:00,2906,2,2,23,10,3,10,2024,0
2024-10-11 02:00:00,2906,2,2,2,11,4,10,2024,0
2024-10-11 05:00:00,2906,8,2,5,11,4,10,2024,0
2024-10-11 05:00:00,2906,1,1,5,11,4,10,2024,0
2024-10-11 06:00:00,2906,6,3,6,11,4,10,2024,0
2024-10-11 08:00:00,2906,7,3,8,11,4,10,2024,0
2024-10-11 09:00:00,2906,4,3,9,11,4,10,2024,0
2024-10-11 10:00:00,2906,7,3,10,11,4,10,2024,0
2024-10-11 13:00:00,2906,7,3,13,11,4,10,2024,0
2024-10-11 14:00:00,2906,4,3,14,11,4,10,2024,0
2024-10-11 15:00:00,2906,4,3,15,11,4,10,2024,0
2024-10-11 18:00:00,2906,1,1,18,11,4,10,2024,0
2024-10-11 18:00:00,2906,8,2,18,11,4,10,2024,0
2024-10-11 19:00:00,2906,4,3,19,11,4,10,2024,0
2024-10-11 19:00:00,2906,1,1,19,11,4,10,2024,0
2024-10-11 20:00:00,2906,4,3,20,11,4,10,2024,0
2024-10-11 21:00:00,2906,2,2,21,11,4,10,2024,0
2024-10-11 22:00:00,2906,7,3,22,11,4,10,2024,0
2024-10-11 22:00:00,2906,5,3,22,11,4,10,2024,0
2024-10-12 02:00:00,2906,5,3,2,12,5,10,2024,1
2024-10-12 06:00:00,2906,4,3,6,12,5,10,2024,1
2024-10-12 08:00:00,2906,6,3,8,12,5,10,2024,1
2024-10-12 11:00:00,2906,8,2,11,12,5,10,2024,1
2024-10-12 13:00:00,2906,8,2,13,12,5,10,2024,1
2024-10-12 14:00:00,2906,7,3,14,12,5,10,2024,1
2024-10-12 15:00:00,2906,3,0,15,12,5,10,2024,1
2024-10-12 16:00:00,2906,3,0,16,12,5,10,2024,1
2024-10-12 16:00:00,2906,9,0,16,12,5,10,2024,1
2024-10-12 17:00:00,2906,9,0,17,12,5,10,2024,1
2024-10-12 18:00:00,2906,9,0,18,12,5,10,2024,1
2024-10-12 19:00:00,2906,4,3,19,12,5,10,2024,1
2024-10-12 20:00:00,2906,1,1,20,12,5,10,2024,1
2024-10-12 22:00:00,2906,3,0,22,12,5,10,2024,1
2024-10-12 22:00:00,2906,7,3,22,12,5,10,2024,1
2024-10-13 00:00:00,2906,8,2,0,13,6,10,2024,1
2024-10-13 01:00:00,2906,5,3,1,13,6,10,2024,1
2024-10-13 02:00:00,2906,7,3,2,13,6,10,2024,1
2024-10-13 03:00:00,2906,4,3,3,13,6,10,2024,1
2024-10-13 04:00:00,2906,3,0,4,13,6,10,2024,1
2024-10-13 05:00:00,2906,2,2,5,13,6,10,2024,1
2024-10-13 09:00:00,2906,5,3,9,13,6,10,2024,1
2024-10-13 09:00:00,2906,6,3,9,13,6,10,2024,1
2024-10-13 10:00:00,2906,8,2,10,13,6,10,2024,1
2024-10-13 11:00:00,2906,7,3,11,13,6,10,2024,1
2024-10-13 14:00:00,2906,1,1,14,13,6,10,2024,1
2024-10-13 18:00:00,2906,8,2,18,13,6,10,2024,1
2024-10-13 18:00:00,2906,1,1,18,13,6,10,2024,1
2024-10-13 20:00:00,2906,2,2,20,13,6,10,2024,1
2024-10-13 20:00:00,2906,8,2,20,13,6,10,2024,1
2024-10-13 21:00:00,2906,8,2,21,13,6,10,2024,1
2024-10-13 22:00:00,2906,6,3,22,13,6,10,2024,1
2024-10-14 05:00:00,2906,5,3,5,14,0,10,2024,0
2024-10-14 06:00:00,2906,6,3,6,14,0,10,2024,0
2024-10-14 06:00:00,2906,4,3,6,14,0,10,2024,0
2024-10-14 06:00:00,2906,5,3,6,14,0,10,2024,0
2024-10-14 07:00:00,2906,5,3,7,14,0,10,2024,0
2024-10-14 08:00:00,2906,8,2,8,14,0,10,2024,0
2024-10-14 11:00:00,2906,6,3,11,14,0,10,2024,0
2024-10-14 11:00:00,2906,4,3,11,14,0,10,2024,0
2024-10-14 13:00:00,2906,5,3,13,14,0,10,2024,0
2024-10-14 14:00:00,2906,6,3,14,14,0,10,2024,0
2024-10-14 14:00:00,2906,3,0,14,14,0,10,2024,0
2024-10-14 15:00:00,2906,3,0,15,14,0,10,2024,0
2024-10-14 18:00:00,2906,6,3,18,14,0,10,2024,0
2024-10-14 19:00:00,2906,7,3,19,14,0,10,2024,0
2024-10-14 20:00:00,2906,9,0,20,14,0,10,2024,0
2024-10-14 20:00:00,2906,3,0,20,14,0,10,2024,0
2024-10-14 21:00:00,2906,8,2,21,14,0,10,2024,0
2024-10-14 22:00:00,2906,2,2,22,14,0,10,2024,0
2024-10-15 00:00:00,2906,8,2,0,15,1,10,2024,0
2024-10-15 00:00:00,2906,9,0,0,15,1,10,2024,0
2024-10-15 00:00:00,2906,7,3,0,15,1,10,2024,0
2024-10-15 00:00:00,2906,6,3,0,15,1,10,2024,0
2024-10-15 02:00:00,2906,4,3,2,15,1,10,2024,0
2024-10-15 03:00:00,2906,6,3,3,15,1,10,2024,0
2024-10-15 03:00:00,2906,8,2,3,15,1,10,2024,0
2024-10-15 05:00:00,2906,4,3,5,15,1,10,2024,0
2024-10-15 05:00:00,2906,3,0,5,15,1,10,2024,0
2024-10-15 06:00:00,2906,8,2,6,15,1,10,2024,0
2024-10-15 08:00:00,2906,5,3,8,15,1,10,2024,0
2024-10-15 09:00:00,2906,8,2,9,15,1,10,2024,0
2024-10-15 10:00:00,2906,3,0,10,15,1,10,2024,0
2024-10-15 11:00:00,2906,1,1,11,15,1,10,2024,0
2024-10-15 12:00:00,2906,5,3,12,15,1,10,2024,0
2024-10-15 12:00:00,2906,8,2,12,15,1,10,2024,0
2024-10-15 14:00:00,2906,1,1,14,15,1,10,2024,0
2024-10-15 16:00:00,2906,8,2,16,15,1,10,2024,0
2024-10-15 17:00:00,2906,2,2,17,15,1,10,2024,0
2024-10-15 17:00:00,2906,3,0,17,15,1,10,2024,0
2024-10-15 21:00:00,2906,9,0,21,15,1,10,2024,0
2024-10-15 22:00:00,2906,1,1,22,15,1,10,2024,0
2024-10-15 23:00:00,2906,6,3,23,15,1,10,2024,0
2024-10-16 00:00:00,2906,1,1,0,16,2,10,2024,0
2024-10-16 02:00:00,2906,1,1,2,16,2,10,2024,0
2024-10-16 02:00:00,2906,2,2,2,16,2,10,2024,0
2024-10-16 03:00:00,2906,4,3,3,16,2,10,2024,0
2024-10-16 05:00:00,2906,4,3,5,16,2,10,2024,0
2024-10-16 07:00:00,2906,7,3,7,16,2,10,2024,0
2024-10-16 08:00:00,2906,2,2,8,16,2,10,2024,0
2024-10-16 10:00:00,2906,8,2,10,16,2,10,2024,0
2024-10-16 17:00:00,2906,2,2,17,16,2,10,2024,0
2024-10-16 19:00:00,2906,6,3,19,16,2,10,2024,0
2024-10-16 20:00:00,2906,6,3,20,16,2,10,2024,0
2024-10-16 21:00:00,2906,1,1,21,16,2,10,2024,0
2024-10-16 21:00:00,2906,3,0,21,16,2,10,2024,0
2024-10-16 23:00:00,2906,6,3,23,16,2,10,2024,0
2024-10-17 00:00:00,2906,3,0,0,17,3,10,2024,0
2024-10-17 04:00:00,2906,7,3,4,17,3,10,2024,0
2024-10-17 05:00:00,2906,4,3,5,17,3,10,2024,0
2024-10-17 07:00:00,2906,7,3,7,17,3,10,2024,0
2024-10-17 11:00:00,2906,8,2,11,17,3,10,2024,0
2024-10-17 12:00:00,2906,6,3,12,17,3,10,2024,0
2024-10-17 14:00:00,2906,1,1,14,17,3,10,2024,0
2024-10-17 15:00:00,2906,7,3,15,17,3,10,2024,0
2024-10-17 17:00:00,2906,4,3,17,17,3,10,2024,0
2024-10-17 18:00:00,2906,4,3,18,17,3,10,2024,0
2024-10-17 21:00:00,2906,1,1,21,17,3,10,2024,0
2024-10-18 03:00:00,2906,2,2,3,18,4,10,2024,0
2024-10-18 03:00:00,2906,8,2,3,18,4,10,2024,0
2024-10-18 04:00:00,2906,1,1,4,18,4,10,2024,0
2024-10-18 07:00:00,2906,2,2,7,18,4,10,2024,0
2024-10-18 09:00:00,2906,5,3,9,18,4,10,2024,0
2024-10-18 11:00:00,2906,4,3,11,18,4,10,2024,0
2024-10-18 11:00:00,2906,8,2,11,18,4,10,2024,0
2024-10-18 12:00:00,2906,5,3,12,18,4,10,2024,0
2024-10-18 12:00:00,2906,4,3,12,18,4,10,2024,0
2024-10-18 13:00:00,2906,9,0,13,18,4,10,2024,0
2024-10-18 14:00:00,2906,8,2,14,18,4,10,2024,0
2024-10-18 14:00:00,2906,2,2,14,18,4,10,2024,0
2024-10-18 14:00:00,2906,3,0,14,18,4,10,2024,0
2024-10-18 14:00:00,2906,1,1,14,18,4,10,2024,0
2024-10-18 18:00:00,2906,1,1,18,18,4,10,2024,0
2024-10-18 20:00:00,2906,1,1,20,18,4,10,2024,0
2024-10-18 22:00:00,2906,3,0,22,18,4,10,2024,0
2024-10-18 22:00:00,2906,2,2,22,18,4,10,2024,0
2024-10-18 23:00:00,2906,2,2,23,18,4,10,2024,0
2024-10-18 23:00:00,2906,5,3,23,18,4,10,2024,0
2024-10-19 03:00:00,2906,2,2,3,19,5,10,2024,1
2024-10-19 05:00:00,2906,6,3,5,19,5,10,2024,1
2024-10-19 05:00:00,2906,2,2,5,19,5,10,2024,1
2024-10-19 06:00:00,2906,4,3,6,19,5,10,2024,1
2024-10-19 07:00:00,2906,9,0,7,19,5,10,2024,1
2024-10-19 09:00:00,2906,5,3,9,19,5,10,2024,1
2024-10-19 11:00:00,2906,7,3,11,19,5,10,2024,1
2024-10-19 13:00:00,2906,5,3,13,19,5,10,2024,1
2024-10-19 14:00:00,2906,9,0,14,19,5,10,2024,1
2024-10-19 16:00:00,2906,7,3,16,19,5,10,2024,1
2024-10-19 16:00:00,2906,3,0,16,19,5,10,2024,1
2024-10-19 16:00:00,2906,2,2,16,19,5,10,2024,1
2024-10-19 18:00:00,2906,4,3,18,19,5,10,2024,1
2024-10-19 19:00:00,2906,2,2,19,19,5,10,2024,1
2024-10-19 22:00:00,2906,7,3,22,19,5,10,2024,1
2024-10-19 23:00:00,2906,6,3,23,19,5,10,2024,1
2024-10-20 00:00:00,2906,2,2,0,20,6,10,2024,1
2024-10-20 00:00:00,2906,3,0,0,20,6,10,2024,1
2024-10-20 00:00:00,2906,4,3,0,20,6,10,2024,1
2024-10-20 02:00:00,2906,8,2,2,20,6,10,2024,1
2024-10-20 02:00:00,2906,2,2,2,20,6,10,2024,1
2024-10-20 04:00:00,2906,7,3,4,20,6,10,2024,1
2024-10-20 05:00:00,2906,3,0,5,20,6,10,2024,1
2024-10-20 05:00:00,2906,8,2,5,20,6,10,2024,1
2024-10-20 07:00:00,2906,5,3,7,20,6,10,2024,1
2024-10-20 07:00:00,2906,3,0,7,20,6,10,2024,1
2024-10-20 09:00:00,2906,1,1,9,20,6,10,2024,1
2024-10-20 10:00:00,2906,4,3,10,20,6,10,2024,1
2024-10-20 11:00:00,2906,3,0,11,20,6,10,2024,1
2024-10-20 12:00:00,2906,8,2,12,20,6,10,2024,1
2024-10-20 13:00:00,2906,2,2,13,20,6,10,2024,1
2024-10-20 14:00:00,2906,1,1,14,20,6,10,2024,1
2024-10-20 15:00:00,2906,1,1,15,20,6,10,2024,1
2024-10-20 16:00:00,2906,8,2,16,20,6,10,2024,1
2024-10-20 16:00:00,2906,9,0,16,20,6,10,2024,1
2024-10-20 17:00:00,2906,8,2,17,20,6,10,2024,1
2024-10-20 21:00:00,2906,6,3,21,20,6,10,2024,1
2024-10-21 01:00:00,2906,4,3,1,21,0,10,2024,0
2024-10-21 02:00:00,2906,6,3,2,21,0,10,2024,0
2024-10-21 04:00:00,2906,5,3,4,21,0,10,2024,0
2024-10-21 04:00:00,2906,8,2,4,21,0,10,2024,0
2024-10-21 06:00:00,2906,3,0,6,21,0,10,2024,0
2024-10-21 07:00:00,2906,3,0,7,21,0,10,2024,0
2024-10-21 08:00:00,2906,9,0,8,21,0,10,2024,0
2024-10-21 09:00:00,2906,3,0,9,21,0,10,2024,0
2024-10-21 10:00:00,2906,7,3,10,21,0,10,2024,0
2024-10-21 14:00:00,2906,2,2,14,21,0,10,2024,0
2024-10-21 16:00:00,2906,1,1,16,21,0,10,2024,0
2024-10-21 20:00:00,2906,7,3,20,21,0,10,2024,0
2024-10-21 22:00:00,2906,9,0,22,21,0,10,2024,0
2024-10-21 23:00:00,2906,5,3,23,21,0,10,2024,0
2024-10-21 23:00:00,2906,4,3,23,21,0,10,2024,0
2024-10-22 00:00:00,2906,5,3,0,22,1,10,2024,0
2024-10-22 03:00:00,2906,2,2,3,22,1,10,2024,0
2024-10-22 03:00:00,2906,3,0,3,22,1,10,2024,0
2024-10-22 03:00:00,2906,5,3,3,22,1,10,2024,0
2024-10-22 04:00:00,2906,4,3,4,22,1,10,2024,0
2024-10-22 08:00:00,2906,4,3,8,22,1,10,2024,0
2024-10-22 08:00:00,2906,8,2,8,22,1,10,2024,0
2024-10-22 09:00:00,2906,7,3,9,22,1,10,2024,0
2024-10-22 11:00:00,2906,5,3,11,22,1,10,2024,0
2024-10-22 12:00:00,2906,3,0,12,22,1,10,2024,0
2024-10-22 13:00:00,2906,2,2,13,22,1,10,2024,0
2024-10-22 14:00:00,2906,2,2,14,22,1,10,2024,0
2024-10-22 15:00:00,2906,5,3,15,22,1,10,2024,0
2024-10-22 15:00:00,2906,6,3,15,22,1,10,2024,0
2024-10-22 15:00:00,2906,8,2,15,22,1,10,2024,0
2024-10-22 18:00:00,2906,5,3,18,22,1,10,2024,0
2024-10-22 20:00:00,2906,5,3,20,22,1,10,2024,0
2024-10-23 01:00:00,2906,3,0,1,23,2,10,2024,0
2024-10-23 04:00:00,2906,5,3,4,23,2,10,2024,0
2024-10-23 05:00:00,2906,4,3,5,23,2,10,2024,0
2024-10-23 06:00:00,2906,7,3,6,23,2,10,2024,0
2024-10-23 06:00:00,2906,1,1,6,23,2,10,2024,0
2024-10-23 07:00:00,2906,8,2,7,23,2,10,2024,0
2024-10-23 11:00:00,2906,9,0,11,23,2,10,2024,0
2024-10-23 13:00:00,2906,5,3,13,23,2,10,2024,0
2024-10-23 14:00:00,2906,6,3,14,23,2,10,2024,0
2024-10-23 14:00:00,2906,2,2,14,23,2,10,2024,0
2024-10-23 14:00:00,2906,7,3,14,23,2,10,2024,0
2024-10-23 14:00:00,2906,3,0,14,23,2,10,2024,0
2024-10-23 14:00:00,2906,4,3,14,23,2,10,2024,0
2024-10-23 15:00:00,2906,2,2,15,23,2,10,2024,0
2024-10-23 20:00:00,2906,9,0,20,23,2,10,2024,0
2024-10-24 00:00:00,2906,6,3,0,24,3,10,2024,0
2024-10-24 01:00:00,2906,4,3,1,24,3,10,2024,0
2024-10-24 03:00:00,2906,7,3,3,24,3,10,2024,0
2024-10-24 04:00:00,2906,9,0,4,24,3,10,2024,0
2024-10-24 04:00:00,2906,3,0,4,24,3,10,2024,0
2024-10-24 07:00:00,2906,9,0,7,24,3,10,2024,0
2024-10-24 11:00:00,2906,6,3,11,24,3,10,2024,0
2024-10-24 11:00:00,2906,3,0,11,24,3,10,2024,0
2024-10-24 15:00:00,2906,1,1,15,24,3,10,2024,0
2024-10-24 16:00:00,2906,1,1,16,24,3,10,2024,0
2024-10-24 16:00:00,2906,8,2,16,24,3,10,2024,0
2024-10-24 18:00:00,2906,4,3,18,24,3,10,2024,0
2024-10-24 18:00:00,2906,2,2,18,24,3,10,2024,0
2024-10-24 19:00:00,2906,2,2,19,24,3,10,2024,0
2024-10-24 22:00:00,2906,8,2,22,24,3,10,2024,0
2024-10-24 22:00:00,2906,4,3,22,24,3,10,2024,0
2024-10-25 01:00:00,2906,6,3,1,25,4,10,2024,0
2024-10-25 04:00:00,2906,7,3,4,25,4,10,2024,0
2024-10-25 04:00:00,2906,9,0,4,25,4,10,2024,0
2024-10-25 04:00:00,2906,6,3,4,25,4,10,2024,0
2024-10-25 04:00:00,2906,4,3,4,25,4,10,2024,0
2024-10-25 06:00:00,2906,9,0,6,25,4,10,2024,0
2024-10-25 07:00:00,2906,6,3,7,25,4,10,2024,0
2024-10-25 09:00:00,2906,8,2,9,25,4,10,2024,0
2024-10-25 14:00:00,2906,2,2,14,25,4,10,2024,0
2024-10-25 16:00:00,2906,6,3,16,25,4,10,2024,0
2024-10-25 17:00:00,2906,5,3,17,25,4,10,2024,0
2024-10-25 17:00:00,2906,3,0,17,25,4,10,2024,0
2024-10-25 19:00:00,2906,3,0,19,25,4,10,2024,0
2024-10-25 19:00:00,2906,2,2,19,25,4,10,2024,0
2024-10-25 20:00:00,2906,5,3,20,25,4,10,2024,0
2024-10-25 20:00:00,2906,4,3,20,25,4,10,2024,0
2024-10-25 22:00:00,2906,6,3,22,25,4,10,2024,0
2024-10-25 23:00:00,2906,8,2,23,25,4,10,2024,0
2024-10-25 23:00:00,2906,5,3,23,25,4,10,2024,0
2024-10-26 03:00:00,2906,1,1,3,26,5,10,2024,1
2024-10-26 04:00:00,2906,8,2,4,26,5,10,2024,1
2024-10-26 04:00:00,2906,3,0,4,26,5,10,2024,1
2024-10-26 05:00:00,2906,4,3,5,26,5,10,2024,1
2024-10-26 07:00:00,2906,9,0,7,26,5,10,2024,1
2024-10-26 08:00:00,2906,5,3,8,26,5,10,2024,1
2024-10-26 09:00:00,2906,2,2,9,26,5,10,2024,1
2024-10-26 10:00:00,2906,3,0,10,26,5,10,2024,1
2024-10-26 13:00:00,2906,3,0,13,26,5,10,2024,1
2024-10-26 14:00:00,2906,2,2,14,26,5,10,2024,1
2024-10-26 15:00:00,2906,3,0,15,26,5,10,2024,1
2024-10-26 18:00:00,2906,5,3,18,26,5,10,2024,1
2024-10-26 19:00:00,2906,5,3,19,26,5,10,2024,1
2024-10-26 22:00:00,2906,7,3,22,26,5,10,2024,1
2024-10-26 23:00:00,2906,2,2,23,26,5,10,2024,1
2024-10-27 05:00:00,2906,4,3,5,27,6,10,2024,1
2024-10-27 06:00:00,2906,2,2,6,27,6,10,2024,1
2024-10-27 08:00:00,2906,1,1,8,27,6,10,2024,1
2024-10-27 10:00:00,2906,8,2,10,27,6,10,2024,1
2024-10-27 10:00:00,2906,7,3,10,27,6,10,2024,1
2024-10-27 11:00:00,2906,8,2,11,27,6,10,2024,1
2024-10-27 12:00:00,2906,6,3,12,27,6,10,2024,1
2024-10-27 14:00:00,2906,5,3,14,27,6,10,2024,1
2024-10-27 15:00:00,2906,2,2,15,27,6,10,2024,1
2024-10-27 16:00:00,2906,8,2,16,27,6,10,2024,1
2024-10-27 17:00:00,2906,1,1,17,27,6,10,2024,1
2024-10-27 17:00:00,2906,6,3,17,27,6,10,2024,1
2024-10-27 17:00:00,2906,8,2,17,27,6,10,2024,1
2024-10-27 20:00:00,2906,4,3,20,27,6,10,2024,1
2024-10-27 22:00:00,2906,5,3,22,27,6,10,2024,1
2024-10-28 00:00:00,2906,2,2,0,28,0,10,2024,0
2024-10-28 01:00:00,2906,2,2,1,28,0,10,2024,0
2024-10-28 01:00:00,2906,3,0,1,28,0,10,2024,0
2024-10-28 02:00:00,2906,8,2,2,28,0,10,2024,0
2024-10-28 08:00:00,2906,3,0,8,28,0,10,2024,0
2024-10-28 10:00:00,2906,2,2,10,28,0,10,2024,0
2024-10-28 12:00:00,2906,5,3,12,28,0,10,2024,0
2024-10-28 13:00:00,2906,9,0,13,28,0,10,2024,0
2024-10-28 15:00:00,2906,6,3,15,28,0,10,2024,0
2024-10-28 16:00:00,2906,2,2,16,28,0,10,2024,0
2024-10-28 16:00:00,2906,7,3,16,28,0,10,2024,0
2024-10-28 17:00:00,2906,5,3,17,28,0,10,2024,0
2024-10-28 18:00:00,2906,3,0,18,28,0,10,2024,0
2024-10-28 20:00:00,2906,3,0,20,28,0,10,2024,0
2024-10-28 20:00:00,2906,7,3,20,28,0,10,2024,0
2024-10-29 00:00:00,2906,5,3,0,29,1,10,2024,0
2024-10-29 01:00:00,2906,3,0,1,29,1,10,2024,0
2024-10-29 03:00:00,2906,4,3,3,29,1,10,2024,0
2024-10-29 05:00:00,2906,3,0,5,29,1,10,2024,0
2024-10-29 07:00:00,2906,7,3,7,29,1,10,2024,0
2024-10-29 09:00:00,2906,6,3,9,29,1,10,2024,0
2024-10-29 10:00:00,2906,4,3,10,29,1,10,2024,0
2024-10-29 14:00:00,2906,9,0,14,29,1,10,2024,0
2024-10-29 14:00:00,2906,6,3,14,29,1,10,2024,0
2024-10-29 16:00:00,2906,7,3,16,29,1,10,2024,0
2024-10-29 16:00:00,2906,2,2,16,29,1,10,2024,0
2024-10-29 17:00:00,2906,3,0,17,29,1,10,2024,0
2024-10-29 18:00:00,2906,3,0,18,29,1,10,2024,0
2024-10-29 19:00:00,2906,7,3,19,29,1,10,2024,0
2024-10-29 20:00:00,2906,8,2,20,29,1,10,2024,0
2024-10-29 20:00:00,2906,7,3,20,29,1,10,2024,0
2024-10-29 20:00:00,2906,6,3,20,29,1,10,2024,0
2024-10-29 22:00:00,2906,2,2,22,29,1,10,2024,0
2024-10-30 00:00:00,2906,4,3,0,30,2,10,2024,0
2024-10-30 00:00:00,2906,1,1,0,30,2,10,2024,0
2024-10-30 01:00:00,2906,6,3,1,30,2,10,2024,0
2024-10-30 07:00:00,2906,8,2,7,30,2,10,2024,0
2024-10-30 07:00:00,2906,4,3,7,30,2,10,2024,0
2024-10-30 08:00:00,2906,5,3,8,30,2,10,2024,0
2024-10-30 09:00:00,2906,6,3,9,30,2,10,2024,0
2024-10-30 11:00:00,2906,7,3,11,30,2,10,2024,0
2024-10-30 13:00:00,2906,1,1,13,30,2,10,2024,0
2024-10-30 17:00:00,2906,2,2,17,30,2,10,2024,0
2024-10-30 17:00:00,2906,1,1,17,30,2,10,2024,0
2024-10-30 18:00:00,2906,6,3,18,30,2,10,2024,0
2024-10-30 18:00:00,2906,9,0,18,30,2,10,2024,0
2024-10-30 18:00:00,2906,8,2,18,30,2,10,2024,0
2024-10-30 22:00:00,2906,3,0,22,30,2,10,2024,0
2024-10-31 00:00:00,2906,9,0,0,31,3,10,2024,0
2024-10-31 00:00:00,2906,6,3,0,31,3,10,2024,0
2024-10-31 01:00:00,2906,4,3,1,31,3,10,2024,0
2024-10-31 02:00:00,2906,1,1,2,31,3,10,2024,0
2024-10-31 02:00:00,2906,4,3,2,31,3,10,2024,0
2024-10-31 05:00:00,2906,5,3,5,31,3,10,2024,0
2024-10-31 05:00:00,2906,2,2,5,31,3,10,2024,0
2024-10-31 05:00:00,2906,8,2,5,31,3,10,2024,0
2024-10-31 05:00:00,2906,1,1,5,31,3,10,2024,0
2024-10-31 06:00:00,2906,3,0,6,31,3,10,2024,0
2024-10-31 06:00:00,2906,9,0,6,31,3,10,2024,0
2024-10-31 10:00:00,2906,2,2,10,31,3,10,2024,0
2024-10-31 11:00:00,2906,8,2,11,31,3,10,2024,0
2024-10-31 12:00:00,2906,1,1,12,31,3,10,2024,0
2024-10-31 15:00:00,2906,1,1,15,31,3,10,2024,0
2024-10-31 16:00:00,2906,2,2,16,31,3,10,2024,0
2024-10-31 18:00:00,2906,2,2,18,31,3,10,2024,0
2024-10-31 18:00:00,2906,5,3,18,31,3,10,2024,0
2024-10-31 19:00:00,2906,8,2,19,31,3,10,2024,0
2024-10-31 20:00:00,2906,5,3,20,31,3,10,2024,0
2024-10-31 21:00:00,2906,5,3,21,31,3,10,2024,0
2024-10-31 21:00:00,2906,2,2,21,31,3,10,2024,0
2024-10-31 22:00:00,2906,2,2,22,31,3,10,2024,0
2024-10-31 22:00:00,2906,8,2,22,31,3,10,2024,0
2024-10-31 23:00:00,2906,3,0,23,31,3,10,2024,0
2024-11-01 00:00:00,2906,8,2,0,1,4,11,2024,0
2024-11-01 03:00:00,2906,4,3,3,1,4,11,2024,0
2024-11-01 05:00:00,2906,8,2,5,1,4,11,2024,0
2024-11-01 06:00:00,2906,1,1,6,1,4,11,2024,0
2024-11-01 06:00:00,2906,4,3,6,1,4,11,2024,0
2024-11-01 06:00:00,2906,5,3,6,1,4,11,2024,0
2024-11-01 08:00:00,2906,2,2,8,1,4,11,2024,0
2024-11-01 10:00:00,2906,2,2,10,1,4,11,2024,0
2024-11-01 12:00:00,2906,3,0,12,1,4,11,2024,0
2024-11-01 13:00:00,2906,4,3,13,1,4,11,2024,0
2024-11-01 15:00:00,2906,6,3,15,1,4,11,2024,0
2024-11-01 17:00:00,2906,8,2,17,1,4,11,2024,0
2024-11-01 18:00:00,2906,5,3,18,1,4,11,2024,0
2024-11-01 19:00:00,2906,5,3,19,1,4,11,2024,0
2024-11-02 00:00:00,2906,7,3,0,2,5,11,2024,1
2024-11-02 00:00:00,2906,2,2,0,2,5,11,2024,1
2024-11-02 00:00:00,2906,1,1,0,2,5,11,2024,1
2024-11-02 02:00:00,2906,1,1,2,2,5,11,2024,1
2024-11-02 03:00:00,2906,8,2,3,2,5,11,2024,1
2024-11-02 03:00:00,2906,4,3,3,2,5,11,2024,1
2024-11-02 03:00:00,2906,3,0,3,2,5,11,2024,1
2024-11-02 05:00:00,2906,7,3,5,2,5,11,2024,1
2024-11-02 08:00:00,2906,8,2,8,2,5,11,2024,1
2024-11-02 09:00:00,2906,9,0,9,2,5,11,2024,1
2024-11-02 12:00:00,2906,2,2,12,2,5,11,2024,1
2024-11-02 12:00:00,2906,9,0,12,2,5,11,2024,1
2024-11-02 13:00:00,2906,5,3,13,2,5,11,2024,1
2024-11-02 19:00:00,2906,7,3,19,2,5,11,2024,1
2024-11-02 21:00:00,2906,1,1,21,2,5,11,2024,1
2024-11-02 21:00:00,2906,6,3,21,2,5,11,2024,1
2024-11-03 00:00:00,2906,8,2,0,3,6,11,2024,1
2024-11-03 01:00:00,2906,5,3,1,3,6,11,2024,1
2024-11-03 03:00:00,2906,1,1,3,3,6,11,2024,1
2024-11-03 04:00:00,2906,9,0,4,3,6,11,2024,1
2024-11-03 04:00:00,2906,1,1,4,3,6,11,2024,1
2024-11-03 05:00:00,2906,4,3,5,3,6,11,2024,1
2024-11-03 05:00:00,2906,9,0,5,3,6,11,2024,1
2024-11-03 05:00:00,2906,1,1,5,3,6,11,2024,1
2024-11-03 06:00:00,2906,1,1,6,3,6,11,2024,1
2024-11-03 08:00:00,2906,7,3,8,3,6,11,2024,1
2024-11-03 08:00:00,2906,8,2,8,3,6,11,2024,1
2024-11-03 08:00:00,2906,2,2,8,3,6,11,2024,1
2024-11-03 09:00:00,2906,7,3,9,3,6,11,2024,1
2024-11-03 10:00:00,2906,5,3,10,3,6,11,2024,1
2024-11-03 12:00:00,2906,6,3,12,3,6,11,2024,1
2024-11-03 14:00:00,2906,4,3,14,3,6,11,2024,1
2024-11-03 14:00:00,2906,9,0,14,3,6,11,2024,1
2024-11-03 15:00:00,2906,3,0,15,3,6,11,2024,1
2024-11-03 15:00:00,2906,9,0,15,3,6,11,2024,1
2024-11-03 16:00:00,2906,6,3,16,3,6,11,2024,1
2024-11-03 18:00:00,2906,5,3,18,3,6,11,2024,1
2024-11-03 18:00:00,2906,4,3,18,3,6,11,2024,1
2024-11-03 19:00:00,2906,9,0,19,3,6,11,2024,1
2024-11-03 21:00:00,2906,9,0,21,3,6,11,2024,1
2024-11-03 21:00:00,2906,7,3,21,3,6,11,2024,1
2024-11-03 22:00:00,2906,9,0,22,3,6,11,2024,1
2024-11-03 23:00:00,2906,2,2,23,3,6,11,2024,1
2024-11-03 23:00:00,2906,6,3,23,3,6,11,2024,1
2024-11-03 23:00:00,2906,1,1,23,3,6,11,2024,1
2024-11-04 01:00:00,2906,5,3,1,4,0,11,2024,0
2024-11-04 02:00:00,2906,3,0,2,4,0,11,2024,0
2024-11-04 05:00:00,2906,6,3,5,4,0,11,2024,0
2024-11-04 05:00:00,2906,3,0,5,4,0,11,2024,0
2024-11-04 08:00:00,2906,8,2,8,4,0,11,2024,0
2024-11-04 09:00:00,2906,8,2,9,4,0,11,2024,0
2024-11-04 12:00:00,2906,3,0,12,4,0,11,2024,0
2024-11-04 14:00:00,2906,5,3,14,4,0,11,2024,0
2024-11-04 15:00:00,2906,4,3,15,4,0,11,2024,0
2024-11-04 15:00:00,2906,6,3,15,4,0,11,2024,0
2024-11-04 17:00:00,2906,6,3,17,4,0,11,2024,0
2024-11-04 18:00:00,2906,6,3,18,4,0,11,2024,0
2024-11-04 19:00:00,2906,3,0,19,4,0,11,2024,0
2024-11-05 00:00:00,2906,6,3,0,5,1,11,2024,0
2024-11-05 00:00:00,2906,8,2,0,5,1,11,2024,0
2024-11-05 01:00:00,2906,8,2,1,5,1,11,2024,0
2024-11-05 03:00:00,2906,5,3,3,5,1,11,2024,0
2024-11-05 04:00:00,2906,4,3,4,5,1,11,2024,0
2024-11-05 05:00:00,2906,1,1,5,5,1,11,2024,0
2024-11-05 06:00:00,2906,6,3,6,5,1,11,2024,0
2024-11-05 08:00:00,2906,7,3,8,5,1,11,2024,0
2024-11-05 08:00:00,2906,8,2,8,5,1,11,2024,0
2024-11-05 09:00:00,2906,7,3,9,5,1,11,2024,0
2024-11-05 13:00:00,2906,6,3,13,5,1,11,2024,0
2024-11-05 13:00:00,2906,4,3,13,5,1,11,2024,0
2024-11-05 13:00:00,2906,1,1,13,5,1,11,2024,0
2024-11-05 18:00:00,2906,8,2,18,5,1,11,2024,0
2024-11-05 18:00:00,2906,2,2,18,5,1,11,2024,0
2024-11-05 18:00:00,2906,9,0,18,5,1,11,2024,0
2024-11-05 23:00:00,2906,3,0,23,5,1,11,2024,0
2024-11-06 05:00:00,2906,8,2,5,6,2,11,2024,0
2024-11-06 05:00:00,2906,9,0,5,6,2,11,2024,0
2024-11-06 05:00:00,2906,1,1,5,6,2,11,2024,0
2024-11-06 07:00:00,2906,7,3,7,6,2,11,2024,0
2024-11-06 11:00:00,2906,4,3,11,6,2,11,2024,0
2024-11-06 11:00:00,2906,7,3,11,6,2,11,2024,0
2024-11-06 12:00:00,2906,4,3,12,6,2,11,2024,0
2024-11-06 12:00:00,2906,3,0,12,6,2,11,2024,0
2024-11-06 20:00:00,2906,7,3,20,6,2,11,2024,0
2024-11-06 22:00:00,2906,7,3,22,6,2,11,2024,0
2024-11-06 22:00:00,2906,9,0,22,6,2,11,2024,0
2024-11-06 23:00:00,2906,3,0,23,6,2,11,2024,0
2024-11-07 01:00:00,2906,9,0,1,7,3,11,2024,0
2024-11-07 03:00:00,2906,8,2,3,7,3,11,2024,0
2024-11-07 04:00:00,2906,4,3,4,7,3,11,2024,0
2024-11-07 05:00:00,2906,7,3,5,7,3,11,2024,0
2024-11-07 06:00:00,2906,6,3,6,7,3,11,2024,0
2024-11-07 13:00:00,2906,5,3,13,7,3,11,2024,0
2024-11-07 18:00:00,2906,6,3,18,7,3,11,2024,0
2024-11-07 20:00:00,2906,4,3,20,7,3,11,2024,0
2024-11-07 21:00:00,2906,9,0,21,7,3,11,2024,0
2024-11-07 22:00:00,2906,5,3,22,7,3,11,2024,0
2024-11-07 22:00:00,2906,8,2,22,7,3,11,2024,0
2024-11-07 23:00:00,2906,1,1,23,7,3,11,2024,0
2024-11-08 01:00:00,2906,7,3,1,8,4,11,2024,0
2024-11-08 03:00:00,2906,8,2,3,8,4,11,2024,0
2024-11-08 03:00:00,2906,4,3,3,8,4,11,2024,0
2024-11-08 03:00:00,2906,3,0,3,8,4,11,2024,0
2024-11-08 04:00:00,2906,9,0,4,8,4,11,2024,0
2024-11-08 04:00:00,2906,3,0,4,8,4,11,2024,0
2024-11-08 05:00:00,2906,7,3,5,8,4,11,2024,0
2024-11-08 07:00:00,2906,2,2,7,8,4,11,2024,0
2024-11-08 08:00:00,2906,3,0,8,8,4,11,2024,0
2024-11-08 17:00:00,2906,1,1,17,8,4,11,2024,0
2024-11-08 17:00:00,2906,2,2,17,8,4,11,2024,0
2024-11-08 17:00:00,2906,9,0,17,8,4,11,2024,0
2024-11-08 19:00:00,2906,9,0,19,8,4,11,2024,0
2024-11-08 19:00:00,2906,5,3,19,8,4,11,2024,0
2024-11-08 21:00:00,2906,8,2,21,8,4,11,2024,0
2024-11-08 22:00:00,2906,5,3,22,8,4,11,2024,0
2024-11-09 00:00:00,2906,3,0,0,9,5,11,2024,1
2024-11-09 01:00:00,2906,9,0,1,9,5,11,2024,1
2024-11-09 05:00:00,2906,6,3,5,9,5,11,2024,1
2024-11-09 06:00:00,2906,7,3,6,9,5,11,2024,1
2024-11-09 06:00:00,2906,4,3,6,9,5,11,2024,1
2024-11-09 07:00:00,2906,8,2,7,9,5,11,2024,1
2024-11-09 07:00:00,2906,3,0,7,9,5,11,2024,1
2024-11-09 08:00:00,2906,4,3,8,9,5,11,2024,1
2024-11-09 08:00:00,2906,8,2,8,9,5,11,2024,1
2024-11-09 08:00:00,2906,3,0,8,9,5,11,2024,1
2024-11-09 11:00:00,2906,2,2,11,9,5,11,2024,1
2024-11-09 11:00:00,2906,1,1,11,9,5,11,2024,1
2024-11-09 14:00:00,2906,4,3,14,9,5,11,2024,1
2024-11-09 17:00:00,2906,9,0,17,9,5,11,2024,1
2024-11-09 18:00:00,2906,5,3,18,9,5,11,2024,1
2024-11-09 21:00:00,2906,7,3,21,9,5,11,2024,1
2024-11-09 21:00:00,2906,4,3,21,9,5,11,2024,1
2024-11-10 01:00:00,2906,6,3,1,10,6,11,2024,1
2024-11-10 02:00:00,2906,4,3,2,10,6,11,2024,1
2024-11-10 07:00:00,2906,5,3,7,10,6,11,2024,1
2024-11-10 09:00:00,2906,3,0,9,10,6,11,2024,1
2024-11-10 09:00:00,2906,9,0,9,10,6,11,2024,1
2024-11-10 11:00:00,2906,4,3,11,10,6,11,2024,1
2024-11-10 11:00:00,2906,2,2,11,10,6,11,2024,1
2024-11-10 11:00:00,2906,1,1,11,10,6,11,2024,1
2024-11-10 11:00:00,2906,3,0,11,10,6,11,2024,1
2024-11-10 11:00:00,2906,9,0,11,10,6,11,2024,1
2024-11-10 12:00:00,2906,1,1,12,10,6,11,2024,1
2024-11-10 14:00:00,2906,1,1,14,10,6,11,2024,1
2024-11-10 15:00:00,2906,3,0,15,10,6,11,2024,1
2024-11-10 16:00:00,2906,2,2,16,10,6,11,2024,1
2024-11-10 19:00:00,2906,7,3,19,10,6,11,2024,1
2024-11-10 21:00:00,2906,5,3,21,10,6,11,2024,1
2024-11-11 02:00:00,2906,9,0,2,11,0,11,2024,0
2024-11-11 02:00:00,2906,3,0,2,11,0,11,2024,0
2024-11-11 05:00:00,2906,6,3,5,11,0,11,2024,0
2024-11-11 06:00:00,2906,5,3,6,11,0,11,2024,0
2024-11-11 07:00:00,2906,7,3,7,11,0,11,2024,0
2024-11-11 08:00:00,2906,3,0,8,11,0,11,2024,0
2024-11-11 09:00:00,2906,5,3,9,11,0,11,2024,0
2024-11-11 10:00:00,2906,4,3,10,11,0,11,2024,0
2024-11-11 12:00:00,2906,7,3,12,11,0,11,2024,0
2024-11-11 15:00:00,2906,8,2,15,11,0,11,2024,0
2024-11-11 16:00:00,2906,1,1,16,11,0,11,2024,0
2024-11-11 17:00:00,2906,9,0,17,11,0,11,2024,0
2024-11-11 18:00:00,2906,1,1,18,11,0,11,2024,0
2024-11-11 18:00:00,2906,5,3,18,11,0,11,2024,0
2024-11-11 18:00:00,2906,4,3,18,11,0,11,2024,0
2024-11-11 18:00:00,2906,8,2,18,11,0,11,2024,0
2024-11-11 19:00:00,2906,7,3,19,11,0,11,2024,0
2024-11-11 20:00:00,2906,1,1,20,11,0,11,2024,0
2024-11-11 22:00:00,2906,3,0,22,11,0,11,2024,0
2024-11-11 22:00:00,2906,7,3,22,11,0,11,2024,0
2024-11-11 22:00:00,2906,2,2,22,11,0,11,2024,0
2024-11-11 22:00:00,2906,6,3,22,11,0,11,2024,0
2024-11-11 23:00:00,2906,3,0,23,11,0,11,2024,0
2024-11-12 00:00:00,2906,3,0,0,12,1,11,2024,0
2024-11-12 01:00:00,2906,7,3,1,12,1,11,2024,0
2024-11-12 02:00:00,2906,4,3,2,12,1,11,2024,0
2024-11-12 03:00:00,2906,1,1,3,12,1,11,2024,0
2024-11-12 04:00:00,2906,2,2,4,12,1,11,2024,0
2024-11-12 05:00:00,2906,9,0,5,12,1,11,2024,0
2024-11-12 06:00:00,2906,4,3,6,12,1,11,2024,0
2024-11-12 06:00:00,2906,3,0,6,12,1,11,2024,0
2024-11-12 07:00:00,2906,6,3,7,12,1,11,2024,0
2024-11-12 10:00:00,2906,4,3,10,12,1,11,2024,0
2024-11-12 10:00:00,2906,3,0,10,12,1,11,2024,0
2024-11-12 13:00:00,2906,5,3,13,12,1,11,2024,0
2024-11-12 13:00:00,2906,2,2,13,12,1,11,2024,0
2024-11-12 14:00:00,2906,6,3,14,12,1,11,2024,0
2024-11-12 15:00:00,2906,4,3,15,12,1,11,2024,0
2024-11-12 19:00:00,2906,9,0,19,12,1,11,2024,0
2024-11-12 21:00:00,2906,4,3,21,12,1,11,2024,0
2024-11-12 21:00:00,2906,3,0,21,12,1,11,2024,0
2024-11-12 23:00:00,2906,5,3,23,12,1,11,2024,0
2024-11-12 23:00:00,2906,1,1,23,12,1,11,2024,0
2024-11-13 07:00:00,2906,4,3,7,13,2,11,2024,0
2024-11-13 07:00:00,2906,7,3,7,13,2,11,2024,0
2024-11-13 11:00:00,2906,5,3,11,13,2,11,2024,0
2024-11-13 11:00:00,2906,1,1,11,13,2,11,2024,0
2024-11-13 13:00:00,2906,3,0,13,13,2,11,2024,0
2024-11-13 14:00:00,2906,5,3,14,13,2,11,2024,0
2024-11-13 18:00:00,2906,1,1,18,13,2,11,2024,0
2024-11-13 21:00:00,2906,2,2,21,13,2,11,2024,0
2024-11-14 00:00:00,2906,8,2,0,14,3,11,2024,0
2024-11-14 01:00:00,2906,7,3,1,14,3,11,2024,0
2024-11-14 02:00:00,2906,3,0,2,14,3,11,2024,0
2024-11-14 04:00:00,2906,5,3,4,14,3,11,2024,0
2024-11-14 04:00:00,2906,6,3,4,14,3,11,2024,0
2024-11-14 05:00:00,2906,7,3,5,14,3,11,2024,0
2024-11-14 07:00:00,2906,8,2,7,14,3,11,2024,0
2024-11-14 08:00:00,2906,4,3,8,14,3,11,2024,0
2024-11-14 09:00:00,2906,3,0,9,14,3,11,2024,0
2024-11-14 11:00:00,2906,8,2,11,14,3,11,2024,0
2024-11-14 14:00:00,2906,1,1,14,14,3,11,2024,0
2024-11-14 14:00:00,2906,8,2,14,14,3,11,2024,0
2024-11-14 16:00:00,2906,4,3,16,14,3,11,2024,0
2024-11-14 16:00:00,2906,1,1,16,14,3,11,2024,0
2024-11-14 17:00:00,2906,4,3,17,14,3,11,2024,0
2024-11-14 19:00:00,2906,3,0,19,14,3,11,2024,0
2024-11-14 20:00:00,2906,5,3,20,14,3,11,2024,0
2024-11-14 21:00:00,2906,3,0,21,14,3,11,2024,0
2024-11-15 01:00:00,2906,7,3,1,15,4,11,2024,0
2024-11-15 01:00:00,2906,1,1,1,15,4,11,2024,0
2024-11-15 04:00:00,2906,1,1,4,15,4,11,2024,0
2024-11-15 04:00:00,2906,4,3,4,15,4,11,2024,0
2024-11-15 07:00:00,2906,2,2,7,15,4,11,2024,0
2024-11-15 08:00:00,2906,6,3,8,15,4,11,2024,0
2024-11-15 09:00:00,2906,4,3,9,15,4,11,2024,0
2024-11-15 09:00:00,2906,5,3,9,15,4,11,2024,0
2024-11-15 09:00:00,2906,6,3,9,15,4,11,2024,0
2024-11-15 09:00:00,2906,9,0,9,15,4,11,2024,0
2024-11-15 10:00:00,2906,2,2,10,15,4,11,2024,0
2024-11-15 11:00:00,2906,2,2,11,15,4,11,2024,0
2024-11-15 13:00:00,2906,3,0,13,15,4,11,2024,0
2024-11-15 13:00:00,2906,2,2,13,15,4,11,2024,0
2024-11-15 14:00:00,2906,4,3,14,15,4,11,2024,0
2024-11-15 16:00:00,2906,9,0,16,15,4,11,2024,0
2024-11-15 18:00:00,2906,7,3,18,15,4,11,2024,0
2024-11-15 20:00:00,2906,1,1,20,15,4,11,2024,0
2024-11-15 20:00:00,2906,5,3,20,15,4,11,2024,0
2024-11-15 20:00:00,2906,4,3,20,15,4,11,2024,0
2024-11-15 22:00:00,2906,3,0,22,15,4,11,2024,0
2024-11-16 00:00:00,2906,5,3,0,16,5,11,2024,1
2024-11-16 02:00:00,2906,2,2,2,16,5,11,2024,1
2024-11-16 05:00:00,2906,3,0,5,16,5,11,2024,1
2024-11-16 05:00:00,2906,2,2,5,16,5,11,2024,1
2024-11-16 05:00:00,2906,5,3,5,16,5,11,2024,1
2024-11-16 08:00:00,2906,9,0,8,16,5,11,2024,1
2024-11-16 08:00:00,2906,7,3,8,16,5,11,2024,1
2024-11-16 12:00:00,2906,4,3,12,16,5,11,2024,1
2024-11-16 16:00:00,2906,1,1,16,16,5,11,2024,1
2024-11-16 16:00:00,2906,4,3,16,16,5,11,2024,1
2024-11-16 17:00:00,2906,5,3,17,16,5,11,2024,1
2024-11-16 20:00:00,2906,1,1,20,16,5,11,2024,1
2024-11-16 21:00:00,2906,1,1,21,16,5,11,2024,1
2024-11-16 21:00:00,2906,7,3,21,16,5,11,2024,1
2024-11-17 00:00:00,2906,9,0,0,17,6,11,2024,1
2024-11-17 02:00:00,2906,1,1,2,17,6,11,2024,1
2024-11-17 03:00:00,2906,6,3,3,17,6,11,2024,1
2024-11-17 03:00:00,2906,3,0,3,17,6,11,2024,1
2024-11-17 04:00:00,2906,6,3,4,17,6,11,2024,1
2024-11-17 04:00:00,2906,7,3,4,17,6,11,2024,1
2024-11-17 09:00:00,2906,1,1,9,17,6,11,2024,1
2024-11-17 09:00:00,2906,7,3,9,17,6,11,2024,1
2024-11-17 10:00:00,2906,4,3,10,17,6,11,2024,1
2024-11-17 11:00:00,2906,1,1,11,17,6,11,2024,1
2024-11-17 12:00:00,2906,9,0,12,17,6,11,2024,1
2024-11-17 13:00:00,2906,8,2,13,17,6,11,2024,1
2024-11-17 14:00:00,2906,7,3,14,17,6,11,2024,1
2024-11-17 15:00:00,2906,9,0,15,17,6,11,2024,1
2024-11-17 17:00:00,2906,1,1,17,17,6,11,2024,1
2024-11-17 17:00:00,2906,7,3,17,17,6,11,2024,1
2024-11-18 00:00:00,2906,3,0,0,18,0,11,2024,0
2024-11-18 03:00:00,2906,7,3,3,18,0,11,2024,0
2024-11-18 04:00:00,2906,4,3,4,18,0,11,2024,0
2024-11-18 04:00:00,2906,3,0,4,18,0,11,2024,0
2024-11-18 05:00:00,2906,9,0,5,18,0,11,2024,0
2024-11-18 06:00:00,2906,8,2,6,18,0,11,2024,0
2024-11-18 07:00:00,2906,6,3,7,18,0,11,2024,0
2024-11-18 07:00:00,2906,7,3,7,18,0,11,2024,0
2024-11-18 08:00:00,2906,6,3,8,18,0,11,2024,0
2024-11-18 09:00:00,2906,4,3,9,18,0,11,2024,0
2024-11-18 12:00:00,2906,4,3,12,18,0,11,2024,0
2024-11-18 12:00:00,2906,1,1,12,18,0,11,2024,0
2024-11-18 14:00:00,2906,5,3,14,18,0,11,2024,0
2024-11-18 15:00:00,2906,7,3,15,18,0,11,2024,0
2024-11-18 15:00:00,2906,2,2,15,18,0,11,2024,0
2024-11-18 18:00:00,2906,2,2,18,18,0,11,2024,0
2024-11-18 19:00:00,2906,3,0,19,18,0,11,2024,0
2024-11-18 22:00:00,2906,4,3,22,18,0,11,2024,0
2024-11-18 23:00:00,2906,7,3,23,18,0,11,2024,0
2024-11-18 23:00:00,2906,2,2,23,18,0,11,2024,0
2024-11-18 23:00:00,2906,3,0,23,18,0,11,2024,0
2024-11-19 01:00:00,2906,1,1,1,19,1,11,2024,0
2024-11-19 01:00:00,2906,8,2,1,19,1,11,2024,0
2024-11-19 02:00:00,2906,1,1,2,19,1,11,2024,0
2024-11-19 02:00:00,2906,3,0,2,19,1,11,2024,0
2024-11-19 03:00:00,2906,3,0,3,19,1,11,2024,0
2024-11-19 05:00:00,2906,5,3,5,19,1,11,2024,0
2024-11-19 06:00:00,2906,6,3,6,19,1,11,2024,0
2024-11-19 06:00:00,2906,3,0,6,19,1,11,2024,0
2024-11-19 06:00:00,2906,5,3,6,19,1,11,2024,0
2024-11-19 07:00:00,2906,3,0,7,19,1,11,2024,0
2024-11-19 08:00:00,2906,5,3,8,19,1,11,2024,0
2024-11-19 08:00:00,2906,4,3,8,19,1,11,2024,0
2024-11-19 10:00:00,2906,1,1,10,19,1,11,2024,0
2024-11-19 11:00:00,2906,5,3,11,19,1,11,2024,0
2024-11-19 13:00:00,2906,2,2,13,19,1,11,2024,0
2024-11-19 16:00:00,2906,4,3,16,19,1,11,2024,0
2024-11-19 17:00:00,2906,6,3,17,19,1,11,2024,0
2024-11-19 19:00:00,2906,3,0,19,19,1,11,2024,0
2024-11-19 22:00:00,2906,1,1,22,19,1,11,2024,0
2024-11-20 00:00:00,2906,7,3,0,20,2,11,2024,0
2024-11-20 00:00:00,2906,3,0,0,20,2,11,2024,0
2024-11-20 02:00:00,2906,7,3,2,20,2,11,2024,0
2024-11-20 04:00:00,2906,3,0,4,20,2,11,2024,0
2024-11-20 09:00:00,2906,2,2,9,20,2,11,2024,0
2024-11-20 09:00:00,2906,4,3,9,20,2,11,2024,0
2024-11-20 11:00:00,2906,2,2,11,20,2,11,2024,0
2024-11-20 13:00:00,2906,2,2,13,20,2,11,2024,0
2024-11-20 13:00:00,2906,6,3,13,20,2,11,2024,0
2024-11-20 16:00:00,2906,3,0,16,20,2,11,2024,0
2024-11-20 16:00:00,2906,8,2,16,20,2,11,2024,0
2024-11-20 20:00:00,2906,4,3,20,20,2,11,2024,0
2024-11-20 21:00:00,2906,6,3,21,20,2,11,2024,0
2024-11-20 21:00:00,2906,7,3,21,20,2,11,2024,0
2024-11-20 22:00:00,2906,4,3,22,20,2,11,2024,0
2024-11-21 01:00:00,2906,6,3,1,21,3,11,2024,0
2024-11-21 02:00:00,2906,7,3,2,21,3,11,2024,0
2024-11-21 02:00:00,2906,4,3,2,21,3,11,2024,0
2024-11-21 05:00:00,2906,8,2,5,21,3,11,2024,0
2024-11-21 05:00:00,2906,4,3,5,21,3,11,2024,0
2024-11-21 05:00:00,2906,3,0,5,21,3,11,2024,0
2024-11-21 06:00:00,2906,1,1,6,21,3,11,2024,0
2024-11-21 06:00:00,2906,5,3,6,21,3,11,2024,0
2024-11-21 07:00:00,2906,3,0,7,21,3,11,2024,0
2024-11-21 08:00:00,2906,1,1,8,21,3,11,2024,0
2024-11-21 18:00:00,2906,9,0,18,21,3,11,2024,0
2024-11-21 19:00:00,2906,3,0,19,21,3,11,2024,0
2024-11-21 20:00:00,2906,7,3,20,21,3,11,2024,0
2024-11-21 21:00:00,2906,1,1,21,21,3,11,2024,0
2024-11-21 21:00:00,2906,7,3,21,21,3,11,2024,0
2024-11-21 21:00:00,2906,3,0,21,21,3,11,2024,0
2024-11-21 21:00:00,2906,5,3,21,21,3,11,2024,0
2024-11-22 00:00:00,2906,7,3,0,22,4,11,2024,0
2024-11-22 02:00:00,2906,9,0,2,22,4,11,2024,0
2024-11-22 04:00:00,2906,8,2,4,22,4,11,2024,0
2024-11-22 04:00:00,2906,2,2,4,22,4,11,2024,0
2024-11-22 07:00:00,2906,1,1,7,22,4,11,2024,0
2024-11-22 08:00:00,2906,5,3,8,22,4,11,2024,0
2024-11-22 14:00:00,2906,8,2,14,22,4,11,2024,0
2024-11-22 15:00:00,2906,2,2,15,22,4,11,2024,0
2024-11-22 17:00:00,2906,1,1,17,22,4,11,2024,0
2024-11-23 01:00:00,2906,7,3,1,23,5,11,2024,1
2024-11-23 01:00:00,2906,2,2,1,23,5,11,2024,1
2024-11-23 02:00:00,2906,9,0,2,23,5,11,2024,1
2024-11-23 03:00:00,2906,1,1,3,23,5,11,2024,1
2024-11-23 03:00:00,2906,7,3,3,23,5,11,2024,1
2024-11-23 05:00:00,2906,3,0,5,23,5,11,2024,1
2024-11-23 05:00:00,2906,1,1,5,23,5,11,2024,1
2024-11-23 07:00:00,2906,9,0,7,23,5,11,2024,1
2024-11-23 08:00:00,2906,8,2,8,23,5,11,2024,1
2024-11-23 08:00:00,2906,9,0,8,23,5,11,2024,1
2024-11-23 09:00:00,2906,6,3,9,23,5,11,2024,1
2024-11-23 10:00:00,2906,6,3,10,23,5,11,2024,1
2024-11-23 10:00:00,2906,1,1,10,23,5,11,2024,1
2024-11-23 15:00:00,2906,3,0,15,23,5,11,2024,1
2024-11-23 15:00:00,2906,5,3,15,23,5,11,2024,1
2024-11-23 16:00:00,2906,5,3,16,23,5,11,2024,1
2024-11-23 16:00:00,2906,6,3,16,23,5,11,2024,1
2024-11-23 18:00:00,2906,5,3,18,23,5,11,2024,1
2024-11-23 19:00:00,2906,1,1,19,23,5,11,2024,1
2024-11-23 20:00:00,2906,4,3,20,23,5,11,2024,1
2024-11-23 23:00:00,2906,8,2,23,23,5,11,2024,1
2024-11-24 00:00:00,2906,1,1,0,24,6,11,2024,1
2024-11-24 04:00:00,2906,1,1,4,24,6,11,2024,1
2024-11-24 04:00:00,2906,6,3,4,24,6,11,2024,1
2024-11-24 05:00:00,2906,4,3,5,24,6,11,2024,1
2024-11-24 10:00:00,2906,9,0,10,24,6,11,2024,1
2024-11-24 10:00:00,2906,5,3,10,24,6,11,2024,1
2024-11-24 14:00:00,2906,1,1,14,24,6,11,2024,1
2024-11-24 15:00:00,2906,4,3,15,24,6,11,2024,1
2024-11-24 15:00:00,2906,7,3,15,24,6,11,2024,1
2024-11-24 19:00:00,2906,3,0,19,24,6,11,2024,1
2024-11-24 19:00:00,2906,7,3,19,24,6,11,2024,1
2024-11-24 20:00:00,2906,9,0,20,24,6,11,2024,1
2024-11-25 02:00:00,2906,2,2,2,25,0,11,2024,0
2024-11-25 02:00:00,2906,8,2,2,25,0,11,2024,0
2024-11-25 03:00:00,2906,4,3,3,25,0,11,2024,0
2024-11-25 06:00:00,2906,7,3,6,25,0,11,2024,0
2024-11-25 07:00:00,2906,6,3,7,25,0,11,2024,0
2024-11-25 08:00:00,2906,2,2,8,25,0,11,2024,0
2024-11-25 11:00:00,2906,2,2,11,25,0,11,2024,0
2024-11-25 12:00:00,2906,8,2,12,25,0,11,2024,0
2024-11-25 12:00:00,2906,9,0,12,25,0,11,2024,0
2024-11-25 13:00:00,2906,5,3,13,25,0,11,2024,0
2024-11-25 13:00:00,2906,2,2,13,25,0,11,2024,0
2024-11-25 13:00:00,2906,3,0,13,25,0,11,2024,0
2024-11-25 13:00:00,2906,4,3,13,25,0,11,2024,0
2024-11-25 14:00:00,2906,1,1,14,25,0,11,2024,0
2024-11-25 20:00:00,2906,8,2,20,25,0,11,2024,0
2024-11-25 21:00:00,2906,4,3,21,25,0,11,2024,0
2024-11-26 00:00:00,2906,8,2,0,26,1,11,2024,0
2024-11-26 01:00:00,2906,2,2,1,26,1,11,2024,0
2024-11-26 03:00:00,2906,6,3,3,26,1,11,2024,0
2024-11-26 04:00:00,2906,6,3,4,26,1,11,2024,0
2024-11-26 04:00:00,2906,7,3,4,26,1,11,2024,0
2024-11-26 08:00:00,2906,3,0,8,26,1,11,2024,0
2024-11-26 10:00:00,2906,9,0,10,26,1,11,2024,0
2024-11-26 11:00:00,2906,7,3,11,26,1,11,2024,0
2024-11-26 12:00:00,2906,4,3,12,26,1,11,2024,0
2024-11-26 13:00:00,2906,3,0,13,26,1,11,2024,0
2024-11-26 15:00:00,2906,6,3,15,26,1,11,2024,0
2024-11-26 16:00:00,2906,6,3,16,26,1,11,2024,0
2024-11-26 17:00:00,2906,8,2,17,26,1,11,2024,0
2024-11-26 18:00:00,2906,6,3,18,26,1,11,2024,0
2024-11-26 18:00:00,2906,2,2,18,26,1,11,2024,0
2024-11-26 19:00:00,2906,1,1,19,26,1,11,2024,0
2024-11-26 19:00:00,2906,3,0,19,26,1,11,2024,0
2024-11-26 20:00:00,2906,1,1,20,26,1,11,2024,0
2024-11-27 01:00:00,2906,7,3,1,27,2,11,2024,0
2024-11-27 03:00:00,2906,6,3,3,27,2,11,2024,0
2024-11-27 04:00:00,2906,5,3,4,27,2,11,2024,0
2024-11-27 04:00:00,2906,4,3,4,27,2,11,2024,0
2024-11-27 10:00:00,2906,1,1,10,27,2,11,2024,0
2024-11-27 10:00:00,2906,5,3,10,27,2,11,2024,0
2024-11-27 11:00:00,2906,2,2,11,27,2,11,2024,0
2024-11-27 14:00:00,2906,4,3,14,27,2,11,2024,0
2024-11-27 14:00:00,2906,1,1,14,27,2,11,2024,0
2024-11-27 15:00:00,2906,7,3,15,27,2,11,2024,0
2024-11-27 17:00:00,2906,7,3,17,27,2,11,2024,0
2024-11-27 18:00:00,2906,7,3,18,27,2,11,2024,0
2024-11-27 19:00:00,2906,9,0,19,27,2,11,2024,0
2024-11-27 19:00:00,2906,3,0,19,27,2,11,2024,0
2024-11-27 20:00:00,2906,4,3,20,27,2,11,2024,0
2024-11-27 20:00:00,2906,9,0,20,27,2,11,2024,0
2024-11-27 23:00:00,2906,9,0,23,27,2,11,2024,0
2024-11-27 23:00:00,2906,8,2,23,27,2,11,2024,0
2024-11-28 00:00:00,2906,5,3,0,28,3,11,2024,0
2024-11-28 00:00:00,2906,4,3,0,28,3,11,2024,0
2024-11-28 01:00:00,2906,2,2,1,28,3,11,2024,0
2024-11-28 03:00:00,2906,1,1,3,28,3,11,2024,0
2024-11-28 06:00:00,2906,9,0,6,28,3,11,2024,0
2024-11-28 10:00:00,2906,7,3,10,28,3,11,2024,0
2024-11-28 11:00:00,2906,6,3,11,28,3,11,2024,0
2024-11-28 11:00:00,2906,9,0,11,28,3,11,2024,0
2024-11-28 12:00:00,2906,9,0,12,28,3,11,2024,0
2024-11-28 14:00:00,2906,5,3,14,28,3,11,2024,0
2024-11-28 17:00:00,2906,1,1,17,28,3,11,2024,0
2024-11-28 18:00:00,2906,7,3,18,28,3,11,2024,0
2024-11-28 18:00:00,2906,6,3,18,28,3,11,2024,0
2024-11-28 18:00:00,2906,2,2,18,28,3,11,2024,0
2024-11-28 19:00:00,2906,9,0,19,28,3,11,2024,0
2024-11-28 19:00:00,2906,8,2,19,28,3,11,2024,0
2024-11-28 22:00:00,2906,5,3,22,28,3,11,2024,0
2024-11-29 01:00:00,2906,6,3,1,29,4,11,2024,0
2024-11-29 05:00:00,2906,7,3,5,29,4,11,2024,0
2024-11-29 05:00:00,2906,6,3,5,29,4,11,2024,0
2024-11-29 05:00:00,2906,4,3,5,29,4,11,2024,0
2024-11-29 07:00:00,2906,5,3,7,29,4,11,2024,0
2024-11-29 09:00:00,2906,1,1,9,29,4,11,2024,0
2024-11-29 09:00:00,2906,3,0,9,29,4,11,2024,0
2024-11-29 11:00:00,2906,8,2,11,29,4,11,2024,0
2024-11-29 15:00:00,2906,3,0,15,29,4,11,2024,0
2024-11-29 16:00:00,2906,1,1,16,29,4,11,2024,0
2024-11-29 16:00:00,2906,7,3,16,29,4,11,2024,0
2024-11-29 16:00:00,2906,4,3,16,29,4,11,2024,0
2024-11-29 17:00:00,2906,8,2,17,29,4,11,2024,0
2024-11-29 18:00:00,2906,6,3,18,29,4,11,2024,0
2024-11-29 20:00:00,2906,9,0,20,29,4,11,2024,0
2024-11-29 20:00:00,2906,3,0,20,29,4,11,2024,0
2024-11-29 22:00:00,2906,9,0,22,29,4,11,2024,0
2024-11-29 22:00:00,2906,5,3,22,29,4,11,2024,0
2024-11-29 23:00:00,2906,9,0,23,29,4,11,2024,0
2024-11-30 02:00:00,2906,8,2,2,30,5,11,2024,1
2024-11-30 03:00:00,2906,2,2,3,30,5,11,2024,1
2024-11-30 05:00:00,2906,2,2,5,30,5,11,2024,1
2024-11-30 08:00:00,2906,5,3,8,30,5,11,2024,1
2024-11-30 08:00:00,2906,2,2,8,30,5,11,2024,1
2024-11-30 10:00:00,2906,8,2,10,30,5,11,2024,1
2024-11-30 18:00:00,2906,9,0,18,30,5,11,2024,1
2024-11-30 19:00:00,2906,1,1,19,30,5,11,2024,1
2024-11-30 21:00:00,2906,9,0,21,30,5,11,2024,1
2024-11-30 23:00:00,2906,1,1,23,30,5,11,2024,1
2024-12-01 00:00:00,2906,2,2,0,1,6,12,2024,1
2024-12-01 02:00:00,2906,9,0,2,1,6,12,2024,1
2024-12-01 07:00:00,2906,6,3,7,1,6,12,2024,1
2024-12-01 09:00:00,2906,8,2,9,1,6,12,2024,1
2024-12-01 09:00:00,2906,6,3,9,1,6,12,2024,1
2024-12-01 10:00:00,2906,1,1,10,1,6,12,2024,1
2024-12-01 12:00:00,2906,1,1,12,1,6,12,2024,1
2024-12-01 15:00:00,2906,1,1,15,1,6,12,2024,1
2024-12-01 16:00:00,2906,5,3,16,1,6,12,2024,1
2024-12-01 17:00:00,2906,6,3,17,1,6,12,2024,1
2024-12-01 18:00:00,2906,9,0,18,1,6,12,2024,1
2024-12-01 19:00:00,2906,9,0,19,1,6,12,2024,1
2024-12-01 20:00:00,2906,2,2,20,1,6,12,2024,1
2024-12-01 21:00:00,2906,6,3,21,1,6,12,2024,1
2024-12-01 22:00:00,2906,4,3,22,1,6,12,2024,1
2024-12-01 23:00:00,2906,4,3,23,1,6,12,2024,1
2024-12-02 00:00:00,2906,5,3,0,2,0,12,2024,0
2024-12-02 04:00:00,2906,5,3,4,2,0,12,2024,0
2024-12-02 06:00:00,2906,9,0,6,2,0,12,2024,0
2024-12-02 06:00:00,2906,2,2,6,2,0,12,2024,0
2024-12-02 07:00:00,2906,8,2,7,2,0,12,2024,0
2024-12-02 07:00:00,2906,6,3,7,2,0,12,2024,0
2024-12-02 08:00:00,2906,2,2,8,2,0,12,2024,0
2024-12-02 12:00:00,2906,2,2,12,2,0,12,2024,0
2024-12-02 15:00:00,2906,5,3,15,2,0,12,2024,0
2024-12-02 18:00:00,2906,5,3,18,2,0,12,2024,0
2024-12-02 20:00:00,2906,2,2,20,2,0,12,2024,0
2024-12-02 21:00:00,2906,9,0,21,2,0,12,2024,0
2024-12-02 22:00:00,2906,4,3,22,2,0,12,2024,0
2024-12-03 00:00:00,2906,8,2,0,3,1,12,2024,0
2024-12-03 01:00:00,2906,4,3,1,3,1,12,2024,0
2024-12-03 01:00:00,2906,3,0,1,3,1,12,2024,0
2024-12-03 02:00:00,2906,1,1,2,3,1,12,2024,0
2024-12-03 03:00:00,2906,4,3,3,3,1,12,2024,0
2024-12-03 04:00:00,2906,9,0,4,3,1,12,2024,0
2024-12-03 04:00:00,2906,8,2,4,3,1,12,2024,0
2024-12-03 05:00:00,2906,4,3,5,3,1,12,2024,0
2024-12-03 05:00:00,2906,7,3,5,3,1,12,2024,0
2024-12-03 07:00:00,2906,2,2,7,3,1,12,2024,0
2024-12-03 12:00:00,2906,7,3,12,3,1,12,2024,0
2024-12-03 12:00:00,2906,9,0,12,3,1,12,2024,0
2024-12-03 13:00:00,2906,7,3,13,3,1,12,2024,0
2024-12-03 15:00:00,2906,6,3,15,3,1,12,2024,0
2024-12-03 16:00:00,2906,3,0,16,3,1,12,2024,0
2024-12-03 20:00:00,2906,6,3,20,3,1,12,2024,0
2024-12-03 21:00:00,2906,4,3,21,3,1,12,2024,0
2024-12-03 22:00:00,2906,9,0,22,3,1,12,2024,0
2024-12-03 22:00:00,2906,3,0,22,3,1,12,2024,0
2024-12-03 22:00:00,2906,8,2,22,3,1,12,2024,0
2024-12-03 23:00:00,2906,4,3,23,3,1,12,2024,0
2024-12-03 23:00:00,2906,7,3,23,3,1,12,2024,0
2024-12-04 00:00:00,2906,7,3,0,4,2,12,2024,0
2024-12-04 01:00:00,2906,5,3,1,4,2,12,2024,0
2024-12-04 02:00:00,2906,9,0,2,4,2,12,2024,0
2024-12-04 04:00:00,2906,3,0,4,4,2,12,2024,0
2024-12-04 05:00:00,2906,3,0,5,4,2,12,2024,0
2024-12-04 09:00:00,2906,6,3,9,4,2,12,2024,0
2024-12-04 10:00:00,2906,2,2,10,4,2,12,2024,0
2024-12-04 11:00:00,2906,4,3,11,4,2,12,2024,0
2024-12-04 11:00:00,2906,1,1,11,4,2,12,2024,0
2024-12-04 12:00:00,2906,8,2,12,4,2,12,2024,0
2024-12-04 13:00:00,2906,9,0,13,4,2,12,2024,0
2024-12-04 13:00:00,2906,7,3,13,4,2,12,2024,0
2024-12-04 14:00:00,2906,7,3,14,4,2,12,2024,0
2024-12-04 14:00:00,2906,1,1,14,4,2,12,2024,0
2024-12-04 15:00:00,2906,7,3,15,4,2,12,2024,0
2024-12-04 15:00:00,2906,5,3,15,4,2,12,2024,0
2024-12-04 15:00:00,2906,3,0,15,4,2,12,2024,0
2024-12-04 18:00:00,2906,7,3,18,4,2,12,2024,0
2024-12-04 19:00:00,2906,5,3,19,4,2,12,2024,0
2024-12-04 19:00:00,2906,4,3,19,4,2,12,2024,0
2024-12-04 19:00:00,2906,1,1,19,4,2,12,2024,0
2024-12-04 21:00:00,2906,4,3,21,4,2,12,2024,0
2024-12-05 01:00:00,2906,6,3,1,5,3,12,2024,0
2024-12-05 02:00:00,2906,7,3,2,5,3,12,2024,0
2024-12-05 04:00:00,2906,3,0,4,5,3,12,2024,0
2024-12-05 07:00:00,2906,5,3,7,5,3,12,2024,0
2024-12-05 07:00:00,2906,4,3,7,5,3,12,2024,0
2024-12-05 08:00:00,2906,3,0,8,5,3,12,2024,0
2024-12-05 09:00:00,2906,8,2,9,5,3,12,2024,0
2024-12-05 11:00:00,2906,5,3,11,5,3,12,2024,0
2024-12-05 11:00:00,2906,9,0,11,5,3,12,2024,0
2024-12-05 11:00:00,2906,6,3,11,5,3,12,2024,0
2024-12-05 12:00:00,2906,3,0,12,5,3,12,2024,0
2024-12-05 13:00:00,2906,8,2,13,5,3,12,2024,0
2024-12-05 14:00:00,2906,3,0,14,5,3,12,2024,0
2024-12-05 14:00:00,2906,8,2,14,5,3,12,2024,0
2024-12-05 15:00:00,2906,5,3,15,5,3,12,2024,0
2024-12-05 16:00:00,2906,3,0,16,5,3,12,2024,0
2024-12-05 17:00:00,2906,5,3,17,5,3,12,2024,0
2024-12-05 19:00:00,2906,4,3,19,5,3,12,2024,0
2024-12-05 20:00:00,2906,2,2,20,5,3,12,2024,0
2024-12-05 20:00:00,2906,5,3,20,5,3,12,2024,0
2024-12-05 21:00:00,2906,7,3,21,5,3,12,2024,0
2024-12-06 00:00:00,2906,7,3,0,6,4,12,2024,0
2024-12-06 02:00:00,2906,9,0,2,6,4,12,2024,0
2024-12-06 03:00:00,2906,6,3,3,6,4,12,2024,0
2024-12-06 03:00:00,2906,7,3,3,6,4,12,2024,0
2024-12-06 04:00:00,2906,8,2,4,6,4,12,2024,0
2024-12-06 07:00:00,2906,9,0,7,6,4,12,2024,0
2024-12-06 09:00:00,2906,7,3,9,6,4,12,2024,0
2024-12-06 10:00:00,2906,8,2,10,6,4,12,2024,0
2024-12-06 11:00:00,2906,4,3,11,6,4,12,2024,0
2024-12-06 12:00:00,2906,4,3,12,6,4,12,2024,0
2024-12-06 13:00:00,2906,6,3,13,6,4,12,2024,0
2024-12-06 14:00:00,2906,9,0,14,6,4,12,2024,0
2024-12-06 17:00:00,2906,6,3,17,6,4,12,2024,0
2024-12-07 00:00:00,2906,9,0,0,7,5,12,2024,1
2024-12-07 01:00:00,2906,2,2,1,7,5,12,2024,1
2024-12-07 02:00:00,2906,1,1,2,7,5,12,2024,1
2024-12-07 02:00:00,2906,8,2,2,7,5,12,2024,1
2024-12-07 02:00:00,2906,6,3,2,7,5,12,2024,1
2024-12-07 02:00:00,2906,5,3,2,7,5,12,2024,1
2024-12-07 03:00:00,2906,7,3,3,7,5,12,2024,1
2024-12-07 03:00:00,2906,2,2,3,7,5,12,2024,1
2024-12-07 08:00:00,2906,8,2,8,7,5,12,2024,1
2024-12-07 11:00:00,2906,7,3,11,7,5,12,2024,1
2024-12-07 13:00:00,2906,3,0,13,7,5,12,2024,1
2024-12-07 16:00:00,2906,5,3,16,7,5,12,2024,1
2024-12-07 19:00:00,2906,8,2,19,7,5,12,2024,1
2024-12-07 21:00:00,2906,6,3,21,7,5,12,2024,1
2024-12-07 21:00:00,2906,9,0,21,7,5,12,2024,1
2024-12-07 22:00:00,2906,8,2,22,7,5,12,2024,1
2024-12-08 01:00:00,2906,3,0,1,8,6,12,2024,1
2024-12-08 05:00:00,2906,6,3,5,8,6,12,2024,1
2024-12-08 07:00:00,2906,7,3,7,8,6,12,2024,1
2024-12-08 08:00:00,2906,7,3,8,8,6,12,2024,1
2024-12-08 09:00:00,2906,6,3,9,8,6,12,2024,1
2024-12-08 13:00:00,2906,3,0,13,8,6,12,2024,1
2024-12-08 13:00:00,2906,6,3,13,8,6,12,2024,1
2024-12-08 13:00:00,2906,2,2,13,8,6,12,2024,1
2024-12-08 18:00:00,2906,8,2,18,8,6,12,2024,1
2024-12-08 19:00:00,2906,6,3,19,8,6,12,2024,1
2024-12-08 21:00:00,2906,3,0,21,8,6,12,2024,1
2024-12-08 21:00:00,2906,9,0,21,8,6,12,2024,1
2024-12-08 22:00:00,2906,7,3,22,8,6,12,2024,1
2024-12-08 23:00:00,2906,2,2,23,8,6,12,2024,1
2024-12-08 23:00:00,2906,8,2,23,8,6,12,2024,1
2024-12-09 00:00:00,2906,1,1,0,9,0,12,2024,0
2024-12-09 01:00:00,2906,8,2,1,9,0,12,2024,0
2024-12-09 03:00:00,2906,2,2,3,9,0,12,2024,0
2024-12-09 04:00:00,2906,3,0,4,9,0,12,2024,0
2024-12-09 05:00:00,2906,9,0,5,9,0,12,2024,0
2024-12-09 06:00:00,2906,6,3,6,9,0,12,2024,0
2024-12-09 06:00:00,2906,1,1,6,9,0,12,2024,0
2024-12-09 07:00:00,2906,8,2,7,9,0,12,2024,0
2024-12-09 08:00:00,2906,8,2,8,9,0,12,2024,0
2024-12-09 10:00:00,2906,2,2,10,9,0,12,2024,0
2024-12-09 11:00:00,2906,1,1,11,9,0,12,2024,0
2024-12-09 11:00:00,2906,6,3,11,9,0,12,2024,0
2024-12-09 12:00:00,2906,3,0,12,9,0,12,2024,0
2024-12-09 16:00:00,2906,3,0,16,9,0,12,2024,0
2024-12-09 19:00:00,2906,6,3,19,9,0,12,2024,0
2024-12-09 22:00:00,2906,4,3,22,9,0,12,2024,0
2024-12-10 02:00:00,2906,8,2,2,10,1,12,2024,0
2024-12-10 03:00:00,2906,4,3,3,10,1,12,2024,0
2024-12-10 04:00:00,2906,2,2,4,10,1,12,2024,0
2024-12-10 07:00:00,2906,6,3,7,10,1,12,2024,0
2024-12-10 08:00:00,2906,6,3,8,10,1,12,2024,0
2024-12-10 09:00:00,2906,9,0,9,10,1,12,2024,0
2024-12-10 11:00:00,2906,6,3,11,10,1,12,2024,0
2024-12-10 12:00:00,2906,5,3,12,10,1,12,2024,0
2024-12-10 12:00:00,2906,2,2,12,10,1,12,2024,0
2024-12-10 13:00:00,2906,8,2,13,10,1,12,2024,0
2024-12-10 17:00:00,2906,8,2,17,10,1,12,2024,0
2024-12-10 17:00:00,2906,1,1,17,10,1,12,2024,0
2024-12-10 19:00:00,2906,4,3,19,10,1,12,2024,0
2024-12-10 19:00:00,2906,8,2,19,10,1,12,2024,0
2024-12-10 20:00:00,2906,2,2,20,10,1,12,2024,0
2024-12-10 20:00:00,2906,1,1,20,10,1,12,2024,0
2024-12-10 22:00:00,2906,3,0,22,10,1,12,2024,0
2024-12-10 23:00:00,2906,2,2,23,10,1,12,2024,0
2024-12-11 02:00:00,2906,4,3,2,11,2,12,2024,0
2024-12-11 03:00:00,2906,8,2,3,11,2,12,2024,0
2024-12-11 05:00:00,2906,1,1,5,11,2,12,2024,0
2024-12-11 05:00:00,2906,2,2,5,11,2,12,2024,0
2024-12-11 06:00:00,2906,2,2,6,11,2,12,2024,0
2024-12-11 06:00:00,2906,8,2,6,11,2,12,2024,0
2024-12-11 09:00:00,2906,8,2,9,11,2,12,2024,0
2024-12-11 11:00:00,2906,2,2,11,11,2,12,2024,0
2024-12-11 12:00:00,2906,9,0,12,11,2,12,2024,0
2024-12-11 13:00:00,2906,6,3,13,11,2,12,2024,0
2024-12-11 15:00:00,2906,2,2,15,11,2,12,2024,0
2024-12-11 16:00:00,2906,1,1,16,11,2,12,2024,0
2024-12-11 17:00:00,2906,1,1,17,11,2,12,2024,0
2024-12-11 18:00:00,2906,3,0,18,11,2,12,2024,0
2024-12-11 20:00:00,2906,1,1,20,11,2,12,2024,0
2024-12-11 20:00:00,2906,8,2,20,11,2,12,2024,0
2024-12-11 22:00:00,2906,2,2,22,11,2,12,2024,0
2024-12-11 22:00:00,2906,7,3,22,11,2,12,2024,0
2024-12-11 22:00:00,2906,5,3,22,11,2,12,2024,0
2024-12-11 22:00:00,2906,9,0,22,11,2,12,2024,0
2024-12-12 00:00:00,2906,4,3,0,12,3,12,2024,0
2024-12-12 02:00:00,2906,4,3,2,12,3,12,2024,0
2024-12-12 04:00:00,2906,8,2,4,12,3,12,2024,0
2024-12-12 05:00:00,2906,1,1,5,12,3,12,2024,0
2024-12-12 06:00:00,2906,6,3,6,12,3,12,2024,0
2024-12-12 06:00:00,2906,5,3,6,12,3,12,2024,0
2024-12-12 07:00:00,2906,7,3,7,12,3,12,2024,0
2024-12-12 10:00:00,2906,9,0,10,12,3,12,2024,0
2024-12-12 11:00:00,2906,1,1,11,12,3,12,2024,0
2024-12-12 13:00:00,2906,2,2,13,12,3,12,2024,0
2024-12-12 14:00:00,2906,9,0,14,12,3,12,2024,0
2024-12-12 15:00:00,2906,1,1,15,12,3,12,2024,0
2024-12-12 16:00:00,2906,4,3,16,12,3,12,2024,0
2024-12-12 16:00:00,2906,2,2,16,12,3,12,2024,0
2024-12-12 17:00:00,2906,8,2,17,12,3,12,2024,0
2024-12-12 18:00:00,2906,7,3,18,12,3,12,2024,0
2024-12-12 19:00:00,2906,1,1,19,12,3,12,2024,0
2024-12-12 23:00:00,2906,6,3,23,12,3,12,2024,0
2024-12-13 01:00:00,2906,4,3,1,13,4,12,2024,0
2024-12-13 03:00:00,2906,1,1,3,13,4,12,2024,0
2024-12-13 04:00:00,2906,4,3,4,13,4,12,2024,0
2024-12-13 05:00:00,2906,2,2,5,13,4,12,2024,0
2024-12-13 07:00:00,2906,6,3,7,13,4,12,2024,0
2024-12-13 09:00:00,2906,5,3,9,13,4,12,2024,0
2024-12-13 10:00:00,2906,4,3,10,13,4,12,2024,0
2024-12-13 11:00:00,2906,6,3,11,13,4,12,2024,0
2024-12-13 12:00:00,2906,3,0,12,13,4,12,2024,0
2024-12-13 14:00:00,2906,5,3,14,13,4,12,2024,0
2024-12-13 16:00:00,2906,6,3,16,13,4,12,2024,0
2024-12-13 17:00:00,2906,6,3,17,13,4,12,2024,0
2024-12-13 19:00:00,2906,3,0,19,13,4,12,2024,0
2024-12-13 19:00:00,2906,7,3,19,13,4,12,2024,0
2024-12-13 20:00:00,2906,4,3,20,13,4,12,2024,0
2024-12-13 21:00:00,2906,3,0,21,13,4,12,2024,0
2024-12-13 23:00:00,2906,7,3,23,13,4,12,2024,0
2024-12-13 23:00:00,2906,4,3,23,13,4,12,2024,0
2024-12-14 00:00:00,2906,5,3,0,14,5,12,2024,1
2024-12-14 00:00:00,2906,8,2,0,14,5,12,2024,1
2024-12-14 01:00:00,2906,1,1,1,14,5,12,2024,1
2024-12-14 04:00:00,2906,3,0,4,14,5,12,2024,1
2024-12-14 07:00:00,2906,8,2,7,14,5,12,2024,1
2024-12-14 13:00:00,2906,5,3,13,14,5,12,2024,1
2024-12-14 15:00:00,2906,6,3,15,14,5,12,2024,1
2024-12-14 16:00:00,2906,6,3,16,14,5,12,2024,1
2024-12-14 19:00:00,2906,1,1,19,14,5,12,2024,1
2024-12-14 21:00:00,2906,7,3,21,14,5,12,2024,1
2024-12-15 02:00:00,2906,3,0,2,15,6,12,2024,1
2024-12-15 03:00:00,2906,1,1,3,15,6,12,2024,1
2024-12-15 03:00:00,2906,3,0,3,15,6,12,2024,1
2024-12-15 05:00:00,2906,9,0,5,15,6,12,2024,1
2024-12-15 08:00:00,2906,7,3,8,15,6,12,2024,1
2024-12-15 10:00:00,2906,9,0,10,15,6,12,2024,1
2024-12-15 11:00:00,2906,9,0,11,15,6,12,2024,1
2024-12-15 11:00:00,2906,6,3,11,15,6,12,2024,1
2024-12-15 12:00:00,2906,5,3,12,15,6,12,2024,1
2024-12-15 13:00:00,2906,2,2,13,15,6,12,2024,1
2024-12-15 13:00:00,2906,3,0,13,15,6,12,2024,1
2024-12-15 17:00:00,2906,1,1,17,15,6,12,2024,1
2024-12-15 20:00:00,2906,7,3,20,15,6,12,2024,1
2024-12-15 20:00:00,2906,4,3,20,15,6,12,2024,1
2024-12-15 20:00:00,2906,9,0,20,15,6,12,2024,1
2024-12-15 21:00:00,2906,2,2,21,15,6,12,2024,1
2024-12-15 22:00:00,2906,5,3,22,15,6,12,2024,1
2024-12-16 01:00:00,2906,6,3,1,16,0,12,2024,0
2024-12-16 02:00:00,2906,5,3,2,16,0,12,2024,0
2024-12-16 05:00:00,2906,8,2,5,16,0,12,2024,0
2024-12-16 07:00:00,2906,4,3,7,16,0,12,2024,0
2024-12-16 11:00:00,2906,5,3,11,16,0,12,2024,0
2024-12-16 11:00:00,2906,8,2,11,16,0,12,2024,0
2024-12-16 11:00:00,2906,7,3,11,16,0,12,2024,0
2024-12-16 13:00:00,2906,9,0,13,16,0,12,2024,0
2024-12-16 18:00:00,2906,8,2,18,16,0,12,2024,0
2024-12-16 18:00:00,2906,7,3,18,16,0,12,2024,0
2024-12-16 19:00:00,2906,4,3,19,16,0,12,2024,0
2024-12-16 21:00:00,2906,1,1,21,16,0,12,2024,0
2024-12-17 01:00:00,2906,9,0,1,17,1,12,2024,0
2024-12-17 04:00:00,2906,7,3,4,17,1,12,2024,0
2024-12-17 07:00:00,2906,9,0,7,17,1,12,2024,0
2024-12-17 09:00:00,2906,2,2,9,17,1,12,2024,0
2024-12-17 09:00:00,2906,9,0,9,17,1,12,2024,0
2024-12-17 10:00:00,2906,2,2,10,17,1,12,2024,0
2024-12-17 14:00:00,2906,3,0,14,17,1,12,2024,0
2024-12-17 14:00:00,2906,8,2,14,17,1,12,2024,0
2024-12-17 18:00:00,2906,6,3,18,17,1,12,2024,0
2024-12-17 20:00:00,2906,4,3,20,17,1,12,2024,0
2024-12-17 21:00:00,2906,7,3,21,17,1,12,2024,0
2024-12-17 21:00:00,2906,9,0,21,17,1,12,2024,0
2024-12-17 23:00:00,2906,7,3,23,17,1,12,2024,0
2024-12-18 00:00:00,2906,7,3,0,18,2,12,2024,0
2024-12-18 01:00:00,2906,9,0,1,18,2,12,2024,0
2024-12-18 03:00:00,2906,7,3,3,18,2,12,2024,0
2024-12-18 03:00:00,2906,1,1,3,18,2,12,2024,0
2024-12-18 04:00:00,2906,2,2,4,18,2,12,2024,0
2024-12-18 04:00:00,2906,5,3,4,18,2,12,2024,0
2024-12-18 09:00:00,2906,5,3,9,18,2,12,2024,0
2024-12-18 11:00:00,2906,4,3,11,18,2,12,2024,0
2024-12-18 12:00:00,2906,9,0,12,18,2,12,2024,0
2024-12-18 13:00:00,2906,8,2,13,18,2,12,2024,0
2024-12-18 18:00:00,2906,4,3,18,18,2,12,2024,0
2024-12-18 19:00:00,2906,2,2,19,18,2,12,2024,0
2024-12-18 20:00:00,2906,1,1,20,18,2,12,2024,0
2024-12-18 22:00:00,2906,8,2,22,18,2,12,2024,0
2024-12-18 22:00:00,2906,6,3,22,18,2,12,2024,0
2024-12-18 23:00:00,2906,6,3,23,18,2,12,2024,0
2024-12-18 23:00:00,2906,7,3,23,18,2,12,2024,0
2024-12-19 02:00:00,2906,7,3,2,19,3,12,2024,0
2024-12-19 04:00:00,2906,7,3,4,19,3,12,2024,0
2024-12-19 04:00:00,2906,1,1,4,19,3,12,2024,0
2024-12-19 05:00:00,2906,8,2,5,19,3,12,2024,0
2024-12-19 06:00:00,2906,2,2,6,19,3,12,2024,0
2024-12-19 07:00:00,2906,9,0,7,19,3,12,2024,0
2024-12-19 07:00:00,2906,7,3,7,19,3,12,2024,0
2024-12-19 09:00:00,2906,2,2,9,19,3,12,2024,0
2024-12-19 10:00:00,2906,7,3,10,19,3,12,2024,0
2024-12-19 11:00:00,2906,7,3,11,19,3,12,2024,0
2024-12-19 12:00:00,2906,1,1,12,19,3,12,2024,0
2024-12-19 13:00:00,2906,7,3,13,19,3,12,2024,0
2024-12-19 16:00:00,2906,3,0,16,19,3,12,2024,0
2024-12-19 17:00:00,2906,6,3,17,19,3,12,2024,0
2024-12-19 18:00:00,2906,3,0,18,19,3,12,2024,0
2024-12-20 00:00:00,2906,9,0,0,20,4,12,2024,0
2024-12-20 00:00:00,2906,1,1,0,20,4,12,2024,0
2024-12-20 01:00:00,2906,1,1,1,20,4,12,2024,0
2024-12-20 01:00:00,2906,4,3,1,20,4,12,2024,0
2024-12-20 02:00:00,2906,2,2,2,20,4,12,2024,0
2024-12-20 03:00:00,2906,8,2,3,20,4,12,2024,0
2024-12-20 04:00:00,2906,7,3,4,20,4,12,2024,0
2024-12-20 06:00:00,2906,2,2,6,20,4,12,2024,0
2024-12-20 06:00:00,2906,4,3,6,20,4,12,2024,0
2024-12-20 07:00:00,2906,3,0,7,20,4,12,2024,0
2024-12-20 08:00:00,2906,9,0,8,20,4,12,2024,0
2024-12-20 09:00:00,2906,9,0,9,20,4,12,2024,0
2024-12-20 09:00:00,2906,7,3,9,20,4,12,2024,0
2024-12-20 12:00:00,2906,4,3,12,20,4,12,2024,0
2024-12-20 12:00:00,2906,6,3,12,20,4,12,2024,0
2024-12-20 16:00:00,2906,5,3,16,20,4,12,2024,0
2024-12-20 22:00:00,2906,2,2,22,20,4,12,2024,0
2024-12-20 22:00:00,2906,3,0,22,20,4,12,2024,0
2024-12-20 23:00:00,2906,8,2,23,20,4,12,2024,0
2024-12-21 00:00:00,2906,6,3,0,21,5,12,2024,1
2024-12-21 02:00:00,2906,9,0,2,21,5,12,2024,1
2024-12-21 02:00:00,2906,2,2,2,21,5,12,2024,1
2024-12-21 03:00:00,2906,7,3,3,21,5,12,2024,1
2024-12-21 04:00:00,2906,3,0,4,21,5,12,2024,1
2024-12-21 05:00:00,2906,2,2,5,21,5,12,2024,1
2024-12-21 06:00:00,2906,8,2,6,21,5,12,2024,1
2024-12-21 11:00:00,2906,4,3,11,21,5,12,2024,1
2024-12-21 15:00:00,2906,6,3,15,21,5,12,2024,1
2024-12-21 17:00:00,2906,3,0,17,21,5,12,2024,1
2024-12-21 17:00:00,2906,1,1,17,21,5,12,2024,1
2024-12-21 21:00:00,2906,4,3,21,21,5,12,2024,1
2024-12-21 22:00:00,2906,2,2,22,21,5,12,2024,1
2024-12-22 00:00:00,2906,6,3,0,22,6,12,2024,1
2024-12-22 02:00:00,2906,2,2,2,22,6,12,2024,1
2024-12-22 06:00:00,2906,5,3,6,22,6,12,2024,1
2024-12-22 07:00:00,2906,9,0,7,22,6,12,2024,1
2024-12-22 08:00:00,2906,6,3,8,22,6,12,2024,1
2024-12-22 10:00:00,2906,9,0,10,22,6,12,2024,1
2024-12-22 12:00:00,2906,6,3,12,22,6,12,2024,1
2024-12-22 13:00:00,2906,6,3,13,22,6,12,2024,1
2024-12-22 17:00:00,2906,7,3,17,22,6,12,2024,1
2024-12-22 17:00:00,2906,1,1,17,22,6,12,2024,1
2024-12-22 19:00:00,2906,6,3,19,22,6,12,2024,1
2024-12-22 19:00:00,2906,3,0,19,22,6,12,2024,1
2024-12-22 20:00:00,2906,8,2,20,22,6,12,2024,1
2024-12-22 21:00:00,2906,2,2,21,22,6,12,2024,1
2024-12-23 06:00:00,2906,6,3,6,23,0,12,2024,0
2024-12-23 08:00:00,2906,3,0,8,23,0,12,2024,0
2024-12-23 09:00:00,2906,2,2,9,23,0,12,2024,0
2024-12-23 13:00:00,2906,5,3,13,23,0,12,2024,0
2024-12-23 14:00:00,2906,6,3,14,23,0,12,2024,0
2024-12-23 16:00:00,2906,6,3,16,23,0,12,2024,0
2024-12-23 17:00:00,2906,8,2,17,23,0,12,2024,0
2024-12-23 18:00:00,2906,4,3,18,23,0,12,2024,0
2024-12-23 19:00:00,2906,9,0,19,23,0,12,2024,0
2024-12-23 19:00:00,2906,4,3,19,23,0,12,2024,0
2024-12-23 20:00:00,2906,2,2,20,23,0,12,2024,0
2024-12-23 20:00:00,2906,8,2,20,23,0,12,2024,0
2024-12-23 21:00:00,2906,2,2,21,23,0,12,2024,0
2024-12-23 23:00:00,2906,9,0,23,23,0,12,2024,0
2024-12-23 23:00:00,2906,6,3,23,23,0,12,2024,0
2024-12-24 01:00:00,2906,2,2,1,24,1,12,2024,0
2024-12-24 02:00:00,2906,6,3,2,24,1,12,2024,0
2024-12-24 03:00:00,2906,3,0,3,24,1,12,2024,0
2024-12-24 03:00:00,2906,7,3,3,24,1,12,2024,0
2024-12-24 04:00:00,2906,1,1,4,24,1,12,2024,0
2024-12-24 05:00:00,2906,3,0,5,24,1,12,2024,0
2024-12-24 05:00:00,2906,9,0,5,24,1,12,2024,0
2024-12-24 05:00:00,2906,7,3,5,24,1,12,2024,0
2024-12-24 05:00:00,2906,2,2,5,24,1,12,2024,0
2024-12-24 08:00:00,2906,6,3,8,24,1,12,2024,0
2024-12-24 09:00:00,2906,4,3,9,24,1,12,2024,0
2024-12-24 10:00:00,2906,9,0,10,24,1,12,2024,0
2024-12-24 11:00:00,2906,2,2,11,24,1,12,2024,0
2024-12-24 14:00:00,2906,4,3,14,24,1,12,2024,0
2024-12-24 14:00:00,2906,8,2,14,24,1,12,2024,0
2024-12-24 17:00:00,2906,1,1,17,24,1,12,2024,0
2024-12-24 17:00:00,2906,9,0,17,24,1,12,2024,0
2024-12-24 18:00:00,2906,8,2,18,24,1,12,2024,0
2024-12-24 21:00:00,2906,8,2,21,24,1,12,2024,0
2024-12-25 00:00:00,2906,4,3,0,25,2,12,2024,0
2024-12-25 02:00:00,2906,8,2,2,25,2,12,2024,0
2024-12-25 02:00:00,2906,4,3,2,25,2,12,2024,0
2024-12-25 02:00:00,2906,3,0,2,25,2,12,2024,0
2024-12-25 03:00:00,2906,4,3,3,25,2,12,2024,0
2024-12-25 03:00:00,2906,6,3,3,25,2,12,2024,0
2024-12-25 06:00:00,2906,3,0,6,25,2,12,2024,0
2024-12-25 10:00:00,2906,8,2,10,25,2,12,2024,0
2024-12-25 13:00:00,2906,5,3,13,25,2,12,2024,0
2024-12-25 14:00:00,2906,6,3,14,25,2,12,2024,0
2024-12-25 14:00:00,2906,4,3,14,25,2,12,2024,0
2024-12-25 16:00:00,2906,6,3,16,25,2,12,2024,0
2024-12-25 16:00:00,2906,7,3,16,25,2,12,2024,0
2024-12-25 23:00:00,2906,1,1,23,25,2,12,2024,0
2024-12-26 01:00:00,2906,6,3,1,26,3,12,2024,0
2024-12-26 01:00:00,2906,4,3,1,26,3,12,2024,0
2024-12-26 02:00:00,2906,9,0,2,26,3,12,2024,0
2024-12-26 05:00:00,2906,3,0,5,26,3,12,2024,0
2024-12-26 07:00:00,2906,2,2,7,26,3,12,2024,0
2024-12-26 10:00:00,2906,2,2,10,26,3,12,2024,0
2024-12-26 12:00:00,2906,8,2,12,26,3,12,2024,0
2024-12-26 13:00:00,2906,5,3,13,26,3,12,2024,0
2024-12-26 15:00:00,2906,4,3,15,26,3,12,2024,0
2024-12-26 17:00:00,2906,2,2,17,26,3,12,2024,0
2024-12-26 22:00:00,2906,7,3,22,26,3,12,2024,0
2024-12-26 22:00:00,2906,2,2,22,26,3,12,2024,0
2024-12-27 00:00:00,2906,5,3,0,27,4,12,2024,0
2024-12-27 01:00:00,2906,8,2,1,27,4,12,2024,0
2024-12-27 07:00:00,2906,4,3,7,27,4,12,2024,0
2024-12-27 08:00:00,2906,2,2,8,27,4,12,2024,0
2024-12-27 08:00:00,2906,6,3,8,27,4,12,2024,0
2024-12-27 09:00:00,2906,9,0,9,27,4,12,2024,0
2024-12-27 11:00:00,2906,6,3,11,27,4,12,2024,0
2024-12-27 13:00:00,2906,2,2,13,27,4,12,2024,0
2024-12-27 18:00:00,2906,6,3,18,27,4,12,2024,0
2024-12-27 18:00:00,2906,5,3,18,27,4,12,2024,0
2024-12-27 19:00:00,2906,9,0,19,27,4,12,2024,0
2024-12-27 19:00:00,2906,6,3,19,27,4,12,2024,0
2024-12-27 19:00:00,2906,7,3,19,27,4,12,2024,0
2024-12-28 01:00:00,2906,9,0,1,28,5,12,2024,1
2024-12-28 02:00:00,2906,7,3,2,28,5,12,2024,1
2024-12-28 03:00:00,2906,8,2,3,28,5,12,2024,1
2024-12-28 04:00:00,2906,9,0,4,28,5,12,2024,1
2024-12-28 06:00:00,2906,9,0,6,28,5,12,2024,1
2024-12-28 06:00:00,2906,1,1,6,28,5,12,2024,1
2024-12-28 08:00:00,2906,4,3,8,28,5,12,2024,1
2024-12-28 10:00:00,2906,8,2,10,28,5,12,2024,1
2024-12-28 12:00:00,2906,4,3,12,28,5,12,2024,1
2024-12-28 13:00:00,2906,3,0,13,28,5,12,2024,1
2024-12-28 15:00:00,2906,3,0,15,28,5,12,2024,1
2024-12-28 18:00:00,2906,3,0,18,28,5,12,2024,1
2024-12-28 21:00:00,2906,9,0,21,28,5,12,2024,1
2024-12-28 22:00:00,2906,2,2,22,28,5,12,2024,1
2024-12-28 23:00:00,2906,5,3,23,28,5,12,2024,1
2024-12-28 23:00:00,2906,3,0,23,28,5,12,2024,1
2024-12-29 00:00:00,2906,9,0,0,29,6,12,2024,1
2024-12-29 01:00:00,2906,2,2,1,29,6,12,2024,1
2024-12-29 01:00:00,2906,8,2,1,29,6,12,2024,1
2024-12-29 02:00:00,2906,5,3,2,29,6,12,2024,1
2024-12-29 04:00:00,2906,7,3,4,29,6,12,2024,1
2024-12-29 06:00:00,2906,5,3,6,29,6,12,2024,1
2024-12-29 07:00:00,2906,1,1,7,29,6,12,2024,1
2024-12-29 09:00:00,2906,9,0,9,29,6,12,2024,1
2024-12-29 09:00:00,2906,5,3,9,29,6,12,2024,1
2024-12-29 10:00:00,2906,3,0,10,29,6,12,2024,1
2024-12-29 10:00:00,2906,9,0,10,29,6,12,2024,1
2024-12-29 14:00:00,2906,3,0,14,29,6,12,2024,1
2024-12-29 15:00:00,2906,7,3,15,29,6,12,2024,1
2024-12-29 17:00:00,2906,8,2,17,29,6,12,2024,1
2024-12-29 18:00:00,2906,4,3,18,29,6,12,2024,1
2024-12-29 19:00:00,2906,6,3,19,29,6,12,2024,1
2024-12-29 20:00:00,2906,4,3,20,29,6,12,2024,1
2024-12-29 21:00:00,2906,6,3,21,29,6,12,2024,1
2024-12-29 22:00:00,2906,5,3,22,29,6,12,2024,1
2024-12-29 22:00:00,2906,4,3,22,29,6,12,2024,1
2024-12-30 01:00:00,2906,2,2,1,30,0,12,2024,0
2024-12-30 03:00:00,2906,7,3,3,30,0,12,2024,0
2024-12-30 03:00:00,2906,9,0,3,30,0,12,2024,0
2024-12-30 03:00:00,2906,5,3,3,30,0,12,2024,0
2024-12-30 06:00:00,2906,5,3,6,30,0,12,2024,0
2024-12-30 06:00:00,2906,3,0,6,30,0,12,2024,0
2024-12-30 07:00:00,2906,1,1,7,30,0,12,2024,0
2024-12-30 10:00:00,2906,9,0,10,30,0,12,2024,0
2024-12-30 10:00:00,2906,8,2,10,30,0,12,2024,0
2024-12-30 10:00:00,2906,4,3,10,30,0,12,2024,0
2024-12-30 11:00:00,2906,3,0,11,30,0,12,2024,0
2024-12-30 13:00:00,2906,8,2,13,30,0,12,2024,0
2024-12-30 14:00:00,2906,8,2,14,30,0,12,2024,0
2024-12-30 15:00:00,2906,8,2,15,30,0,12,2024,0
2024-12-30 15:00:00,2906,7,3,15,30,0,12,2024,0
2024-12-30 15:00:00,2906,4,3,15,30,0,12,2024,0
2024-12-30 17:00:00,2906,4,3,17,30,0,12,2024,0
2024-12-30 23:00:00,2906,8,2,23,30,0,12,2024,0
2024-12-31 05:00:00,2906,4,3,5,31,1,12,2024,0
2024-12-31 05:00:00,2906,3,0,5,31,1,12,2024,0
2024-12-31 08:00:00,2906,3,0,8,31,1,12,2024,0
2024-12-31 09:00:00,2906,7,3,9,31,1,12,2024,0
2024-12-31 11:00:00,2906,3,0,11,31,1,12,2024,0
2024-12-31 12:00:00,2906,8,2,12,31,1,12,2024,0
2024-12-31 13:00:00,2906,1,1,13,31,1,12,2024,0
2024-12-31 15:00:00,2906,6,3,15,31,1,12,2024,0
2024-12-31 16:00:00,2906,4,3,16,31,1,12,2024,0
2024-12-31 17:00:00,2906,2,2,17,31,1,12,2024,0
2024-12-31 19:00:00,2906,3,0,19,31,1,12,2024,0
2024-12-31 20:00:00,2906,5,3,20,31,1,12,2024,0
2024-12-31 21:00:00,2906,7,3,21,31,1,12,2024,0
2024-12-31 23:00:00,2906,6,3,23,31,1,12,2024,0
2024-12-31 23:00:00,2906,9,0,23,31,1,12,2024,0
2025-01-01 04:00:00,2906,1,1,4,1,2,1,2025,0
2025-01-01 05:00:00,2906,1,1,5,1,2,1,2025,0
2025-01-01 08:00:00,2906,2,2,8,1,2,1,2025,0
2025-01-01 12:00:00,2906,7,3,12,1,2,1,2025,0
2025-01-01 12:00:00,2906,9,0,12,1,2,1,2025,0
2025-01-01 12:00:00,2906,3,0,12,1,2,1,2025,0
2025-01-01 13:00:00,2906,3,0,13,1,2,1,2025,0
2025-01-01 14:00:00,2906,3,0,14,1,2,1,2025,0
2025-01-01 14:00:00,2906,7,3,14,1,2,1,2025,0
2025-01-01 14:00:00,2906,2,2,14,1,2,1,2025,0
2025-01-01 16:00:00,2906,1,1,16,1,2,1,2025,0
2025-01-01 18:00:00,2906,6,3,18,1,2,1,2025,0
2025-01-01 18:00:00,2906,1,1,18,1,2,1,2025,0
2025-01-01 19:00:00,2906,9,0,19,1,2,1,2025,0
2025-01-01 20:00:00,2906,3,0,20,1,2,1,2025,0
2025-01-02 03:00:00,2906,1,1,3,2,3,1,2025,0
2025-01-02 03:00:00,2906,6,3,3,2,3,1,2025,0
2025-01-02 06:00:00,2906,5,3,6,2,3,1,2025,0
2025-01-02 07:00:00,2906,5,3,7,2,3,1,2025,0
2025-01-02 08:00:00,2906,3,0,8,2,3,1,2025,0
2025-01-02 08:00:00,2906,2,2,8,2,3,1,2025,0
2025-01-02 08:00:00,2906,5,3,8,2,3,1,2025,0
2025-01-02 10:00:00,2906,8,2,10,2,3,1,2025,0
2025-01-02 10:00:00,2906,4,3,10,2,3,1,2025,0
2025-01-02 13:00:00,2906,2,2,13,2,3,1,2025,0
2025-01-02 15:00:00,2906,9,0,15,2,3,1,2025,0
2025-01-02 15:00:00,2906,2,2,15,2,3,1,2025,0
2025-01-02 17:00:00,2906,3,0,17,2,3,1,2025,0
2025-01-02 17:00:00,2906,1,1,17,2,3,1,2025,0
2025-01-02 18:00:00,2906,8,2,18,2,3,1,2025,0
2025-01-02 18:00:00,2906,7,3,18,2,3,1,2025,0
2025-01-02 20:00:00,2906,8,2,20,2,3,1,2025,0
2025-01-02 20:00:00,2906,4,3,20,2,3,1,2025,0
2025-01-02 20:00:00,2906,3,0,20,2,3,1,2025,0
2025-01-02 21:00:00,2906,8,2,21,2,3,1,2025,0
2025-01-02 21:00:00,2906,7,3,21,2,3,1,2025,0
2025-01-02 22:00:00,2906,7,3,22,2,3,1,2025,0
2025-01-03 00:00:00,2906,6,3,0,3,4,1,2025,0
2025-01-03 02:00:00,2906,4,3,2,3,4,1,2025,0
2025-01-03 03:00:00,2906,2,2,3,3,4,1,2025,0
2025-01-03 05:00:00,2906,5,3,5,3,4,1,2025,0
2025-01-03 06:00:00,2906,9,0,6,3,4,1,2025,0
2025-01-03 07:00:00,2906,4,3,7,3,4,1,2025,0
2025-01-03 08:00:00,2906,4,3,8,3,4,1,2025,0
2025-01-03 09:00:00,2906,5,3,9,3,4,1,2025,0
2025-01-03 09:00:00,2906,4,3,9,3,4,1,2025,0
2025-01-03 12:00:00,2906,8,2,12,3,4,1,2025,0
2025-01-03 14:00:00,2906,7,3,14,3,4,1,2025,0
2025-01-03 15:00:00,2906,5,3,15,3,4,1,2025,0
2025-01-03 16:00:00,2906,9,0,16,3,4,1,2025,0
2025-01-03 17:00:00,2906,3,0,17,3,4,1,2025,0
2025-01-03 18:00:00,2906,7,3,18,3,4,1,2025,0
2025-01-03 19:00:00,2906,9,0,19,3,4,1,2025,0
2025-01-03 20:00:00,2906,8,2,20,3,4,1,2025,0
2025-01-03 22:00:00,2906,8,2,22,3,4,1,2025,0
2025-01-03 23:00:00,2906,4,3,23,3,4,1,2025,0
2025-01-03 23:00:00,2906,5,3,23,3,4,1,2025,0
2025-01-03 23:00:00,2906,9,0,23,3,4,1,2025,0
2025-01-04 02:00:00,2906,4,3,2,4,5,1,2025,1
2025-01-04 03:00:00,2906,6,3,3,4,5,1,2025,1
2025-01-04 04:00:00,2906,5,3,4,4,5,1,2025,1
2025-01-04 09:00:00,2906,5,3,9,4,5,1,2025,1
2025-01-04 10:00:00,2906,9,0,10,4,5,1,2025,1
2025-01-04 12:00:00,2906,4,3,12,4,5,1,2025,1
2025-01-04 13:00:00,2906,1,1,13,4,5,1,2025,1
2025-01-04 14:00:00,2906,7,3,14,4,5,1,2025,1
2025-01-04 15:00:00,2906,1,1,15,4,5,1,2025,1
2025-01-04 15:00:00,2906,6,3,15,4,5,1,2025,1
2025-01-04 16:00:00,2906,2,2,16,4,5,1,2025,1
2025-01-04 17:00:00,2906,5,3,17,4,5,1,2025,1
2025-01-04 20:00:00,2906,1,1,20,4,5,1,2025,1
2025-01-04 21:00:00,2906,2,2,21,4,5,1,2025,1
2025-01-04 23:00:00,2906,6,3,23,4,5,1,2025,1
2025-01-04 23:00:00,2906,7,3,23,4,5,1,2025,1
2025-01-05 00:00:00,2906,9,0,0,5,6,1,2025,1
2025-01-05 01:00:00,2906,2,2,1,5,6,1,2025,1
2025-01-05 02:00:00,2906,5,3,2,5,6,1,2025,1
2025-01-05 03:00:00,2906,1,1,3,5,6,1,2025,1
2025-01-05 03:00:00,2906,5,3,3,5,6,1,2025,1
2025-01-05 04:00:00,2906,8,2,4,5,6,1,2025,1
2025-01-05 09:00:00,2906,2,2,9,5,6,1,2025,1
2025-01-05 09:00:00,2906,5,3,9,5,6,1,2025,1
2025-01-05 10:00:00,2906,7,3,10,5,6,1,2025,1
2025-01-05 12:00:00,2906,7,3,12,5,6,1,2025,1
2025-01-05 12:00:00,2906,5,3,12,5,6,1,2025,1
2025-01-05 14:00:00,2906,5,3,14,5,6,1,2025,1
2025-01-05 17:00:00,2906,1,1,17,5,6,1,2025,1
2025-01-05 17:00:00,2906,6,3,17,5,6,1,2025,1
2025-01-05 17:00:00,2906,4,3,17,5,6,1,2025,1
2025-01-05 18:00:00,2906,9,0,18,5,6,1,2025,1
2025-01-05 18:00:00,2906,3,0,18,5,6,1,2025,1
2025-01-05 19:00:00,2906,5,3,19,5,6,1,2025,1
2025-01-05 20:00:00,2906,2,2,20,5,6,1,2025,1
2025-01-05 21:00:00,2906,6,3,21,5,6,1,2025,1
2025-01-05 22:00:00,2906,5,3,22,5,6,1,2025,1
2025-01-06 00:00:00,2906,8,2,0,6,0,1,2025,0
2025-01-06 02:00:00,2906,4,3,2,6,0,1,2025,0
2025-01-06 02:00:00,2906,6,3,2,6,0,1,2025,0
2025-01-06 03:00:00,2906,2,2,3,6,0,1,2025,0
2025-01-06 07:00:00,2906,4,3,7,6,0,1,2025,0
2025-01-06 08:00:00,2906,5,3,8,6,0,1,2025,0
2025-01-06 10:00:00,2906,4,3,10,6,0,1,2025,0
2025-01-06 10:00:00,2906,6,3,10,6,0,1,2025,0
2025-01-06 13:00:00,2906,4,3,13,6,0,1,2025,0
2025-01-06 15:00:00,2906,9,0,15,6,0,1,2025,0
2025-01-06 16:00:00,2906,9,0,16,6,0,1,2025,0
2025-01-06 16:00:00,2906,3,0,16,6,0,1,2025,0
2025-01-06 16:00:00,2906,2,2,16,6,0,1,2025,0
2025-01-06 17:00:00,2906,5,3,17,6,0,1,2025,0
2025-01-06 20:00:00,2906,4,3,20,6,0,1,2025,0
2025-01-06 21:00:00,2906,7,3,21,6,0,1,2025,0
2025-01-07 00:00:00,2906,8,2,0,7,1,1,2025,0
2025-01-07 02:00:00,2906,1,1,2,7,1,1,2025,0
2025-01-07 03:00:00,2906,8,2,3,7,1,1,2025,0
2025-01-07 05:00:00,2906,4,3,5,7,1,1,2025,0
2025-01-07 10:00:00,2906,1,1,10,7,1,1,2025,0
2025-01-07 12:00:00,2906,2,2,12,7,1,1,2025,0
2025-01-07 14:00:00,2906,7,3,14,7,1,1,2025,0
2025-01-07 18:00:00,2906,3,0,18,7,1,1,2025,0
2025-01-07 18:00:00,2906,1,1,18,7,1,1,2025,0
2025-01-07 20:00:00,2906,5,3,20,7,1,1,2025,0
2025-01-07 22:00:00,2906,1,1,22,7,1,1,2025,0
2025-01-08 01:00:00,2906,3,0,1,8,2,1,2025,0
2025-01-08 02:00:00,2906,8,2,2,8,2,1,2025,0
2025-01-08 04:00:00,2906,6,3,4,8,2,1,2025,0
2025-01-08 04:00:00,2906,5,3,4,8,2,1,2025,0
2025-01-08 05:00:00,2906,1,1,5,8,2,1,2025,0
2025-01-08 05:00:00,2906,3,0,5,8,2,1,2025,0
2025-01-08 08:00:00,2906,6,3,8,8,2,1,2025,0
2025-01-08 10:00:00,2906,8,2,10,8,2,1,2025,0
2025-01-08 10:00:00,2906,4,3,10,8,2,1,2025,0
2025-01-08 10:00:00,2906,3,0,10,8,2,1,2025,0
2025-01-08 11:00:00,2906,5,3,11,8,2,1,2025,0
2025-01-08 12:00:00,2906,5,3,12,8,2,1,2025,0
2025-01-08 13:00:00,2906,5,3,13,8,2,1,2025,0
2025-01-08 13:00:00,2906,4,3,13,8,2,1,2025,0
2025-01-08 14:00:00,2906,3,0,14,8,2,1,2025,0
2025-01-08 17:00:00,2906,2,2,17,8,2,1,2025,0
2025-01-08 17:00:00,2906,8,2,17,8,2,1,2025,0
2025-01-08 18:00:00,2906,8,2,18,8,2,1,2025,0
2025-01-08 19:00:00,2906,5,3,19,8,2,1,2025,0
2025-01-08 19:00:00,2906,2,2,19,8,2,1,2025,0
2025-01-08 21:00:00,2906,5,3,21,8,2,1,2025,0
2025-01-08 22:00:00,2906,7,3,22,8,2,1,2025,0
2025-01-09 01:00:00,2906,1,1,1,9,3,1,2025,0
2025-01-09 05:00:00,2906,3,0,5,9,3,1,2025,0
2025-01-09 07:00:00,2906,9,0,7,9,3,1,2025,0
2025-01-09 08:00:00,2906,1,1,8,9,3,1,2025,0
2025-01-09 09:00:00,2906,3,0,9,9,3,1,2025,0
2025-01-09 12:00:00,2906,5,3,12,9,3,1,2025,0
2025-01-09 13:00:00,2906,4,3,13,9,3,1,2025,0
2025-01-09 15:00:00,2906,9,0,15,9,3,1,2025,0
2025-01-09 17:00:00,2906,9,0,17,9,3,1,2025,0
2025-01-09 18:00:00,2906,5,3,18,9,3,1,2025,0
2025-01-09 18:00:00,2906,8,2,18,9,3,1,2025,0
2025-01-09 18:00:00,2906,1,1,18,9,3,1,2025,0
2025-01-09 18:00:00,2906,7,3,18,9,3,1,2025,0
2025-01-09 21:00:00,2906,8,2,21,9,3,1,2025,0
2025-01-09 22:00:00,2906,1,1,22,9,3,1,2025,0
2025-01-09 22:00:00,2906,4,3,22,9,3,1,2025,0
2025-01-10 03:00:00,2906,2,2,3,10,4,1,2025,0
2025-01-10 04:00:00,2906,7,3,4,10,4,1,2025,0
2025-01-10 07:00:00,2906,7,3,7,10,4,1,2025,0
2025-01-10 10:00:00,2906,9,0,10,10,4,1,2025,0
2025-01-10 13:00:00,2906,8,2,13,10,4,1,2025,0
2025-01-10 14:00:00,2906,1,1,14,10,4,1,2025,0
2025-01-10 16:00:00,2906,9,0,16,10,4,1,2025,0
2025-01-10 17:00:00,2906,3,0,17,10,4,1,2025,0
2025-01-10 17:00:00,2906,2,2,17,10,4,1,2025,0
2025-01-10 18:00:00,2906,9,0,18,10,4,1,2025,0
2025-01-10 18:00:00,2906,7,3,18,10,4,1,2025,0
2025-01-10 19:00:00,2906,6,3,19,10,4,1,2025,0
2025-01-10 21:00:00,2906,6,3,21,10,4,1,2025,0
2025-01-11 00:00:00,2906,8,2,0,11,5,1,2025,1
2025-01-11 00:00:00,2906,7,3,0,11,5,1,2025,1
2025-01-11 03:00:00,2906,5,3,3,11,5,1,2025,1
2025-01-11 03:00:00,2906,6,3,3,11,5,1,2025,1
2025-01-11 03:00:00,2906,3,0,3,11,5,1,2025,1
2025-01-11 05:00:00,2906,6,3,5,11,5,1,2025,1
2025-01-11 05:00:00,2906,1,1,5,11,5,1,2025,1
2025-01-11 06:00:00,2906,5,3,6,11,5,1,2025,1
2025-01-11 07:00:00,2906,8,2,7,11,5,1,2025,1
2025-01-11 08:00:00,2906,4,3,8,11,5,1,2025,1
2025-01-11 10:00:00,2906,1,1,10,11,5,1,2025,1
2025-01-11 10:00:00,2906,3,0,10,11,5,1,2025,1
2025-01-11 12:00:00,2906,5,3,12,11,5,1,2025,1
2025-01-11 12:00:00,2906,4,3,12,11,5,1,2025,1
2025-01-11 12:00:00,2906,7,3,12,11,5,1,2025,1
2025-01-11 13:00:00,2906,9,0,13,11,5,1,2025,1
2025-01-11 16:00:00,2906,8,2,16,11,5,1,2025,1
2025-01-11 18:00:00,2906,6,3,18,11,5,1,2025,1
2025-01-11 19:00:00,2906,7,3,19,11,5,1,2025,1
2025-01-12 02:00:00,2906,5,3,2,12,6,1,2025,1
2025-01-12 02:00:00,2906,9,0,2,12,6,1,2025,1
2025-01-12 03:00:00,2906,1,1,3,12,6,1,2025,1
2025-01-12 04:00:00,2906,9,0,4,12,6,1,2025,1
2025-01-12 05:00:00,2906,1,1,5,12,6,1,2025,1
2025-01-12 06:00:00,2906,8,2,6,12,6,1,2025,1
2025-01-12 07:00:00,2906,7,3,7,12,6,1,2025,1
2025-01-12 09:00:00,2906,7,3,9,12,6,1,2025,1
2025-01-12 10:00:00,2906,3,0,10,12,6,1,2025,1
2025-01-12 10:00:00,2906,5,3,10,12,6,1,2025,1
2025-01-12 10:00:00,2906,7,3,10,12,6,1,2025,1
2025-01-12 10:00:00,2906,6,3,10,12,6,1,2025,1
2025-01-12 11:00:00,2906,1,1,11,12,6,1,2025,1
2025-01-12 11:00:00,2906,3,0,11,12,6,1,2025,1
2025-01-12 12:00:00,2906,8,2,12,12,6,1,2025,1
2025-01-12 13:00:00,2906,3,0,13,12,6,1,2025,1
2025-01-12 14:00:00,2906,3,0,14,12,6,1,2025,1
2025-01-12 14:00:00,2906,8,2,14,12,6,1,2025,1
2025-01-12 15:00:00,2906,1,1,15,12,6,1,2025,1
2025-01-12 18:00:00,2906,9,0,18,12,6,1,2025,1
2025-01-13 02:00:00,2906,4,3,2,13,0,1,2025,0
2025-01-13 04:00:00,2906,9,0,4,13,0,1,2025,0
2025-01-13 05:00:00,2906,2,2,5,13,0,1,2025,0
2025-01-13 07:00:00,2906,8,2,7,13,0,1,2025,0
2025-01-13 07:00:00,2906,7,3,7,13,0,1,2025,0
2025-01-13 09:00:00,2906,6,3,9,13,0,1,2025,0
2025-01-13 10:00:00,2906,1,1,10,13,0,1,2025,0
2025-01-13 11:00:00,2906,8,2,11,13,0,1,2025,0
2025-01-13 12:00:00,2906,5,3,12,13,0,1,2025,0
2025-01-13 15:00:00,2906,1,1,15,13,0,1,2025,0
2025-01-13 16:00:00,2906,7,3,16,13,0,1,2025,0
2025-01-13 17:00:00,2906,7,3,17,13,0,1,2025,0
2025-01-13 19:00:00,2906,1,1,19,13,0,1,2025,0
2025-01-13 20:00:00,2906,3,0,20,13,0,1,2025,0
2025-01-13 20:00:00,2906,2,2,20,13,0,1,2025,0
2025-01-13 21:00:00,2906,1,1,21,13,0,1,2025,0
2025-01-14 00:00:00,2906,6,3,0,14,1,1,2025,0
2025-01-14 01:00:00,2906,6,3,1,14,1,1,2025,0
2025-01-14 04:00:00,2906,7,3,4,14,1,1,2025,0
2025-01-14 05:00:00,2906,1,1,5,14,1,1,2025,0
2025-01-14 07:00:00,2906,5,3,7,14,1,1,2025,0
2025-01-14 07:00:00,2906,7,3,7,14,1,1,2025,0
2025-01-14 08:00:00,2906,7,3,8,14,1,1,2025,0
2025-01-14 09:00:00,2906,2,2,9,14,1,1,2025,0
2025-01-14 09:00:00,2906,7,3,9,14,1,1,2025,0
2025-01-14 10:00:00,2906,3,0,10,14,1,1,2025,0
2025-01-14 10:00:00,2906,1,1,10,14,1,1,2025,0
2025-01-14 13:00:00,2906,7,3,13,14,1,1,2025,0
2025-01-14 13:00:00,2906,5,3,13,14,1,1,2025,0
2025-01-14 15:00:00,2906,3,0,15,14,1,1,2025,0
2025-01-14 15:00:00,2906,1,1,15,14,1,1,2025,0
2025-01-14 15:00:00,2906,6,3,15,14,1,1,2025,0
2025-01-14 16:00:00,2906,5,3,16,14,1,1,2025,0
2025-01-14 18:00:00,2906,8,2,18,14,1,1,2025,0
2025-01-14 18:00:00,2906,6,3,18,14,1,1,2025,0
2025-01-14 21:00:00,2906,2,2,21,14,1,1,2025,0
2025-01-14 21:00:00,2906,6,3,21,14,1,1,2025,0
2025-01-15 00:00:00,2906,9,0,0,15,2,1,2025,0
2025-01-15 01:00:00,2906,5,3,1,15,2,1,2025,0
2025-01-15 04:00:00,2906,5,3,4,15,2,1,2025,0
2025-01-15 04:00:00,2906,7,3,4,15,2,1,2025,0
2025-01-15 05:00:00,2906,6,3,5,15,2,1,2025,0
2025-01-15 10:00:00,2906,6,3,10,15,2,1,2025,0
2025-01-15 10:00:00,2906,3,0,10,15,2,1,2025,0
2025-01-15 11:00:00,2906,8,2,11,15,2,1,2025,0
2025-01-15 11:00:00,2906,5,3,11,15,2,1,2025,0
2025-01-15 12:00:00,2906,9,0,12,15,2,1,2025,0
2025-01-15 13:00:00,2906,4,3,13,15,2,1,2025,0
2025-01-15 13:00:00,2906,1,1,13,15,2,1,2025,0
2025-01-15 18:00:00,2906,2,2,18,15,2,1,2025,0
2025-01-15 23:00:00,2906,6,3,23,15,2,1,2025,0
2025-01-16 00:00:00,2906,8,2,0,16,3,1,2025,0
2025-01-16 03:00:00,2906,5,3,3,16,3,1,2025,0
2025-01-16 05:00:00,2906,2,2,5,16,3,1,2025,0
2025-01-16 05:00:00,2906,5,3,5,16,3,1,2025,0
2025-01-16 06:00:00,2906,3,0,6,16,3,1,2025,0
2025-01-16 07:00:00,2906,7,3,7,16,3,1,2025,0
2025-01-16 09:00:00,2906,8,2,9,16,3,1,2025,0
2025-01-16 11:00:00,2906,8,2,11,16,3,1,2025,0
2025-01-16 15:00:00,2906,5,3,15,16,3,1,2025,0
2025-01-16 17:00:00,2906,4,3,17,16,3,1,2025,0
2025-01-16 18:00:00,2906,2,2,18,16,3,1,2025,0
2025-01-16 19:00:00,2906,9,0,19,16,3,1,2025,0
2025-01-16 19:00:00,2906,7,3,19,16,3,1,2025,0
2025-01-16 22:00:00,2906,2,2,22,16,3,1,2025,0
2025-01-16 23:00:00,2906,9,0,23,16,3,1,2025,0
2025-01-17 01:00:00,2906,3,0,1,17,4,1,2025,0
2025-01-17 04:00:00,2906,4,3,4,17,4,1,2025,0
2025-01-17 05:00:00,2906,9,0,5,17,4,1,2025,0
2025-01-17 09:00:00,2906,5,3,9,17,4,1,2025,0
2025-01-17 11:00:00,2906,6,3,11,17,4,1,2025,0
2025-01-17 13:00:00,2906,8,2,13,17,4,1,2025,0
2025-01-17 20:00:00,2906,8,2,20,17,4,1,2025,0
2025-01-17 21:00:00,2906,1,1,21,17,4,1,2025,0
2025-01-17 23:00:00,2906,5,3,23,17,4,1,2025,0
2025-01-18 02:00:00,2906,8,2,2,18,5,1,2025,1
2025-01-18 03:00:00,2906,9,0,3,18,5,1,2025,1
2025-01-18 03:00:00,2906,5,3,3,18,5,1,2025,1
2025-01-18 03:00:00,2906,7,3,3,18,5,1,2025,1
2025-01-18 05:00:00,2906,2,2,5,18,5,1,2025,1
2025-01-18 08:00:00,2906,5,3,8,18,5,1,2025,1
2025-01-18 12:00:00,2906,3,0,12,18,5,1,2025,1
2025-01-18 12:00:00,2906,5,3,12,18,5,1,2025,1
2025-01-18 14:00:00,2906,6,3,14,18,5,1,2025,1
2025-01-18 14:00:00,2906,4,3,14,18,5,1,2025,1
2025-01-18 22:00:00,2906,8,2,22,18,5,1,2025,1
2025-01-19 02:00:00,2906,1,1,2,19,6,1,2025,1
2025-01-19 05:00:00,2906,8,2,5,19,6,1,2025,1
2025-01-19 05:00:00,2906,4,3,5,19,6,1,2025,1
2025-01-19 06:00:00,2906,7,3,6,19,6,1,2025,1
2025-01-19 06:00:00,2906,4,3,6,19,6,1,2025,1
2025-01-19 07:00:00,2906,1,1,7,19,6,1,2025,1
2025-01-19 14:00:00,2906,7,3,14,19,6,1,2025,1
2025-01-19 14:00:00,2906,4,3,14,19,6,1,2025,1
2025-01-19 15:00:00,2906,9,0,15,19,6,1,2025,1
2025-01-19 17:00:00,2906,5,3,17,19,6,1,2025,1
2025-01-19 17:00:00,2906,8,2,17,19,6,1,2025,1
2025-01-19 20:00:00,2906,3,0,20,19,6,1,2025,1
2025-01-19 22:00:00,2906,7,3,22,19,6,1,2025,1
2025-01-19 23:00:00,2906,1,1,23,19,6,1,2025,1
2025-01-20 00:00:00,2906,7,3,0,20,0,1,2025,0
2025-01-20 00:00:00,2906,3,0,0,20,0,1,2025,0
2025-01-20 02:00:00,2906,9,0,2,20,0,1,2025,0
2025-01-20 02:00:00,2906,7,3,2,20,0,1,2025,0
2025-01-20 03:00:00,2906,3,0,3,20,0,1,2025,0
2025-01-20 03:00:00,2906,8,2,3,20,0,1,2025,0
2025-01-20 04:00:00,2906,6,3,4,20,0,1,2025,0
2025-01-20 08:00:00,2906,8,2,8,20,0,1,2025,0
2025-01-20 09:00:00,2906,3,0,9,20,0,1,2025,0
2025-01-20 10:00:00,2906,6,3,10,20,0,1,2025,0
2025-01-20 11:00:00,2906,2,2,11,20,0,1,2025,0
2025-01-20 11:00:00,2906,9,0,11,20,0,1,2025,0
2025-01-20 14:00:00,2906,4,3,14,20,0,1,2025,0
2025-01-20 14:00:00,2906,7,3,14,20,0,1,2025,0
2025-01-20 17:00:00,2906,8,2,17,20,0,1,2025,0
2025-01-20 18:00:00,2906,7,3,18,20,0,1,2025,0
2025-01-20 19:00:00,2906,2,2,19,20,0,1,2025,0
2025-01-20 21:00:00,2906,7,3,21,20,0,1,2025,0
2025-01-21 00:00:00,2906,6,3,0,21,1,1,2025,0
2025-01-21 01:00:00,2906,5,3,1,21,1,1,2025,0
2025-01-21 02:00:00,2906,8,2,2,21,1,1,2025,0
2025-01-21 03:00:00,2906,9,0,3,21,1,1,2025,0
2025-01-21 04:00:00,2906,8,2,4,21,1,1,2025,0
2025-01-21 04:00:00,2906,1,1,4,21,1,1,2025,0
2025-01-21 05:00:00,2906,5,3,5,21,1,1,2025,0
2025-01-21 06:00:00,2906,2,2,6,21,1,1,2025,0
2025-01-21 07:00:00,2906,5,3,7,21,1,1,2025,0
2025-01-21 07:00:00,2906,3,0,7,21,1,1,2025,0
2025-01-21 10:00:00,2906,1,1,10,21,1,1,2025,0
2025-01-21 14:00:00,2906,3,0,14,21,1,1,2025,0
2025-01-21 15:00:00,2906,1,1,15,21,1,1,2025,0
2025-01-21 20:00:00,2906,2,2,20,21,1,1,2025,0
2025-01-21 20:00:00,2906,5,3,20,21,1,1,2025,0
2025-01-21 20:00:00,2906,9,0,20,21,1,1,2025,0
2025-01-21 21:00:00,2906,4,3,21,21,1,1,2025,0
2025-01-22 01:00:00,2906,6,3,1,22,2,1,2025,0
2025-01-22 03:00:00,2906,5,3,3,22,2,1,2025,0
2025-01-22 03:00:00,2906,8,2,3,22,2,1,2025,0
2025-01-22 04:00:00,2906,2,2,4,22,2,1,2025,0
2025-01-22 05:00:00,2906,6,3,5,22,2,1,2025,0
2025-01-22 06:00:00,2906,5,3,6,22,2,1,2025,0
2025-01-22 09:00:00,2906,7,3,9,22,2,1,2025,0
2025-01-22 09:00:00,2906,2,2,9,22,2,1,2025,0
2025-01-22 11:00:00,2906,1,1,11,22,2,1,2025,0
2025-01-22 13:00:00,2906,6,3,13,22,2,1,2025,0
2025-01-22 14:00:00,2906,5,3,14,22,2,1,2025,0
2025-01-22 15:00:00,2906,1,1,15,22,2,1,2025,0
2025-01-22 16:00:00,2906,2,2,16,22,2,1,2025,0
2025-01-22 17:00:00,2906,8,2,17,22,2,1,2025,0
2025-01-22 17:00:00,2906,6,3,17,22,2,1,2025,0
2025-01-22 22:00:00,2906,9,0,22,22,2,1,2025,0
2025-01-22 23:00:00,2906,5,3,23,22,2,1,2025,0
2025-01-22 23:00:00,2906,7,3,23,22,2,1,2025,0
2025-01-23 02:00:00,2906,2,2,2,23,3,1,2025,0
2025-01-23 03:00:00,2906,5,3,3,23,3,1,2025,0
2025-01-23 04:00:00,2906,4,3,4,23,3,1,2025,0
2025-01-23 04:00:00,2906,7,3,4,23,3,1,2025,0
2025-01-23 09:00:00,2906,5,3,9,23,3,1,2025,0
2025-01-23 11:00:00,2906,5,3,11,23,3,1,2025,0
2025-01-23 11:00:00,2906,3,0,11,23,3,1,2025,0
2025-01-23 13:00:00,2906,8,2,13,23,3,1,2025,0
2025-01-23 14:00:00,2906,1,1,14,23,3,1,2025,0
2025-01-23 14:00:00,2906,5,3,14,23,3,1,2025,0
2025-01-23 15:00:00,2906,5,3,15,23,3,1,2025,0
2025-01-23 16:00:00,2906,5,3,16,23,3,1,2025,0
2025-01-23 18:00:00,2906,7,3,18,23,3,1,2025,0
2025-01-23 20:00:00,2906,6,3,20,23,3,1,2025,0
2025-01-23 22:00:00,2906,4,3,22,23,3,1,2025,0
2025-01-23 22:00:00,2906,5,3,22,23,3,1,2025,0
2025-01-24 00:00:00,2906,7,3,0,24,4,1,2025,0
2025-01-24 01:00:00,2906,8,2,1,24,4,1,2025,0
2025-01-24 02:00:00,2906,6,3,2,24,4,1,2025,0
2025-01-24 03:00:00,2906,5,3,3,24,4,1,2025,0
2025-01-24 04:00:00,2906,8,2,4,24,4,1,2025,0
2025-01-24 06:00:00,2906,4,3,6,24,4,1,2025,0
2025-01-24 09:00:00,2906,7,3,9,24,4,1,2025,0
2025-01-24 12:00:00,2906,1,1,12,24,4,1,2025,0
2025-01-24 14:00:00,2906,1,1,14,24,4,1,2025,0
2025-01-24 17:00:00,2906,2,2,17,24,4,1,2025,0
2025-01-24 19:00:00,2906,4,3,19,24,4,1,2025,0
2025-01-25 01:00:00,2906,2,2,1,25,5,1,2025,1
2025-01-25 01:00:00,2906,1,1,1,25,5,1,2025,1
2025-01-25 04:00:00,2906,5,3,4,25,5,1,2025,1
2025-01-25 07:00:00,2906,4,3,7,25,5,1,2025,1
2025-01-25 09:00:00,2906,1,1,9,25,5,1,2025,1
2025-01-25 10:00:00,2906,5,3,10,25,5,1,2025,1
2025-01-25 11:00:00,2906,2,2,11,25,5,1,2025,1
2025-01-25 11:00:00,2906,8,2,11,25,5,1,2025,1
2025-01-25 12:00:00,2906,9,0,12,25,5,1,2025,1
2025-01-25 12:00:00,2906,2,2,12,25,5,1,2025,1
2025-01-25 13:00:00,2906,5,3,13,25,5,1,2025,1
2025-01-25 16:00:00,2906,6,3,16,25,5,1,2025,1
2025-01-25 16:00:00,2906,1,1,16,25,5,1,2025,1
2025-01-25 18:00:00,2906,7,3,18,25,5,1,2025,1
2025-01-25 19:00:00,2906,7,3,19,25,5,1,2025,1
2025-01-25 20:00:00,2906,2,2,20,25,5,1,2025,1
2025-01-25 23:00:00,2906,7,3,23,25,5,1,2025,1
2025-01-26 02:00:00,2906,8,2,2,26,6,1,2025,1
2025-01-26 04:00:00,2906,8,2,4,26,6,1,2025,1
2025-01-26 04:00:00,2906,7,3,4,26,6,1,2025,1
2025-01-26 05:00:00,2906,3,0,5,26,6,1,2025,1
2025-01-26 06:00:00,2906,9,0,6,26,6,1,2025,1
2025-01-26 07:00:00,2906,6,3,7,26,6,1,2025,1
2025-01-26 07:00:00,2906,2,2,7,26,6,1,2025,1
2025-01-26 09:00:00,2906,7,3,9,26,6,1,2025,1
2025-01-26 16:00:00,2906,7,3,16,26,6,1,2025,1
2025-01-26 17:00:00,2906,6,3,17,26,6,1,2025,1
2025-01-26 18:00:00,2906,3,0,18,26,6,1,2025,1
2025-01-26 18:00:00,2906,4,3,18,26,6,1,2025,1
2025-01-26 18:00:00,2906,8,2,18,26,6,1,2025,1
2025-01-26 19:00:00,2906,3,0,19,26,6,1,2025,1
2025-01-26 20:00:00,2906,6,3,20,26,6,1,2025,1
2025-01-26 23:00:00,2906,9,0,23,26,6,1,2025,1
2025-01-26 23:00:00,2906,6,3,23,26,6,1,2025,1
2025-01-27 04:00:00,2906,7,3,4,27,0,1,2025,0
2025-01-27 05:00:00,2906,7,3,5,27,0,1,2025,0
2025-01-27 05:00:00,2906,6,3,5,27,0,1,2025,0
2025-01-27 07:00:00,2906,8,2,7,27,0,1,2025,0
2025-01-27 08:00:00,2906,9,0,8,27,0,1,2025,0
2025-01-27 08:00:00,2906,4,3,8,27,0,1,2025,0
2025-01-27 08:00:00,2906,1,1,8,27,0,1,2025,0
2025-01-27 10:00:00,2906,2,2,10,27,0,1,2025,0
2025-01-27 10:00:00,2906,1,1,10,27,0,1,2025,0
2025-01-27 11:00:00,2906,5,3,11,27,0,1,2025,0
2025-01-27 12:00:00,2906,7,3,12,27,0,1,2025,0
2025-01-27 13:00:00,2906,2,2,13,27,0,1,2025,0
2025-01-27 13:00:00,2906,6,3,13,27,0,1,2025,0
2025-01-27 15:00:00,2906,4,3,15,27,0,1,2025,0
2025-01-27 16:00:00,2906,5,3,16,27,0,1,2025,0
2025-01-27 16:00:00,2906,3,0,16,27,0,1,2025,0
2025-01-27 17:00:00,2906,8,2,17,27,0,1,2025,0
2025-01-27 18:00:00,2906,5,3,18,27,0,1,2025,0
2025-01-27 19:00:00,2906,1,1,19,27,0,1,2025,0
2025-01-27 23:00:00,2906,1,1,23,27,0,1,2025,0
2025-01-28 04:00:00,2906,4,3,4,28,1,1,2025,0
2025-01-28 05:00:00,2906,5,3,5,28,1,1,2025,0
2025-01-28 07:00:00,2906,1,1,7,28,1,1,2025,0
2025-01-28 09:00:00,2906,9,0,9,28,1,1,2025,0
2025-01-28 12:00:00,2906,2,2,12,28,1,1,2025,0
2025-01-28 12:00:00,2906,8,2,12,28,1,1,2025,0
2025-01-28 13:00:00,2906,5,3,13,28,1,1,2025,0
2025-01-28 14:00:00,2906,7,3,14,28,1,1,2025,0
2025-01-28 17:00:00,2906,7,3,17,28,1,1,2025,0
2025-01-28 17:00:00,2906,4,3,17,28,1,1,2025,0
2025-01-28 18:00:00,2906,5,3,18,28,1,1,2025,0
2025-01-28 20:00:00,2906,4,3,20,28,1,1,2025,0
2025-01-28 22:00:00,2906,2,2,22,28,1,1,2025,0
2025-01-28 22:00:00,2906,7,3,22,28,1,1,2025,0
2025-01-29 00:00:00,2906,2,2,0,29,2,1,2025,0
2025-01-29 03:00:00,2906,7,3,3,29,2,1,2025,0
2025-01-29 03:00:00,2906,2,2,3,29,2,1,2025,0
2025-01-29 08:00:00,2906,1,1,8,29,2,1,2025,0
2025-01-29 12:00:00,2906,6,3,12,29,2,1,2025,0
2025-01-29 13:00:00,2906,1,1,13,29,2,1,2025,0
2025-01-29 14:00:00,2906,9,0,14,29,2,1,2025,0
2025-01-29 15:00:00,2906,6,3,15,29,2,1,2025,0
2025-01-29 15:00:00,2906,1,1,15,29,2,1,2025,0
2025-01-29 15:00:00,2906,8,2,15,29,2,1,2025,0
2025-01-29 15:00:00,2906,5,3,15,29,2,1,2025,0
2025-01-29 17:00:00,2906,3,0,17,29,2,1,2025,0
2025-01-29 18:00:00,2906,6,3,18,29,2,1,2025,0
2025-01-29 20:00:00,2906,1,1,20,29,2,1,2025,0
2025-01-30 00:00:00,2906,6,3,0,30,3,1,2025,0
2025-01-30 02:00:00,2906,6,3,2,30,3,1,2025,0
2025-01-30 03:00:00,2906,5,3,3,30,3,1,2025,0
2025-01-30 03:00:00,2906,8,2,3,30,3,1,2025,0
2025-01-30 04:00:00,2906,8,2,4,30,3,1,2025,0
2025-01-30 05:00:00,2906,6,3,5,30,3,1,2025,0
2025-01-30 09:00:00,2906,8,2,9,30,3,1,2025,0
2025-01-30 09:00:00,2906,3,0,9,30,3,1,2025,0
2025-01-30 10:00:00,2906,4,3,10,30,3,1,2025,0
2025-01-30 14:00:00,2906,1,1,14,30,3,1,2025,0
2025-01-30 16:00:00,2906,8,2,16,30,3,1,2025,0
2025-01-30 18:00:00,2906,9,0,18,30,3,1,2025,0
2025-01-30 20:00:00,2906,8,2,20,30,3,1,2025,0
2025-01-30 21:00:00,2906,1,1,21,30,3,1,2025,0
2025-01-30 22:00:00,2906,4,3,22,30,3,1,2025,0
2025-01-30 23:00:00,2906,2,2,23,30,3,1,2025,0
2025-01-31 00:00:00,2906,8,2,0,31,4,1,2025,0
2025-01-31 00:00:00,2906,2,2,0,31,4,1,2025,0
2025-01-31 01:00:00,2906,5,3,1,31,4,1,2025,0
2025-01-31 02:00:00,2906,3,0,2,31,4,1,2025,0
2025-01-31 03:00:00,2906,7,3,3,31,4,1,2025,0
2025-01-31 04:00:00,2906,3,0,4,31,4,1,2025,0
2025-01-31 05:00:00,2906,5,3,5,31,4,1,2025,0
2025-01-31 06:00:00,2906,9,0,6,31,4,1,2025,0
2025-01-31 07:00:00,2906,7,3,7,31,4,1,2025,0
2025-01-31 08:00:00,2906,4,3,8,31,4,1,2025,0
2025-01-31 09:00:00,2906,2,2,9,31,4,1,2025,0
2025-01-31 09:00:00,2906,5,3,9,31,4,1,2025,0
2025-01-31 11:00:00,2906,7,3,11,31,4,1,2025,0
2025-01-31 13:00:00,2906,3,0,13,31,4,1,2025,0
2025-01-31 15:00:00,2906,7,3,15,31,4,1,2025,0
2025-01-31 15:00:00,2906,1,1,15,31,4,1,2025,0
2025-01-31 18:00:00,2906,7,3,18,31,4,1,2025,0
2025-01-31 19:00:00,2906,6,3,19,31,4,1,2025,0
2025-01-31 20:00:00,2906,5,3,20,31,4,1,2025,0
2025-01-31 20:00:00,2906,7,3,20,31,4,1,2025,0
2025-01-31 22:00:00,2906,4,3,22,31,4,1,2025,0
2025-02-01 02:00:00,2906,5,3,2,1,5,2,2025,1
2025-02-01 06:00:00,2906,7,3,6,1,5,2,2025,1
2025-02-01 08:00:00,2906,1,1,8,1,5,2,2025,1
2025-02-01 12:00:00,2906,2,2,12,1,5,2,2025,1
2025-02-01 13:00:00,2906,2,2,13,1,5,2,2025,1
2025-02-01 13:00:00,2906,1,1,13,1,5,2,2025,1
2025-02-01 14:00:00,2906,5,3,14,1,5,2,2025,1
2025-02-01 17:00:00,2906,9,0,17,1,5,2,2025,1
2025-02-01 20:00:00,2906,8,2,20,1,5,2,2025,1
2025-02-01 21:00:00,2906,8,2,21,1,5,2,2025,1
2025-02-01 21:00:00,2906,2,2,21,1,5,2,2025,1
2025-02-01 23:00:00,2906,4,3,23,1,5,2,2025,1
2025-02-01 23:00:00,2906,9,0,23,1,5,2,2025,1
2025-02-01 23:00:00,2906,2,2,23,1,5,2,2025,1
2025-02-01 23:00:00,2906,7,3,23,1,5,2,2025,1
2025-02-02 00:00:00,2906,2,2,0,2,6,2,2025,1
2025-02-02 01:00:00,2906,2,2,1,2,6,2,2025,1
2025-02-02 02:00:00,2906,9,0,2,2,6,2,2025,1
2025-02-02 02:00:00,2906,4,3,2,2,6,2,2025,1
2025-02-02 03:00:00,2906,5,3,3,2,6,2,2025,1
2025-02-02 04:00:00,2906,8,2,4,2,6,2,2025,1
2025-02-02 05:00:00,2906,3,0,5,2,6,2,2025,1
2025-02-02 05:00:00,2906,5,3,5,2,6,2,2025,1
2025-02-02 08:00:00,2906,1,1,8,2,6,2,2025,1
2025-02-02 08:00:00,2906,9,0,8,2,6,2,2025,1
2025-02-02 08:00:00,2906,6,3,8,2,6,2,2025,1
2025-02-02 09:00:00,2906,1,1,9,2,6,2,2025,1
2025-02-02 10:00:00,2906,5,3,10,2,6,2,2025,1
2025-02-02 11:00:00,2906,6,3,11,2,6,2,2025,1
2025-02-02 13:00:00,2906,8,2,13,2,6,2,2025,1
2025-02-02 13:00:00,2906,6,3,13,2,6,2,2025,1
2025-02-02 15:00:00,2906,1,1,15,2,6,2,2025,1
2025-02-02 17:00:00,2906,3,0,17,2,6,2,2025,1
2025-02-02 18:00:00,2906,2,2,18,2,6,2,2025,1
2025-02-02 22:00:00,2906,4,3,22,2,6,2,2025,1
2025-02-03 00:00:00,2906,1,1,0,3,0,2,2025,0
2025-02-03 00:00:00,2906,2,2,0,3,0,2,2025,0
2025-02-03 01:00:00,2906,1,1,1,3,0,2,2025,0
2025-02-03 03:00:00,2906,2,2,3,3,0,2,2025,0
2025-02-03 03:00:00,2906,8,2,3,3,0,2,2025,0
2025-02-03 03:00:00,2906,4,3,3,3,0,2,2025,0
2025-02-03 05:00:00,2906,6,3,5,3,0,2,2025,0
2025-02-03 06:00:00,2906,4,3,6,3,0,2,2025,0
2025-02-03 06:00:00,2906,5,3,6,3,0,2,2025,0
2025-02-03 10:00:00,2906,4,3,10,3,0,2,2025,0
2025-02-03 12:00:00,2906,9,0,12,3,0,2,2025,0
2025-02-03 12:00:00,2906,6,3,12,3,0,2,2025,0
2025-02-03 13:00:00,2906,4,3,13,3,0,2,2025,0
2025-02-03 19:00:00,2906,3,0,19,3,0,2,2025,0
2025-02-03 21:00:00,2906,3,0,21,3,0,2,2025,0
2025-02-03 23:00:00,2906,3,0,23,3,0,2,2025,0
2025-02-04 00:00:00,2906,9,0,0,4,1,2,2025,0
2025-02-04 00:00:00,2906,3,0,0,4,1,2,2025,0
2025-02-04 00:00:00,2906,4,3,0,4,1,2,2025,0
2025-02-04 01:00:00,2906,7,3,1,4,1,2,2025,0
2025-02-04 02:00:00,2906,3,0,2,4,1,2,2025,0
2025-02-04 03:00:00,2906,4,3,3,4,1,2,2025,0
2025-02-04 04:00:00,2906,6,3,4,4,1,2,2025,0
2025-02-04 04:00:00,2906,5,3,4,4,1,2,2025,0
2025-02-04 07:00:00,2906,5,3,7,4,1,2,2025,0
2025-02-04 07:00:00,2906,2,2,7,4,1,2,2025,0
2025-02-04 08:00:00,2906,9,0,8,4,1,2,2025,0
2025-02-04 08:00:00,2906,3,0,8,4,1,2,2025,0
2025-02-04 08:00:00,2906,7,3,8,4,1,2,2025,0
2025-02-04 09:00:00,2906,1,1,9,4,1,2,2025,0
2025-02-04 10:00:00,2906,3,0,10,4,1,2,2025,0
2025-02-04 10:00:00,2906,5,3,10,4,1,2,2025,0
2025-02-04 11:00:00,2906,8,2,11,4,1,2,2025,0
2025-02-04 11:00:00,2906,1,1,11,4,1,2,2025,0
2025-02-04 12:00:00,2906,9,0,12,4,1,2,2025,0
2025-02-04 14:00:00,2906,2,2,14,4,1,2,2025,0
2025-02-04 19:00:00,2906,5,3,19,4,1,2,2025,0
2025-02-04 22:00:00,2906,5,3,22,4,1,2,2025,0
2025-02-04 22:00:00,2906,1,1,22,4,1,2,2025,0
2025-02-05 01:00:00,2906,4,3,1,5,2,2,2025,0
2025-02-05 03:00:00,2906,2,2,3,5,2,2,2025,0
2025-02-05 04:00:00,2906,2,2,4,5,2,2,2025,0
2025-02-05 07:00:00,2906,9,0,7,5,2,2,2025,0
2025-02-05 08:00:00,2906,2,2,8,5,2,2,2025,0
2025-02-05 14:00:00,2906,1,1,14,5,2,2,2025,0
2025-02-05 16:00:00,2906,7,3,16,5,2,2,2025,0
2025-02-05 16:00:00,2906,9,0,16,5,2,2,2025,0
2025-02-05 17:00:00,2906,8,2,17,5,2,2,2025,0
2025-02-05 17:00:00,2906,4,3,17,5,2,2,2025,0
2025-02-05 20:00:00,2906,2,2,20,5,2,2,2025,0
2025-02-05 22:00:00,2906,7,3,22,5,2,2,2025,0
2025-02-05 23:00:00,2906,3,0,23,5,2,2,2025,0
2025-02-06 01:00:00,2906,7,3,1,6,3,2,2025,0
2025-02-06 01:00:00,2906,8,2,1,6,3,2,2025,0
2025-02-06 02:00:00,2906,7,3,2,6,3,2,2025,0
2025-02-06 03:00:00,2906,4,3,3,6,3,2,2025,0
2025-02-06 03:00:00,2906,7,3,3,6,3,2,2025,0
2025-02-06 05:00:00,2906,3,0,5,6,3,2,2025,0
2025-02-06 05:00:00,2906,7,3,5,6,3,2,2025,0
2025-02-06 06:00:00,2906,9,0,6,6,3,2,2025,0
2025-02-06 07:00:00,2906,2,2,7,6,3,2,2025,0
2025-02-06 09:00:00,2906,1,1,9,6,3,2,2025,0
2025-02-06 09:00:00,2906,7,3,9,6,3,2,2025,0
2025-02-06 09:00:00,2906,4,3,9,6,3,2,2025,0
2025-02-06 12:00:00,2906,6,3,12,6,3,2,2025,0
2025-02-06 14:00:00,2906,2,2,14,6,3,2,2025,0
2025-02-06 16:00:00,2906,2,2,16,6,3,2,2025,0
2025-02-06 17:00:00,2906,2,2,17,6,3,2,2025,0
2025-02-06 17:00:00,2906,3,0,17,6,3,2,2025,0
2025-02-06 20:00:00,2906,7,3,20,6,3,2,2025,0
2025-02-06 20:00:00,2906,3,0,20,6,3,2,2025,0
2025-02-06 21:00:00,2906,1,1,21,6,3,2,2025,0
2025-02-06 21:00:00,2906,5,3,21,6,3,2,2025,0
2025-02-07 03:00:00,2906,4,3,3,7,4,2,2025,0
2025-02-07 04:00:00,2906,5,3,4,7,4,2,2025,0
2025-02-07 05:00:00,2906,8,2,5,7,4,2,2025,0
2025-02-07 06:00:00,2906,5,3,6,7,4,2,2025,0
2025-02-07 09:00:00,2906,4,3,9,7,4,2,2025,0
2025-02-07 09:00:00,2906,8,2,9,7,4,2,2025,0
2025-02-07 09:00:00,2906,5,3,9,7,4,2,2025,0
2025-02-07 10:00:00,2906,4,3,10,7,4,2,2025,0
2025-02-07 11:00:00,2906,7,3,11,7,4,2,2025,0
2025-02-07 12:00:00,2906,4,3,12,7,4,2,2025,0
2025-02-07 15:00:00,2906,5,3,15,7,4,2,2025,0
2025-02-07 16:00:00,2906,5,3,16,7,4,2,2025,0
2025-02-07 19:00:00,2906,2,2,19,7,4,2,2025,0
2025-02-07 19:00:00,2906,8,2,19,7,4,2,2025,0
2025-02-07 21:00:00,2906,1,1,21,7,4,2,2025,0
2025-02-07 21:00:00,2906,3,0,21,7,4,2,2025,0
2025-02-07 22:00:00,2906,1,1,22,7,4,2,2025,0
2025-02-07 22:00:00,2906,4,3,22,7,4,2,2025,0
2025-02-07 23:00:00,2906,2,2,23,7,4,2,2025,0
2025-02-08 03:00:00,2906,7,3,3,8,5,2,2025,1
2025-02-08 04:00:00,2906,5,3,4,8,5,2,2025,1
2025-02-08 04:00:00,2906,9,0,4,8,5,2,2025,1
2025-02-08 05:00:00,2906,5,3,5,8,5,2,2025,1
2025-02-08 07:00:00,2906,9,0,7,8,5,2,2025,1
2025-02-08 09:00:00,2906,5,3,9,8,5,2,2025,1
2025-02-08 09:00:00,2906,3,0,9,8,5,2,2025,1
2025-02-08 10:00:00,2906,1,1,10,8,5,2,2025,1
2025-02-08 12:00:00,2906,2,2,12,8,5,2,2025,1
2025-02-08 12:00:00,2906,3,0,12,8,5,2,2025,1
2025-02-08 12:00:00,2906,8,2,12,8,5,2,2025,1
2025-02-08 15:00:00,2906,9,0,15,8,5,2,2025,1
2025-02-08 15:00:00,2906,2,2,15,8,5,2,2025,1
2025-02-08 15:00:00,2906,8,2,15,8,5,2,2025,1
2025-02-08 16:00:00,2906,1,1,16,8,5,2,2025,1
2025-02-08 16:00:00,2906,6,3,16,8,5,2,2025,1
2025-02-08 17:00:00,2906,7,3,17,8,5,2,2025,1
2025-02-08 17:00:00,2906,1,1,17,8,5,2,2025,1
2025-02-08 18:00:00,2906,2,2,18,8,5,2,2025,1
2025-02-08 20:00:00,2906,1,1,20,8,5,2,2025,1
2025-02-08 20:00:00,2906,8,2,20,8,5,2,2025,1
2025-02-08 21:00:00,2906,1,1,21,8,5,2,2025,1
2025-02-08 21:00:00,2906,2,2,21,8,5,2,2025,1
2025-02-08 21:00:00,2906,4,3,21,8,5,2,2025,1
2025-02-08 22:00:00,2906,4,3,22,8,5,2,2025,1
2025-02-09 00:00:00,2906,1,1,0,9,6,2,2025,1
2025-02-09 00:00:00,2906,9,0,0,9,6,2,2025,1
2025-02-09 01:00:00,2906,3,0,1,9,6,2,2025,1
2025-02-09 02:00:00,2906,4,3,2,9,6,2,2025,1
2025-02-09 04:00:00,2906,1,1,4,9,6,2,2025,1
2025-02-09 06:00:00,2906,9,0,6,9,6,2,2025,1
2025-02-09 07:00:00,2906,5,3,7,9,6,2,2025,1
2025-02-09 07:00:00,2906,4,3,7,9,6,2,2025,1
2025-02-09 10:00:00,2906,1,1,10,9,6,2,2025,1
2025-02-09 11:00:00,2906,4,3,11,9,6,2,2025,1
2025-02-09 12:00:00,2906,5,3,12,9,6,2,2025,1
2025-02-09 13:00:00,2906,6,3,13,9,6,2,2025,1
2025-02-09 13:00:00,2906,8,2,13,9,6,2,2025,1
2025-02-09 14:00:00,2906,4,3,14,9,6,2,2025,1
2025-02-09 23:00:00,2906,6,3,23,9,6,2,2025,1
2025-02-10 02:00:00,2906,3,0,2,10,0,2,2025,0
2025-02-10 03:00:00,2906,9,0,3,10,0,2,2025,0
2025-02-10 06:00:00,2906,6,3,6,10,0,2,2025,0
2025-02-10 08:00:00,2906,4,3,8,10,0,2,2025,0
2025-02-10 09:00:00,2906,8,2,9,10,0,2,2025,0
2025-02-10 10:00:00,2906,6,3,10,10,0,2,2025,0
2025-02-10 12:00:00,2906,2,2,12,10,0,2,2025,0
2025-02-10 14:00:00,2906,4,3,14,10,0,2,2025,0
2025-02-10 16:00:00,2906,4,3,16,10,0,2,2025,0
2025-02-10 18:00:00,2906,1,1,18,10,0,2,2025,0
2025-02-10 19:00:00,2906,2,2,19,10,0,2,2025,0
2025-02-10 22:00:00,2906,8,2,22,10,0,2,2025,0
2025-02-10 22:00:00,2906,3,0,22,10,0,2,2025,0
2025-02-10 22:00:00,2906,2,2,22,10,0,2,2025,0
2025-02-10 23:00:00,2906,8,2,23,10,0,2,2025,0
2025-02-10 23:00:00,2906,2,2,23,10,0,2,2025,0
2025-02-11 06:00:00,2906,2,2,6,11,1,2,2025,0
2025-02-11 06:00:00,2906,4,3,6,11,1,2,2025,0
2025-02-11 09:00:00,2906,8,2,9,11,1,2,2025,0
2025-02-11 10:00:00,2906,1,1,10,11,1,2,2025,0
2025-02-11 12:00:00,2906,8,2,12,11,1,2,2025,0
2025-02-11 12:00:00,2906,5,3,12,11,1,2,2025,0
2025-02-11 13:00:00,2906,4,3,13,11,1,2,2025,0
2025-02-11 14:00:00,2906,1,1,14,11,1,2,2025,0
2025-02-11 17:00:00,2906,9,0,17,11,1,2,2025,0
2025-02-11 20:00:00,2906,7,3,20,11,1,2,2025,0
2025-02-11 22:00:00,2906,9,0,22,11,1,2,2025,0
2025-02-12 00:00:00,2906,3,0,0,12,2,2,2025,0
2025-02-12 02:00:00,2906,7,3,2,12,2,2,2025,0
2025-02-12 03:00:00,2906,2,2,3,12,2,2,2025,0
2025-02-12 03:00:00,2906,4,3,3,12,2,2,2025,0
2025-02-12 03:00:00,2906,9,0,3,12,2,2,2025,0
2025-02-12 05:00:00,2906,7,3,5,12,2,2,2025,0
2025-02-12 07:00:00,2906,6,3,7,12,2,2,2025,0
2025-02-12 10:00:00,2906,1,1,10,12,2,2,2025,0
2025-02-12 12:00:00,2906,9,0,12,12,2,2,2025,0
2025-02-12 12:00:00,2906,2,2,12,12,2,2,2025,0
2025-02-12 14:00:00,2906,7,3,14,12,2,2,2025,0
2025-02-12 15:00:00,2906,5,3,15,12,2,2,2025,0
2025-02-12 22:00:00,2906,8,2,22,12,2,2,2025,0
2025-02-12 23:00:00,2906,5,3,23,12,2,2,2025,0
2025-02-12 23:00:00,2906,7,3,23,12,2,2,2025,0
2025-02-13 03:00:00,2906,8,2,3,13,3,2,2025,0
2025-02-13 04:00:00,2906,8,2,4,13,3,2,2025,0
2025-02-13 08:00:00,2906,7,3,8,13,3,2,2025,0
2025-02-13 09:00:00,2906,3,0,9,13,3,2,2025,0
2025-02-13 11:00:00,2906,5,3,11,13,3,2,2025,0
2025-02-13 13:00:00,2906,5,3,13,13,3,2,2025,0
2025-02-13 18:00:00,2906,5,3,18,13,3,2,2025,0
2025-02-13 18:00:00,2906,9,0,18,13,3,2,2025,0
2025-02-13 19:00:00,2906,8,2,19,13,3,2,2025,0
2025-02-13 19:00:00,2906,7,3,19,13,3,2,2025,0
2025-02-13 20:00:00,2906,4,3,20,13,3,2,2025,0
2025-02-13 22:00:00,2906,2,2,22,13,3,2,2025,0
2025-02-14 03:00:00,2906,2,2,3,14,4,2,2025,0
2025-02-14 06:00:00,2906,6,3,6,14,4,2,2025,0
2025-02-14 08:00:00,2906,2,2,8,14,4,2,2025,0
2025-02-14 08:00:00,2906,6,3,8,14,4,2,2025,0
2025-02-14 09:00:00,2906,1,1,9,14,4,2,2025,0
2025-02-14 09:00:00,2906,3,0,9,14,4,2,2025,0
2025-02-14 12:00:00,2906,7,3,12,14,4,2,2025,0
2025-02-14 13:00:00,2906,6,3,13,14,4,2,2025,0
2025-02-14 14:00:00,2906,3,0,14,14,4,2,2025,0
2025-02-14 15:00:00,2906,1,1,15,14,4,2,2025,0
2025-02-14 16:00:00,2906,2,2,16,14,4,2,2025,0
2025-02-14 18:00:00,2906,3,0,18,14,4,2,2025,0
2025-02-14 18:00:00,2906,2,2,18,14,4,2,2025,0
2025-02-14 20:00:00,2906,9,0,20,14,4,2,2025,0
2025-02-15 00:00:00,2906,6,3,0,15,5,2,2025,1
2025-02-15 06:00:00,2906,7,3,6,15,5,2,2025,1
2025-02-15 06:00:00,2906,6,3,6,15,5,2,2025,1
2025-02-15 09:00:00,2906,3,0,9,15,5,2,2025,1
2025-02-15 11:00:00,2906,8,2,11,15,5,2,2025,1
2025-02-15 11:00:00,2906,6,3,11,15,5,2,2025,1
2025-02-15 12:00:00,2906,5,3,12,15,5,2,2025,1
2025-02-15 12:00:00,2906,9,0,12,15,5,2,2025,1
2025-02-15 16:00:00,2906,3,0,16,15,5,2,2025,1
2025-02-15 16:00:00,2906,5,3,16,15,5,2,2025,1
2025-02-15 16:00:00,2906,8,2,16,15,5,2,2025,1
2025-02-15 17:00:00,2906,4,3,17,15,5,2,2025,1
2025-02-15 22:00:00,2906,7,3,22,15,5,2,2025,1
2025-02-15 23:00:00,2906,3,0,23,15,5,2,2025,1
2025-02-16 02:00:00,2906,4,3,2,16,6,2,2025,1
2025-02-16 03:00:00,2906,3,0,3,16,6,2,2025,1
2025-02-16 03:00:00,2906,8,2,3,16,6,2,2025,1
2025-02-16 04:00:00,2906,8,2,4,16,6,2,2025,1
2025-02-16 07:00:00,2906,6,3,7,16,6,2,2025,1
2025-02-16 07:00:00,2906,3,0,7,16,6,2,2025,1
2025-02-16 11:00:00,2906,2,2,11,16,6,2,2025,1
2025-02-16 13:00:00,2906,3,0,13,16,6,2,2025,1
2025-02-16 14:00:00,2906,5,3,14,16,6,2,2025,1
2025-02-16 14:00:00,2906,8,2,14,16,6,2,2025,1
2025-02-16 14:00:00,2906,4,3,14,16,6,2,2025,1
2025-02-16 15:00:00,2906,1,1,15,16,6,2,2025,1
2025-02-16 16:00:00,2906,3,0,16,16,6,2,2025,1
2025-02-16 18:00:00,2906,8,2,18,16,6,2,2025,1
2025-02-16 18:00:00,2906,2,2,18,16,6,2,2025,1
2025-02-16 18:00:00,2906,6,3,18,16,6,2,2025,1
2025-02-16 19:00:00,2906,6,3,19,16,6,2,2025,1
2025-02-16 20:00:00,2906,6,3,20,16,6,2,2025,1
2025-02-16 21:00:00,2906,1,1,21,16,6,2,2025,1
2025-02-17 00:00:00,2906,8,2,0,17,0,2,2025,0
2025-02-17 01:00:00,2906,4,3,1,17,0,2,2025,0
2025-02-17 02:00:00,2906,9,0,2,17,0,2,2025,0
2025-02-17 03:00:00,2906,3,0,3,17,0,2,2025,0
2025-02-17 09:00:00,2906,6,3,9,17,0,2,2025,0
2025-02-17 13:00:00,2906,5,3,13,17,0,2,2025,0
2025-02-17 14:00:00,2906,6,3,14,17,0,2,2025,0
2025-02-17 15:00:00,2906,7,3,15,17,0,2,2025,0
2025-02-17 20:00:00,2906,3,0,20,17,0,2,2025,0
2025-02-17 22:00:00,2906,4,3,22,17,0,2,2025,0
2025-02-17 22:00:00,2906,7,3,22,17,0,2,2025,0
2025-02-17 23:00:00,2906,7,3,23,17,0,2,2025,0
2025-02-18 00:00:00,2906,5,3,0,18,1,2,2025,0
2025-02-18 04:00:00,2906,2,2,4,18,1,2,2025,0
2025-02-18 04:00:00,2906,1,1,4,18,1,2,2025,0
2025-02-18 06:00:00,2906,2,2,6,18,1,2,2025,0
2025-02-18 11:00:00,2906,9,0,11,18,1,2,2025,0
2025-02-18 11:00:00,2906,1,1,11,18,1,2,2025,0
2025-02-18 12:00:00,2906,2,2,12,18,1,2,2025,0
2025-02-18 13:00:00,2906,9,0,13,18,1,2,2025,0
2025-02-18 14:00:00,2906,8,2,14,18,1,2,2025,0
2025-02-18 14:00:00,2906,7,3,14,18,1,2,2025,0
2025-02-18 15:00:00,2906,9,0,15,18,1,2,2025,0
2025-02-18 15:00:00,2906,3,0,15,18,1,2,2025,0
2025-02-18 18:00:00,2906,7,3,18,18,1,2,2025,0
2025-02-18 18:00:00,2906,8,2,18,18,1,2,2025,0
2025-02-18 19:00:00,2906,5,3,19,18,1,2,2025,0
2025-02-18 20:00:00,2906,5,3,20,18,1,2,2025,0
2025-02-18 22:00:00,2906,1,1,22,18,1,2,2025,0
2025-02-20 00:00:00,2906,4,3,0,20,3,2,2025,0
2025-02-20 02:00:00,2906,8,2,2,20,3,2,2025,0
2025-02-20 03:00:00,2906,7,3,3,20,3,2,2025,0
2025-02-20 04:00:00,2906,8,2,4,20,3,2,2025,0
2025-02-20 05:00:00,2906,7,3,5,20,3,2,2025,0
2025-02-20 06:00:00,2906,1,1,6,20,3,2,2025,0
2025-02-20 06:00:00,2906,9,0,6,20,3,2,2025,0
2025-02-20 07:00:00,2906,2,2,7,20,3,2,2025,0
2025-02-20 07:00:00,2906,8,2,7,20,3,2,2025,0
2025-02-20 08:00:00,2906,7,3,8,20,3,2,2025,0
2025-02-20 11:00:00,2906,6,3,11,20,3,2,2025,0
2025-02-20 13:00:00,2906,5,3,13,20,3,2,2025,0
2025-02-20 14:00:00,2906,5,3,14,20,3,2,2025,0
2025-02-20 15:00:00,2906,8,2,15,20,3,2,2025,0
2025-02-20 15:00:00,2906,5,3,15,20,3,2,2025,0
2025-02-20 19:00:00,2906,4,3,19,20,3,2,2025,0
2025-02-20 19:00:00,2906,1,1,19,20,3,2,2025,0
2025-02-20 21:00:00,2906,7,3,21,20,3,2,2025,0
2025-02-20 23:00:00,2906,3,0,23,20,3,2,2025,0
2025-02-21 00:00:00,2906,1,1,0,21,4,2,2025,0
2025-02-21 02:00:00,2906,6,3,2,21,4,2,2025,0
2025-02-21 04:00:00,2906,9,0,4,21,4,2,2025,0
2025-02-21 07:00:00,2906,2,2,7,21,4,2,2025,0
2025-02-21 08:00:00,2906,7,3,8,21,4,2,2025,0
2025-02-21 08:00:00,2906,4,3,8,21,4,2,2025,0
2025-02-21 09:00:00,2906,1,1,9,21,4,2,2025,0
2025-02-21 10:00:00,2906,2,2,10,21,4,2,2025,0
2025-02-21 11:00:00,2906,2,2,11,21,4,2,2025,0
2025-02-21 14:00:00,2906,1,1,14,21,4,2,2025,0
2025-02-21 15:00:00,2906,8,2,15,21,4,2,2025,0
2025-02-21 16:00:00,2906,8,2,16,21,4,2,2025,0
2025-02-21 17:00:00,2906,4,3,17,21,4,2,2025,0
2025-02-21 18:00:00,2906,9,0,18,21,4,2,2025,0
2025-02-21 18:00:00,2906,5,3,18,21,4,2,2025,0
2025-02-21 20:00:00,2906,2,2,20,21,4,2,2025,0
2025-02-21 22:00:00,2906,8,2,22,21,4,2,2025,0
2025-02-21 22:00:00,2906,7,3,22,21,4,2,2025,0
2025-02-22 00:00:00,2906,2,2,0,22,5,2,2025,1
2025-02-22 01:00:00,2906,4,3,1,22,5,2,2025,1
2025-02-22 02:00:00,2906,2,2,2,22,5,2,2025,1
2025-02-22 02:00:00,2906,5,3,2,22,5,2,2025,1
2025-02-22 03:00:00,2906,6,3,3,22,5,2,2025,1
2025-02-22 03:00:00,2906,4,3,3,22,5,2,2025,1
2025-02-22 04:00:00,2906,4,3,4,22,5,2,2025,1
2025-02-22 05:00:00,2906,8,2,5,22,5,2,2025,1
2025-02-22 05:00:00,2906,4,3,5,22,5,2,2025,1
2025-02-22 05:00:00,2906,2,2,5,22,5,2,2025,1
2025-02-22 07:00:00,2906,8,2,7,22,5,2,2025,1
2025-02-22 09:00:00,2906,2,2,9,22,5,2,2025,1
2025-02-22 11:00:00,2906,3,0,11,22,5,2,2025,1
2025-02-22 11:00:00,2906,2,2,11,22,5,2,2025,1
2025-02-22 12:00:00,2906,5,3,12,22,5,2,2025,1
2025-02-22 12:00:00,2906,4,3,12,22,5,2,2025,1
2025-02-22 13:00:00,2906,5,3,13,22,5,2,2025,1
2025-02-22 16:00:00,2906,6,3,16,22,5,2,2025,1
2025-02-22 17:00:00,2906,1,1,17,22,5,2,2025,1
2025-02-22 17:00:00,2906,6,3,17,22,5,2,2025,1
2025-02-22 20:00:00,2906,2,2,20,22,5,2,2025,1
2025-02-22 23:00:00,2906,7,3,23,22,5,2,2025,1
2025-02-23 00:00:00,2906,8,2,0,23,6,2,2025,1
2025-02-23 01:00:00,2906,5,3,1,23,6,2,2025,1
2025-02-23 03:00:00,2906,1,1,3,23,6,2,2025,1
2025-02-23 03:00:00,2906,8,2,3,23,6,2,2025,1
2025-02-23 06:00:00,2906,4,3,6,23,6,2,2025,1
2025-02-23 06:00:00,2906,8,2,6,23,6,2,2025,1
2025-02-23 07:00:00,2906,3,0,7,23,6,2,2025,1
2025-02-23 08:00:00,2906,4,3,8,23,6,2,2025,1
2025-02-23 08:00:00,2906,6,3,8,23,6,2,2025,1
2025-02-23 08:00:00,2906,1,1,8,23,6,2,2025,1
2025-02-23 10:00:00,2906,1,1,10,23,6,2,2025,1
2025-02-23 11:00:00,2906,4,3,11,23,6,2,2025,1
2025-02-23 14:00:00,2906,7,3,14,23,6,2,2025,1
2025-02-23 14:00:00,2906,8,2,14,23,6,2,2025,1
2025-02-23 15:00:00,2906,3,0,15,23,6,2,2025,1
2025-02-23 18:00:00,2906,1,1,18,23,6,2,2025,1
2025-02-23 19:00:00,2906,2,2,19,23,6,2,2025,1
2025-02-23 21:00:00,2906,2,2,21,23,6,2,2025,1
2025-02-23 22:00:00,2906,9,0,22,23,6,2,2025,1
2025-02-24 01:00:00,2906,5,3,1,24,0,2,2025,0
2025-02-24 01:00:00,2906,7,3,1,24,0,2,2025,0
2025-02-24 02:00:00,2906,9,0,2,24,0,2,2025,0
2025-02-24 03:00:00,2906,9,0,3,24,0,2,2025,0
2025-02-24 03:00:00,2906,1,1,3,24,0,2,2025,0
2025-02-24 05:00:00,2906,8,2,5,24,0,2,2025,0
2025-02-24 07:00:00,2906,5,3,7,24,0,2,2025,0
2025-02-24 08:00:00,2906,7,3,8,24,0,2,2025,0
2025-02-24 08:00:00,2906,2,2,8,24,0,2,2025,0
2025-02-24 09:00:00,2906,3,0,9,24,0,2,2025,0
2025-02-24 14:00:00,2906,9,0,14,24,0,2,2025,0
2025-02-24 14:00:00,2906,1,1,14,24,0,2,2025,0
2025-02-24 18:00:00,2906,7,3,18,24,0,2,2025,0
2025-02-24 20:00:00,2906,1,1,20,24,0,2,2025,0
2025-02-24 22:00:00,2906,7,3,22,24,0,2,2025,0
2025-02-25 00:00:00,2906,3,0,0,25,1,2,2025,0
2025-02-25 00:00:00,2906,7,3,0,25,1,2,2025,0
2025-02-25 02:00:00,2906,4,3,2,25,1,2,2025,0
2025-02-25 04:00:00,2906,4,3,4,25,1,2,2025,0
2025-02-25 05:00:00,2906,6,3,5,25,1,2,2025,0
2025-02-25 06:00:00,2906,3,0,6,25,1,2,2025,0
2025-02-25 07:00:00,2906,4,3,7,25,1,2,2025,0
2025-02-25 08:00:00,2906,9,0,8,25,1,2,2025,0
2025-02-25 09:00:00,2906,4,3,9,25,1,2,2025,0
2025-02-25 10:00:00,2906,6,3,10,25,1,2,2025,0
2025-02-25 11:00:00,2906,2,2,11,25,1,2,2025,0
2025-02-25 12:00:00,2906,1,1,12,25,1,2,2025,0
2025-02-25 18:00:00,2906,8,2,18,25,1,2,2025,0
2025-02-25 20:00:00,2906,8,2,20,25,1,2,2025,0
2025-02-25 20:00:00,2906,9,0,20,25,1,2,2025,0
2025-02-25 21:00:00,2906,7,3,21,25,1,2,2025,0
2025-02-26 04:00:00,2906,6,3,4,26,2,2,2025,0
2025-02-26 04:00:00,2906,8,2,4,26,2,2,2025,0
2025-02-26 04:00:00,2906,4,3,4,26,2,2,2025,0
2025-02-26 05:00:00,2906,4,3,5,26,2,2,2025,0
2025-02-26 09:00:00,2906,1,1,9,26,2,2,2025,0
2025-02-26 09:00:00,2906,9,0,9,26,2,2,2025,0
2025-02-26 12:00:00,2906,3,0,12,26,2,2,2025,0
2025-02-26 12:00:00,2906,4,3,12,26,2,2,2025,0
2025-02-26 14:00:00,2906,3,0,14,26,2,2,2025,0
2025-02-26 16:00:00,2906,2,2,16,26,2,2,2025,0
2025-02-26 16:00:00,2906,7,3,16,26,2,2,2025,0
2025-02-26 17:00:00,2906,2,2,17,26,2,2,2025,0
2025-02-26 18:00:00,2906,2,2,18,26,2,2,2025,0
2025-02-26 18:00:00,2906,6,3,18,26,2,2,2025,0
2025-02-26 18:00:00,2906,3,0,18,26,2,2,2025,0
2025-02-26 19:00:00,2906,1,1,19,26,2,2,2025,0
2025-02-26 23:00:00,2906,1,1,23,26,2,2,2025,0
2025-02-27 02:00:00,2906,3,0,2,27,3,2,2025,0
2025-02-27 03:00:00,2906,8,2,3,27,3,2,2025,0
2025-02-27 03:00:00,2906,4,3,3,27,3,2,2025,0
2025-02-27 04:00:00,2906,4,3,4,27,3,2,2025,0
2025-02-27 07:00:00,2906,6,3,7,27,3,2,2025,0
2025-02-27 07:00:00,2906,5,3,7,27,3,2,2025,0
2025-02-27 08:00:00,2906,7,3,8,27,3,2,2025,0
2025-02-27 08:00:00,2906,5,3,8,27,3,2,2025,0
2025-02-27 08:00:00,2906,3,0,8,27,3,2,2025,0
2025-02-27 09:00:00,2906,1,1,9,27,3,2,2025,0
2025-02-27 09:00:00,2906,6,3,9,27,3,2,2025,0
2025-02-27 11:00:00,2906,6,3,11,27,3,2,2025,0
2025-02-27 12:00:00,2906,7,3,12,27,3,2,2025,0
2025-02-27 13:00:00,2906,5,3,13,27,3,2,2025,0
2025-02-27 15:00:00,2906,5,3,15,27,3,2,2025,0
2025-02-27 15:00:00,2906,9,0,15,27,3,2,2025,0
2025-02-27 16:00:00,2906,7,3,16,27,3,2,2025,0
2025-02-27 18:00:00,2906,7,3,18,27,3,2,2025,0
2025-02-27 19:00:00,2906,3,0,19,27,3,2,2025,0
2025-02-27 19:00:00,2906,7,3,19,27,3,2,2025,0
2025-02-27 20:00:00,2906,9,0,20,27,3,2,2025,0
2025-02-27 20:00:00,2906,2,2,20,27,3,2,2025,0
2025-02-27 22:00:00,2906,9,0,22,27,3,2,2025,0
2025-02-27 22:00:00,2906,2,2,22,27,3,2,2025,0
2025-02-27 23:00:00,2906,8,2,23,27,3,2,2025,0
2025-02-28 01:00:00,2906,9,0,1,28,4,2,2025,0
2025-02-28 01:00:00,2906,6,3,1,28,4,2,2025,0
2025-02-28 05:00:00,2906,4,3,5,28,4,2,2025,0
2025-02-28 11:00:00,2906,7,3,11,28,4,2,2025,0
2025-02-28 12:00:00,2906,3,0,12,28,4,2,2025,0
2025-02-28 13:00:00,2906,4,3,13,28,4,2,2025,0
2025-02-28 16:00:00,2906,4,3,16,28,4,2,2025,0
2025-02-28 17:00:00,2906,8,2,17,28,4,2,2025,0
2025-02-28 20:00:00,2906,2,2,20,28,4,2,2025,0
2025-02-28 22:00:00,2906,9,0,22,28,4,2,2025,0
2025-03-01 02:00:00,2906,5,3,2,1,5,3,2025,1
2025-03-01 02:00:00,2906,7,3,2,1,5,3,2025,1
2025-03-01 02:00:00,2906,9,0,2,1,5,3,2025,1
2025-03-01 03:00:00,2906,8,2,3,1,5,3,2025,1
2025-03-01 06:00:00,2906,9,0,6,1,5,3,2025,1
2025-03-01 06:00:00,2906,4,3,6,1,5,3,2025,1
2025-03-01 06:00:00,2906,6,3,6,1,5,3,2025,1
2025-03-01 07:00:00,2906,5,3,7,1,5,3,2025,1
2025-03-01 08:00:00,2906,9,0,8,1,5,3,2025,1
2025-03-01 09:00:00,2906,2,2,9,1,5,3,2025,1
2025-03-01 10:00:00,2906,7,3,10,1,5,3,2025,1
2025-03-01 12:00:00,2906,9,0,12,1,5,3,2025,1
2025-03-01 13:00:00,2906,7,3,13,1,5,3,2025,1
2025-03-01 13:00:00,2906,2,2,13,1,5,3,2025,1
2025-03-01 13:00:00,2906,1,1,13,1,5,3,2025,1
2025-03-01 14:00:00,2906,9,0,14,1,5,3,2025,1
2025-03-01 14:00:00,2906,7,3,14,1,5,3,2025,1
2025-03-01 14:00:00,2906,4,3,14,1,5,3,2025,1
2025-03-01 15:00:00,2906,2,2,15,1,5,3,2025,1
2025-03-01 16:00:00,2906,1,1,16,1,5,3,2025,1
2025-03-01 18:00:00,2906,1,1,18,1,5,3,2025,1
2025-03-01 21:00:00,2906,8,2,21,1,5,3,2025,1
2025-03-01 21:00:00,2906,6,3,21,1,5,3,2025,1
2025-03-01 21:00:00,2906,2,2,21,1,5,3,2025,1
2025-03-01 23:00:00,2906,5,3,23,1,5,3,2025,1
2025-03-02 00:00:00,2906,4,3,0,2,6,3,2025,1
2025-03-02 03:00:00,2906,6,3,3,2,6,3,2025,1
2025-03-02 04:00:00,2906,4,3,4,2,6,3,2025,1
2025-03-02 05:00:00,2906,5,3,5,2,6,3,2025,1
2025-03-02 07:00:00,2906,4,3,7,2,6,3,2025,1
2025-03-02 07:00:00,2906,6,3,7,2,6,3,2025,1
2025-03-02 08:00:00,2906,3,0,8,2,6,3,2025,1
2025-03-02 11:00:00,2906,4,3,11,2,6,3,2025,1
2025-03-02 12:00:00,2906,9,0,12,2,6,3,2025,1
2025-03-02 12:00:00,2906,8,2,12,2,6,3,2025,1
2025-03-02 12:00:00,2906,6,3,12,2,6,3,2025,1
2025-03-02 12:00:00,2906,7,3,12,2,6,3,2025,1
2025-03-02 14:00:00,2906,6,3,14,2,6,3,2025,1
2025-03-02 16:00:00,2906,8,2,16,2,6,3,2025,1
2025-03-02 17:00:00,2906,7,3,17,2,6,3,2025,1
2025-03-02 20:00:00,2906,6,3,20,2,6,3,2025,1
2025-03-03 01:00:00,2906,4,3,1,3,0,3,2025,0
2025-03-03 05:00:00,2906,5,3,5,3,0,3,2025,0
2025-03-03 07:00:00,2906,5,3,7,3,0,3,2025,0
2025-03-03 07:00:00,2906,8,2,7,3,0,3,2025,0
2025-03-03 09:00:00,2906,1,1,9,3,0,3,2025,0
2025-03-03 09:00:00,2906,3,0,9,3,0,3,2025,0
2025-03-03 11:00:00,2906,4,3,11,3,0,3,2025,0
2025-03-03 12:00:00,2906,9,0,12,3,0,3,2025,0
2025-03-03 12:00:00,2906,3,0,12,3,0,3,2025,0
2025-03-03 14:00:00,2906,6,3,14,3,0,3,2025,0
2025-03-03 15:00:00,2906,6,3,15,3,0,3,2025,0
2025-03-03 18:00:00,2906,7,3,18,3,0,3,2025,0
2025-03-03 19:00:00,2906,6,3,19,3,0,3,2025,0
2025-03-03 20:00:00,2906,3,0,20,3,0,3,2025,0
2025-03-03 21:00:00,2906,6,3,21,3,0,3,2025,0
2025-03-03 23:00:00,2906,6,3,23,3,0,3,2025,0
2025-03-04 00:00:00,2906,4,3,0,4,1,3,2025,0
2025-03-04 01:00:00,2906,1,1,1,4,1,3,2025,0
2025-03-04 01:00:00,2906,5,3,1,4,1,3,2025,0
2025-03-04 02:00:00,2906,3,0,2,4,1,3,2025,0
2025-03-04 02:00:00,2906,9,0,2,4,1,3,2025,0
2025-03-04 03:00:00,2906,8,2,3,4,1,3,2025,0
2025-03-04 04:00:00,2906,8,2,4,4,1,3,2025,0
2025-03-04 06:00:00,2906,1,1,6,4,1,3,2025,0
2025-03-04 07:00:00,2906,8,2,7,4,1,3,2025,0
2025-03-04 07:00:00,2906,3,0,7,4,1,3,2025,0
2025-03-04 07:00:00,2906,4,3,7,4,1,3,2025,0
2025-03-04 09:00:00,2906,2,2,9,4,1,3,2025,0
2025-03-04 09:00:00,2906,8,2,9,4,1,3,2025,0
2025-03-04 14:00:00,2906,1,1,14,4,1,3,2025,0
2025-03-04 14:00:00,2906,2,2,14,4,1,3,2025,0
2025-03-04 16:00:00,2906,9,0,16,4,1,3,2025,0
2025-03-04 16:00:00,2906,4,3,16,4,1,3,2025,0
2025-03-04 18:00:00,2906,6,3,18,4,1,3,2025,0
2025-03-04 19:00:00,2906,4,3,19,4,1,3,2025,0
2025-03-04 21:00:00,2906,4,3,21,4,1,3,2025,0
2025-03-04 21:00:00,2906,6,3,21,4,1,3,2025,0
2025-03-04 23:00:00,2906,7,3,23,4,1,3,2025,0
2025-03-05 00:00:00,2906,8,2,0,5,2,3,2025,0
2025-03-05 00:00:00,2906,6,3,0,5,2,3,2025,0
2025-03-05 02:00:00,2906,9,0,2,5,2,3,2025,0
2025-03-05 03:00:00,2906,5,3,3,5,2,3,2025,0
2025-03-05 05:00:00,2906,7,3,5,5,2,3,2025,0
2025-03-05 06:00:00,2906,9,0,6,5,2,3,2025,0
2025-03-05 09:00:00,2906,7,3,9,5,2,3,2025,0
2025-03-05 10:00:00,2906,3,0,10,5,2,3,2025,0
2025-03-05 11:00:00,2906,2,2,11,5,2,3,2025,0
2025-03-05 14:00:00,2906,2,2,14,5,2,3,2025,0
2025-03-05 15:00:00,2906,8,2,15,5,2,3,2025,0
2025-03-05 15:00:00,2906,1,1,15,5,2,3,2025,0
2025-03-05 18:00:00,2906,7,3,18,5,2,3,2025,0
2025-03-05 20:00:00,2906,9,0,20,5,2,3,2025,0
2025-03-05 21:00:00,2906,1,1,21,5,2,3,2025,0
2025-03-05 22:00:00,2906,3,0,22,5,2,3,2025,0
2025-03-05 23:00:00,2906,4,3,23,5,2,3,2025,0
2025-03-06 00:00:00,2906,8,2,0,6,3,3,2025,0
2025-03-06 01:00:00,2906,4,3,1,6,3,3,2025,0
2025-03-06 02:00:00,2906,7,3,2,6,3,3,2025,0
2025-03-06 02:00:00,2906,4,3,2,6,3,3,2025,0
2025-03-06 04:00:00,2906,2,2,4,6,3,3,2025,0
2025-03-06 05:00:00,2906,1,1,5,6,3,3,2025,0
2025-03-06 09:00:00,2906,8,2,9,6,3,3,2025,0
2025-03-06 10:00:00,2906,9,0,10,6,3,3,2025,0
2025-03-06 13:00:00,2906,1,1,13,6,3,3,2025,0
2025-03-06 13:00:00,2906,9,0,13,6,3,3,2025,0
2025-03-06 14:00:00,2906,3,0,14,6,3,3,2025,0
2025-03-06 15:00:00,2906,4,3,15,6,3,3,2025,0
2025-03-06 19:00:00,2906,1,1,19,6,3,3,2025,0
2025-03-06 21:00:00,2906,8,2,21,6,3,3,2025,0
2025-03-06 21:00:00,2906,7,3,21,6,3,3,2025,0
2025-03-06 22:00:00,2906,3,0,22,6,3,3,2025,0
2025-03-06 23:00:00,2906,9,0,23,6,3,3,2025,0
2025-03-06 23:00:00,2906,7,3,23,6,3,3,2025,0
2025-03-07 01:00:00,2906,7,3,1,7,4,3,2025,0
2025-03-07 02:00:00,2906,4,3,2,7,4,3,2025,0
2025-03-07 07:00:00,2906,5,3,7,7,4,3,2025,0
2025-03-07 13:00:00,2906,5,3,13,7,4,3,2025,0
2025-03-07 17:00:00,2906,7,3,17,7,4,3,2025,0
2025-03-07 19:00:00,2906,1,1,19,7,4,3,2025,0
2025-03-07 22:00:00,2906,8,2,22,7,4,3,2025,0
2025-03-07 22:00:00,2906,4,3,22,7,4,3,2025,0
2025-03-07 22:00:00,2906,2,2,22,7,4,3,2025,0
2025-03-07 23:00:00,2906,7,3,23,7,4,3,2025,0
2025-03-08 01:00:00,2906,7,3,1,8,5,3,2025,1
2025-03-08 05:00:00,2906,6,3,5,8,5,3,2025,1
2025-03-08 06:00:00,2906,8,2,6,8,5,3,2025,1
2025-03-08 06:00:00,2906,1,1,6,8,5,3,2025,1
2025-03-08 06:00:00,2906,4,3,6,8,5,3,2025,1
2025-03-08 09:00:00,2906,7,3,9,8,5,3,2025,1
2025-03-08 10:00:00,2906,4,3,10,8,5,3,2025,1
2025-03-08 12:00:00,2906,2,2,12,8,5,3,2025,1
2025-03-08 13:00:00,2906,7,3,13,8,5,3,2025,1
2025-03-08 13:00:00,2906,4,3,13,8,5,3,2025,1
2025-03-08 14:00:00,2906,6,3,14,8,5,3,2025,1
2025-03-08 14:00:00,2906,8,2,14,8,5,3,2025,1
2025-03-08 15:00:00,2906,9,0,15,8,5,3,2025,1
2025-03-08 16:00:00,2906,2,2,16,8,5,3,2025,1
2025-03-08 19:00:00,2906,8,2,19,8,5,3,2025,1
2025-03-08 20:00:00,2906,8,2,20,8,5,3,2025,1
2025-03-08 21:00:00,2906,9,0,21,8,5,3,2025,1
2025-03-08 21:00:00,2906,8,2,21,8,5,3,2025,1
2025-03-08 22:00:00,2906,3,0,22,8,5,3,2025,1
2025-03-08 22:00:00,2906,5,3,22,8,5,3,2025,1
2025-03-08 23:00:00,2906,9,0,23,8,5,3,2025,1
2025-03-08 23:00:00,2906,1,1,23,8,5,3,2025,1
2025-03-09 00:00:00,2906,4,3,0,9,6,3,2025,1
2025-03-09 01:00:00,2906,1,1,1,9,6,3,2025,1
2025-03-09 02:00:00,2906,2,2,2,9,6,3,2025,1
2025-03-09 04:00:00,2906,6,3,4,9,6,3,2025,1
2025-03-09 05:00:00,2906,1,1,5,9,6,3,2025,1
2025-03-09 06:00:00,2906,5,3,6,9,6,3,2025,1
2025-03-09 07:00:00,2906,3,0,7,9,6,3,2025,1
2025-03-09 08:00:00,2906,5,3,8,9,6,3,2025,1
2025-03-09 10:00:00,2906,3,0,10,9,6,3,2025,1
2025-03-09 12:00:00,2906,9,0,12,9,6,3,2025,1
2025-03-09 13:00:00,2906,5,3,13,9,6,3,2025,1
2025-03-09 13:00:00,2906,2,2,13,9,6,3,2025,1
2025-03-09 15:00:00,2906,8,2,15,9,6,3,2025,1
2025-03-09 15:00:00,2906,2,2,15,9,6,3,2025,1
2025-03-09 16:00:00,2906,9,0,16,9,6,3,2025,1
2025-03-09 16:00:00,2906,2,2,16,9,6,3,2025,1
2025-03-09 17:00:00,2906,6,3,17,9,6,3,2025,1
2025-03-09 19:00:00,2906,9,0,19,9,6,3,2025,1
2025-03-09 19:00:00,2906,3,0,19,9,6,3,2025,1
2025-03-09 22:00:00,2906,9,0,22,9,6,3,2025,1
2025-03-10 00:00:00,2906,6,3,0,10,0,3,2025,0
2025-03-10 02:00:00,2906,3,0,2,10,0,3,2025,0
2025-03-10 03:00:00,2906,7,3,3,10,0,3,2025,0
2025-03-10 03:00:00,2906,6,3,3,10,0,3,2025,0
2025-03-10 04:00:00,2906,2,2,4,10,0,3,2025,0
2025-03-10 06:00:00,2906,4,3,6,10,0,3,2025,0
2025-03-10 08:00:00,2906,5,3,8,10,0,3,2025,0
2025-03-10 13:00:00,2906,4,3,13,10,0,3,2025,0
2025-03-10 14:00:00,2906,2,2,14,10,0,3,2025,0
2025-03-10 15:00:00,2906,8,2,15,10,0,3,2025,0
2025-03-10 17:00:00,2906,7,3,17,10,0,3,2025,0
2025-03-10 17:00:00,2906,1,1,17,10,0,3,2025,0
2025-03-10 21:00:00,2906,8,2,21,10,0,3,2025,0
2025-03-11 01:00:00,2906,4,3,1,11,1,3,2025,0
2025-03-11 07:00:00,2906,1,1,7,11,1,3,2025,0
2025-03-11 08:00:00,2906,7,3,8,11,1,3,2025,0
2025-03-11 09:00:00,2906,5,3,9,11,1,3,2025,0
2025-03-11 10:00:00,2906,7,3,10,11,1,3,2025,0
2025-03-11 12:00:00,2906,5,3,12,11,1,3,2025,0
2025-03-11 13:00:00,2906,4,3,13,11,1,3,2025,0
2025-03-11 13:00:00,2906,1,1,13,11,1,3,2025,0
2025-03-11 14:00:00,2906,4,3,14,11,1,3,2025,0
2025-03-11 16:00:00,2906,2,2,16,11,1,3,2025,0
2025-03-11 17:00:00,2906,7,3,17,11,1,3,2025,0
2025-03-11 19:00:00,2906,6,3,19,11,1,3,2025,0
2025-03-11 20:00:00,2906,5,3,20,11,1,3,2025,0
2025-03-11 23:00:00,2906,4,3,23,11,1,3,2025,0
2025-03-11 23:00:00,2906,8,2,23,11,1,3,2025,0
2025-03-12 00:00:00,2906,6,3,0,12,2,3,2025,0
2025-03-12 03:00:00,2906,4,3,3,12,2,3,2025,0
2025-03-12 07:00:00,2906,1,1,7,12,2,3,2025,0
2025-03-12 07:00:00,2906,5,3,7,12,2,3,2025,0
2025-03-12 09:00:00,2906,7,3,9,12,2,3,2025,0
2025-03-12 15:00:00,2906,9,0,15,12,2,3,2025,0
2025-03-12 17:00:00,2906,1,1,17,12,2,3,2025,0
2025-03-12 18:00:00,2906,5,3,18,12,2,3,2025,0
2025-03-12 19:00:00,2906,4,3,19,12,2,3,2025,0
2025-03-12 21:00:00,2906,7,3,21,12,2,3,2025,0
2025-03-12 22:00:00,2906,5,3,22,12,2,3,2025,0
2025-03-13 01:00:00,2906,5,3,1,13,3,3,2025,0
2025-03-13 03:00:00,2906,4,3,3,13,3,3,2025,0
2025-03-13 04:00:00,2906,8,2,4,13,3,3,2025,0
2025-03-13 05:00:00,2906,4,3,5,13,3,3,2025,0
2025-03-13 06:00:00,2906,8,2,6,13,3,3,2025,0
2025-03-13 06:00:00,2906,6,3,6,13,3,3,2025,0
2025-03-13 07:00:00,2906,9,0,7,13,3,3,2025,0
2025-03-13 10:00:00,2906,7,3,10,13,3,3,2025,0
2025-03-13 10:00:00,2906,3,0,10,13,3,3,2025,0
2025-03-13 11:00:00,2906,6,3,11,13,3,3,2025,0
2025-03-13 15:00:00,2906,7,3,15,13,3,3,2025,0
2025-03-13 19:00:00,2906,4,3,19,13,3,3,2025,0
2025-03-14 00:00:00,2906,8,2,0,14,4,3,2025,0
2025-03-14 02:00:00,2906,5,3,2,14,4,3,2025,0
2025-03-14 03:00:00,2906,7,3,3,14,4,3,2025,0
2025-03-14 03:00:00,2906,1,1,3,14,4,3,2025,0
2025-03-14 03:00:00,2906,6,3,3,14,4,3,2025,0
2025-03-14 15:00:00,2906,5,3,15,14,4,3,2025,0
2025-03-14 15:00:00,2906,1,1,15,14,4,3,2025,0
2025-03-14 16:00:00,2906,2,2,16,14,4,3,2025,0
2025-03-14 17:00:00,2906,1,1,17,14,4,3,2025,0
2025-03-14 18:00:00,2906,7,3,18,14,4,3,2025,0
2025-03-14 19:00:00,2906,3,0,19,14,4,3,2025,0
2025-03-14 20:00:00,2906,3,0,20,14,4,3,2025,0
2025-03-14 21:00:00,2906,6,3,21,14,4,3,2025,0
2025-03-14 22:00:00,2906,9,0,22,14,4,3,2025,0
2025-03-15 02:00:00,2906,2,2,2,15,5,3,2025,1
2025-03-15 04:00:00,2906,8,2,4,15,5,3,2025,1
2025-03-15 04:00:00,2906,1,1,4,15,5,3,2025,1
2025-03-15 04:00:00,2906,9,0,4,15,5,3,2025,1
2025-03-15 06:00:00,2906,5,3,6,15,5,3,2025,1
2025-03-15 06:00:00,2906,4,3,6,15,5,3,2025,1
2025-03-15 12:00:00,2906,1,1,12,15,5,3,2025,1
2025-03-15 12:00:00,2906,4,3,12,15,5,3,2025,1
2025-03-15 16:00:00,2906,9,0,16,15,5,3,2025,1
2025-03-15 16:00:00,2906,2,2,16,15,5,3,2025,1
2025-03-15 17:00:00,2906,7,3,17,15,5,3,2025,1
2025-03-15 19:00:00,2906,5,3,19,15,5,3,2025,1
2025-03-15 19:00:00,2906,6,3,19,15,5,3,2025,1
2025-03-15 19:00:00,2906,4,3,19,15,5,3,2025,1
2025-03-15 21:00:00,2906,3,0,21,15,5,3,2025,1
2025-03-15 23:00:00,2906,8,2,23,15,5,3,2025,1
2025-03-16 04:00:00,2906,9,0,4,16,6,3,2025,1
2025-03-16 05:00:00,2906,2,2,5,16,6,3,2025,1
2025-03-16 05:00:00,2906,5,3,5,16,6,3,2025,1
2025-03-16 06:00:00,2906,4,3,6,16,6,3,2025,1
2025-03-16 07:00:00,2906,1,1,7,16,6,3,2025,1
2025-03-16 15:00:00,2906,9,0,15,16,6,3,2025,1
2025-03-16 16:00:00,2906,3,0,16,16,6,3,2025,1
2025-03-16 17:00:00,2906,4,3,17,16,6,3,2025,1
2025-03-16 18:00:00,2906,2,2,18,16,6,3,2025,1
2025-03-16 21:00:00,2906,4,3,21,16,6,3,2025,1
2025-03-17 00:00:00,2906,5,3,0,17,0,3,2025,0
2025-03-17 01:00:00,2906,2,2,1,17,0,3,2025,0
2025-03-17 03:00:00,2906,7,3,3,17,0,3,2025,0
2025-03-17 06:00:00,2906,5,3,6,17,0,3,2025,0
2025-03-17 06:00:00,2906,8,2,6,17,0,3,2025,0
2025-03-17 06:00:00,2906,6,3,6,17,0,3,2025,0
2025-03-17 07:00:00,2906,2,2,7,17,0,3,2025,0
2025-03-17 09:00:00,2906,1,1,9,17,0,3,2025,0
2025-03-17 12:00:00,2906,1,1,12,17,0,3,2025,0
2025-03-17 12:00:00,2906,9,0,12,17,0,3,2025,0
2025-03-17 12:00:00,2906,5,3,12,17,0,3,2025,0
2025-03-17 13:00:00,2906,1,1,13,17,0,3,2025,0
2025-03-17 13:00:00,2906,6,3,13,17,0,3,2025,0
2025-03-17 14:00:00,2906,2,2,14,17,0,3,2025,0
2025-03-17 14:00:00,2906,4,3,14,17,0,3,2025,0
2025-03-17 15:00:00,2906,8,2,15,17,0,3,2025,0
2025-03-17 16:00:00,2906,4,3,16,17,0,3,2025,0
2025-03-17 16:00:00,2906,2,2,16,17,0,3,2025,0
2025-03-17 18:00:00,2906,7,3,18,17,0,3,2025,0
2025-03-17 19:00:00,2906,3,0,19,17,0,3,2025,0
2025-03-17 20:00:00,2906,5,3,20,17,0,3,2025,0
2025-03-17 22:00:00,2906,3,0,22,17,0,3,2025,0
2025-03-17 23:00:00,2906,8,2,23,17,0,3,2025,0
2025-03-17 23:00:00,2906,5,3,23,17,0,3,2025,0
2025-03-18 00:00:00,2906,4,3,0,18,1,3,2025,0
2025-03-18 02:00:00,2906,3,0,2,18,1,3,2025,0
2025-03-18 03:00:00,2906,4,3,3,18,1,3,2025,0
2025-03-18 03:00:00,2906,6,3,3,18,1,3,2025,0
2025-03-18 07:00:00,2906,5,3,7,18,1,3,2025,0
2025-03-18 08:00:00,2906,6,3,8,18,1,3,2025,0
2025-03-18 09:00:00,2906,7,3,9,18,1,3,2025,0
2025-03-18 11:00:00,2906,3,0,11,18,1,3,2025,0
2025-03-18 13:00:00,2906,9,0,13,18,1,3,2025,0
2025-03-18 13:00:00,2906,5,3,13,18,1,3,2025,0
2025-03-18 14:00:00,2906,1,1,14,18,1,3,2025,0
2025-03-18 19:00:00,2906,2,2,19,18,1,3,2025,0
2025-03-18 21:00:00,2906,7,3,21,18,1,3,2025,0
2025-03-18 21:00:00,2906,8,2,21,18,1,3,2025,0
2025-03-18 21:00:00,2906,5,3,21,18,1,3,2025,0
2025-03-18 22:00:00,2906,4,3,22,18,1,3,2025,0
2025-03-18 23:00:00,2906,5,3,23,18,1,3,2025,0
2025-03-19 01:00:00,2906,6,3,1,19,2,3,2025,0
2025-03-19 02:00:00,2906,7,3,2,19,2,3,2025,0
2025-03-19 03:00:00,2906,6,3,3,19,2,3,2025,0
2025-03-19 03:00:00,2906,5,3,3,19,2,3,2025,0
2025-03-19 04:00:00,2906,7,3,4,19,2,3,2025,0
2025-03-19 04:00:00,2906,2,2,4,19,2,3,2025,0
2025-03-19 05:00:00,2906,8,2,5,19,2,3,2025,0
2025-03-19 05:00:00,2906,5,3,5,19,2,3,2025,0
2025-03-19 09:00:00,2906,8,2,9,19,2,3,2025,0
2025-03-19 11:00:00,2906,9,0,11,19,2,3,2025,0
2025-03-19 12:00:00,2906,6,3,12,19,2,3,2025,0
2025-03-19 13:00:00,2906,7,3,13,19,2,3,2025,0
2025-03-19 14:00:00,2906,1,1,14,19,2,3,2025,0
2025-03-19 14:00:00,2906,8,2,14,19,2,3,2025,0
2025-03-19 15:00:00,2906,8,2,15,19,2,3,2025,0
2025-03-19 18:00:00,2906,3,0,18,19,2,3,2025,0
2025-03-19 19:00:00,2906,6,3,19,19,2,3,2025,0
2025-03-19 20:00:00,2906,7,3,20,19,2,3,2025,0
2025-03-19 21:00:00,2906,5,3,21,19,2,3,2025,0
2025-03-19 22:00:00,2906,7,3,22,19,2,3,2025,0
2025-03-19 23:00:00,2906,1,1,23,19,2,3,2025,0
2025-03-20 00:00:00,2906,2,2,0,20,3,3,2025,0
2025-03-20 01:00:00,2906,2,2,1,20,3,3,2025,0
2025-03-20 02:00:00,2906,7,3,2,20,3,3,2025,0
2025-03-20 02:00:00,2906,4,3,2,20,3,3,2025,0
2025-03-20 10:00:00,2906,6,3,10,20,3,3,2025,0
2025-03-20 10:00:00,2906,9,0,10,20,3,3,2025,0
2025-03-20 11:00:00,2906,2,2,11,20,3,3,2025,0
2025-03-20 12:00:00,2906,8,2,12,20,3,3,2025,0
2025-03-20 12:00:00,2906,9,0,12,20,3,3,2025,0
2025-03-20 13:00:00,2906,3,0,13,20,3,3,2025,0
2025-03-20 13:00:00,2906,7,3,13,20,3,3,2025,0
2025-03-20 14:00:00,2906,2,2,14,20,3,3,2025,0
2025-03-20 17:00:00,2906,3,0,17,20,3,3,2025,0
2025-03-20 18:00:00,2906,9,0,18,20,3,3,2025,0
2025-03-20 22:00:00,2906,5,3,22,20,3,3,2025,0
2025-03-20 22:00:00,2906,4,3,22,20,3,3,2025,0
2025-03-20 23:00:00,2906,8,2,23,20,3,3,2025,0
2025-03-20 23:00:00,2906,5,3,23,20,3,3,2025,0
2025-03-21 00:00:00,2906,8,2,0,21,4,3,2025,0
2025-03-21 01:00:00,2906,7,3,1,21,4,3,2025,0
2025-03-21 02:00:00,2906,9,0,2,21,4,3,2025,0
2025-03-21 03:00:00,2906,9,0,3,21,4,3,2025,0
2025-03-21 03:00:00,2906,5,3,3,21,4,3,2025,0
2025-03-21 03:00:00,2906,6,3,3,21,4,3,2025,0
2025-03-21 04:00:00,2906,7,3,4,21,4,3,2025,0
2025-03-21 05:00:00,2906,6,3,5,21,4,3,2025,0
2025-03-21 05:00:00,2906,1,1,5,21,4,3,2025,0
2025-03-21 07:00:00,2906,6,3,7,21,4,3,2025,0
2025-03-21 09:00:00,2906,7,3,9,21,4,3,2025,0
2025-03-21 13:00:00,2906,4,3,13,21,4,3,2025,0
2025-03-21 14:00:00,2906,8,2,14,21,4,3,2025,0
2025-03-21 14:00:00,2906,4,3,14,21,4,3,2025,0
2025-03-21 16:00:00,2906,9,0,16,21,4,3,2025,0
2025-03-21 16:00:00,2906,3,0,16,21,4,3,2025,0
2025-03-21 17:00:00,2906,7,3,17,21,4,3,2025,0
2025-03-21 19:00:00,2906,3,0,19,21,4,3,2025,0
2025-03-21 19:00:00,2906,6,3,19,21,4,3,2025,0
2025-03-21 20:00:00,2906,9,0,20,21,4,3,2025,0
2025-03-21 22:00:00,2906,3,0,22,21,4,3,2025,0
2025-03-22 00:00:00,2906,8,2,0,22,5,3,2025,1
2025-03-22 00:00:00,2906,4,3,0,22,5,3,2025,1
2025-03-22 00:00:00,2906,1,1,0,22,5,3,2025,1
2025-03-22 02:00:00,2906,9,0,2,22,5,3,2025,1
2025-03-22 02:00:00,2906,6,3,2,22,5,3,2025,1
2025-03-22 03:00:00,2906,3,0,3,22,5,3,2025,1
2025-03-22 04:00:00,2906,5,3,4,22,5,3,2025,1
2025-03-22 05:00:00,2906,4,3,5,22,5,3,2025,1
2025-03-22 06:00:00,2906,3,0,6,22,5,3,2025,1
2025-03-22 10:00:00,2906,3,0,10,22,5,3,2025,1
2025-03-22 11:00:00,2906,5,3,11,22,5,3,2025,1
2025-03-22 14:00:00,2906,9,0,14,22,5,3,2025,1
2025-03-22 16:00:00,2906,9,0,16,22,5,3,2025,1
2025-03-22 18:00:00,2906,6,3,18,22,5,3,2025,1
2025-03-22 19:00:00,2906,2,2,19,22,5,3,2025,1
2025-03-22 19:00:00,2906,9,0,19,22,5,3,2025,1
2025-03-22 21:00:00,2906,1,1,21,22,5,3,2025,1
2025-03-22 22:00:00,2906,9,0,22,22,5,3,2025,1
2025-03-22 22:00:00,2906,8,2,22,22,5,3,2025,1
2025-03-22 22:00:00,2906,3,0,22,22,5,3,2025,1
2025-03-22 23:00:00,2906,2,2,23,22,5,3,2025,1
2025-03-22 23:00:00,2906,1,1,23,22,5,3,2025,1
2025-03-23 00:00:00,2906,9,0,0,23,6,3,2025,1
2025-03-23 00:00:00,2906,5,3,0,23,6,3,2025,1
2025-03-23 03:00:00,2906,5,3,3,23,6,3,2025,1
2025-03-23 04:00:00,2906,1,1,4,23,6,3,2025,1
2025-03-23 06:00:00,2906,5,3,6,23,6,3,2025,1
2025-03-23 06:00:00,2906,4,3,6,23,6,3,2025,1
2025-03-23 09:00:00,2906,7,3,9,23,6,3,2025,1
2025-03-23 09:00:00,2906,1,1,9,23,6,3,2025,1
2025-03-23 13:00:00,2906,2,2,13,23,6,3,2025,1
2025-03-23 15:00:00,2906,6,3,15,23,6,3,2025,1
2025-03-23 16:00:00,2906,5,3,16,23,6,3,2025,1
2025-03-23 17:00:00,2906,3,0,17,23,6,3,2025,1
2025-03-23 21:00:00,2906,8,2,21,23,6,3,2025,1
2025-03-23 22:00:00,2906,3,0,22,23,6,3,2025,1
2025-03-23 23:00:00,2906,1,1,23,23,6,3,2025,1
2025-03-23 23:00:00,2906,5,3,23,23,6,3,2025,1
2025-03-24 01:00:00,2906,4,3,1,24,0,3,2025,0
2025-03-24 03:00:00,2906,5,3,3,24,0,3,2025,0
2025-03-24 04:00:00,2906,6,3,4,24,0,3,2025,0
2025-03-24 05:00:00,2906,8,2,5,24,0,3,2025,0
2025-03-24 08:00:00,2906,3,0,8,24,0,3,2025,0
2025-03-24 09:00:00,2906,8,2,9,24,0,3,2025,0
2025-03-24 09:00:00,2906,9,0,9,24,0,3,2025,0
2025-03-24 09:00:00,2906,1,1,9,24,0,3,2025,0
2025-03-24 09:00:00,2906,2,2,9,24,0,3,2025,0
2025-03-24 12:00:00,2906,6,3,12,24,0,3,2025,0
2025-03-24 15:00:00,2906,1,1,15,24,0,3,2025,0
2025-03-24 15:00:00,2906,2,2,15,24,0,3,2025,0
2025-03-24 16:00:00,2906,2,2,16,24,0,3,2025,0
2025-03-24 22:00:00,2906,3,0,22,24,0,3,2025,0
2025-03-25 00:00:00,2906,9,0,0,25,1,3,2025,0
2025-03-25 02:00:00,2906,5,3,2,25,1,3,2025,0
2025-03-25 06:00:00,2906,3,0,6,25,1,3,2025,0
2025-03-25 07:00:00,2906,4,3,7,25,1,3,2025,0
2025-03-25 11:00:00,2906,2,2,11,25,1,3,2025,0
2025-03-25 12:00:00,2906,9,0,12,25,1,3,2025,0
2025-03-25 13:00:00,2906,5,3,13,25,1,3,2025,0
2025-03-25 14:00:00,2906,2,2,14,25,1,3,2025,0
2025-03-25 15:00:00,2906,5,3,15,25,1,3,2025,0
2025-03-25 15:00:00,2906,2,2,15,25,1,3,2025,0
2025-03-25 16:00:00,2906,4,3,16,25,1,3,2025,0
2025-03-25 16:00:00,2906,6,3,16,25,1,3,2025,0
2025-03-25 18:00:00,2906,2,2,18,25,1,3,2025,0
2025-03-25 18:00:00,2906,9,0,18,25,1,3,2025,0
2025-03-25 20:00:00,2906,3,0,20,25,1,3,2025,0
2025-03-25 21:00:00,2906,2,2,21,25,1,3,2025,0
2025-03-25 21:00:00,2906,3,0,21,25,1,3,2025,0
2025-03-25 23:00:00,2906,6,3,23,25,1,3,2025,0
2025-03-25 23:00:00,2906,2,2,23,25,1,3,2025,0
2025-03-26 00:00:00,2906,6,3,0,26,2,3,2025,0
2025-03-26 01:00:00,2906,3,0,1,26,2,3,2025,0
2025-03-26 02:00:00,2906,6,3,2,26,2,3,2025,0
2025-03-26 03:00:00,2906,9,0,3,26,2,3,2025,0
2025-03-26 04:00:00,2906,9,0,4,26,2,3,2025,0
2025-03-26 05:00:00,2906,2,2,5,26,2,3,2025,0
2025-03-26 07:00:00,2906,2,2,7,26,2,3,2025,0
2025-03-26 09:00:00,2906,1,1,9,26,2,3,2025,0
2025-03-26 12:00:00,2906,2,2,12,26,2,3,2025,0
2025-03-26 14:00:00,2906,3,0,14,26,2,3,2025,0
2025-03-26 14:00:00,2906,7,3,14,26,2,3,2025,0
2025-03-26 17:00:00,2906,4,3,17,26,2,3,2025,0
2025-03-26 18:00:00,2906,6,3,18,26,2,3,2025,0
2025-03-26 19:00:00,2906,5,3,19,26,2,3,2025,0
2025-03-26 20:00:00,2906,5,3,20,26,2,3,2025,0
2025-03-26 22:00:00,2906,3,0,22,26,2,3,2025,0
2025-03-27 01:00:00,2906,8,2,1,27,3,3,2025,0
2025-03-27 06:00:00,2906,2,2,6,27,3,3,2025,0
2025-03-27 07:00:00,2906,1,1,7,27,3,3,2025,0
2025-03-27 08:00:00,2906,9,0,8,27,3,3,2025,0
2025-03-27 10:00:00,2906,9,0,10,27,3,3,2025,0
2025-03-27 10:00:00,2906,5,3,10,27,3,3,2025,0
2025-03-27 12:00:00,2906,7,3,12,27,3,3,2025,0
2025-03-27 15:00:00,2906,1,1,15,27,3,3,2025,0
2025-03-27 15:00:00,2906,8,2,15,27,3,3,2025,0
2025-03-27 16:00:00,2906,8,2,16,27,3,3,2025,0
2025-03-27 18:00:00,2906,4,3,18,27,3,3,2025,0
2025-03-27 19:00:00,2906,4,3,19,27,3,3,2025,0
2025-03-27 20:00:00,2906,1,1,20,27,3,3,2025,0
2025-03-27 20:00:00,2906,7,3,20,27,3,3,2025,0
2025-03-27 22:00:00,2906,4,3,22,27,3,3,2025,0
2025-03-28 00:00:00,2906,3,0,0,28,4,3,2025,0
2025-03-28 00:00:00,2906,4,3,0,28,4,3,2025,0
2025-03-28 03:00:00,2906,7,3,3,28,4,3,2025,0
2025-03-28 05:00:00,2906,5,3,5,28,4,3,2025,0
2025-03-28 06:00:00,2906,5,3,6,28,4,3,2025,0
2025-03-28 12:00:00,2906,2,2,12,28,4,3,2025,0
2025-03-28 13:00:00,2906,5,3,13,28,4,3,2025,0
2025-03-28 14:00:00,2906,4,3,14,28,4,3,2025,0
2025-03-28 15:00:00,2906,4,3,15,28,4,3,2025,0
2025-03-28 17:00:00,2906,6,3,17,28,4,3,2025,0
2025-03-28 20:00:00,2906,5,3,20,28,4,3,2025,0
2025-03-29 02:00:00,2906,2,2,2,29,5,3,2025,1
2025-03-29 03:00:00,2906,7,3,3,29,5,3,2025,1
2025-03-29 04:00:00,2906,5,3,4,29,5,3,2025,1
2025-03-29 05:00:00,2906,9,0,5,29,5,3,2025,1
2025-03-29 07:00:00,2906,6,3,7,29,5,3,2025,1
2025-03-29 09:00:00,2906,4,3,9,29,5,3,2025,1
2025-03-29 09:00:00,2906,3,0,9,29,5,3,2025,1
2025-03-29 09:00:00,2906,1,1,9,29,5,3,2025,1
2025-03-29 12:00:00,2906,9,0,12,29,5,3,2025,1
2025-03-29 13:00:00,2906,1,1,13,29,5,3,2025,1
2025-03-29 14:00:00,2906,9,0,14,29,5,3,2025,1
2025-03-29 16:00:00,2906,1,1,16,29,5,3,2025,1
2025-03-29 17:00:00,2906,2,2,17,29,5,3,2025,1
2025-03-29 18:00:00,2906,9,0,18,29,5,3,2025,1
2025-03-29 20:00:00,2906,5,3,20,29,5,3,2025,1
2025-03-29 20:00:00,2906,3,0,20,29,5,3,2025,1
2025-03-29 21:00:00,2906,3,0,21,29,5,3,2025,1
2025-03-29 21:00:00,2906,2,2,21,29,5,3,2025,1
2025-03-29 21:00:00,2906,7,3,21,29,5,3,2025,1
2025-03-30 01:00:00,2906,4,3,1,30,6,3,2025,1
2025-03-30 03:00:00,2906,8,2,3,30,6,3,2025,1
2025-03-30 03:00:00,2906,4,3,3,30,6,3,2025,1
2025-03-30 04:00:00,2906,9,0,4,30,6,3,2025,1
2025-03-30 04:00:00,2906,3,0,4,30,6,3,2025,1
2025-03-30 07:00:00,2906,2,2,7,30,6,3,2025,1
2025-03-30 08:00:00,2906,7,3,8,30,6,3,2025,1
2025-03-30 09:00:00,2906,3,0,9,30,6,3,2025,1
2025-03-30 09:00:00,2906,1,1,9,30,6,3,2025,1
2025-03-30 13:00:00,2906,7,3,13,30,6,3,2025,1
2025-03-30 13:00:00,2906,5,3,13,30,6,3,2025,1
2025-03-30 14:00:00,2906,4,3,14,30,6,3,2025,1
2025-03-30 16:00:00,2906,1,1,16,30,6,3,2025,1
2025-03-30 17:00:00,2906,5,3,17,30,6,3,2025,1
2025-03-30 17:00:00,2906,6,3,17,30,6,3,2025,1
2025-03-30 19:00:00,2906,8,2,19,30,6,3,2025,1
2025-03-30 21:00:00,2906,8,2,21,30,6,3,2025,1
2025-03-30 23:00:00,2906,3,0,23,30,6,3,2025,1
2025-03-30 23:00:00,2906,2,2,23,30,6,3,2025,1
2025-03-31 02:00:00,2906,5,3,2,31,0,3,2025,0
2025-03-31 03:00:00,2906,3,0,3,31,0,3,2025,0
2025-03-31 04:00:00,2906,3,0,4,31,0,3,2025,0
2025-03-31 05:00:00,2906,2,2,5,31,0,3,2025,0
2025-03-31 07:00:00,2906,6,3,7,31,0,3,2025,0
2025-03-31 08:00:00,2906,9,0,8,31,0,3,2025,0
2025-03-31 08:00:00,2906,5,3,8,31,0,3,2025,0
2025-03-31 08:00:00,2906,4,3,8,31,0,3,2025,0
2025-03-31 10:00:00,2906,6,3,10,31,0,3,2025,0
2025-03-31 14:00:00,2906,2,2,14,31,0,3,2025,0
2025-03-31 14:00:00,2906,9,0,14,31,0,3,2025,0
2025-03-31 16:00:00,2906,3,0,16,31,0,3,2025,0
2025-03-31 19:00:00,2906,3,0,19,31,0,3,2025,0
2025-03-31 19:00:00,2906,7,3,19,31,0,3,2025,0
2025-03-31 21:00:00,2906,4,3,21,31,0,3,2025,0
2025-03-31 21:00:00,2906,1,1,21,31,0,3,2025,0
2025-03-31 22:00:00,2906,1,1,22,31,0,3,2025,0
2025-03-31 23:00:00,2906,8,2,23,31,0,3,2025,0
2025-03-31 23:00:00,2906,9,0,23,31,0,3,2025,0
2025-04-01 06:00:00,2906,1,1,6,1,1,4,2025,0
2025-04-01 07:00:00,2906,8,2,7,1,1,4,2025,0
2025-04-01 08:00:00,2906,3,0,8,1,1,4,2025,0
2025-04-01 08:00:00,2906,6,3,8,1,1,4,2025,0
2025-04-01 11:00:00,2906,7,3,11,1,1,4,2025,0
2025-04-01 11:00:00,2906,4,3,11,1,1,4,2025,0
2025-04-01 12:00:00,2906,8,2,12,1,1,4,2025,0
2025-04-01 16:00:00,2906,1,1,16,1,1,4,2025,0
2025-04-01 17:00:00,2906,1,1,17,1,1,4,2025,0
2025-04-01 19:00:00,2906,4,3,19,1,1,4,2025,0
2025-04-01 21:00:00,2906,1,1,21,1,1,4,2025,0
2025-04-01 21:00:00,2906,9,0,21,1,1,4,2025,0
2025-04-01 22:00:00,2906,5,3,22,1,1,4,2025,0
2025-04-01 23:00:00,2906,6,3,23,1,1,4,2025,0
2025-04-02 01:00:00,2906,6,3,1,2,2,4,2025,0
2025-04-02 02:00:00,2906,1,1,2,2,2,4,2025,0
2025-04-02 03:00:00,2906,4,3,3,2,2,4,2025,0
2025-04-02 04:00:00,2906,4,3,4,2,2,4,2025,0
2025-04-02 07:00:00,2906,9,0,7,2,2,4,2025,0
2025-04-02 09:00:00,2906,2,2,9,2,2,4,2025,0
2025-04-02 09:00:00,2906,9,0,9,2,2,4,2025,0
2025-04-02 13:00:00,2906,5,3,13,2,2,4,2025,0
2025-04-02 14:00:00,2906,9,0,14,2,2,4,2025,0
2025-04-02 15:00:00,2906,6,3,15,2,2,4,2025,0
2025-04-02 17:00:00,2906,3,0,17,2,2,4,2025,0
2025-04-02 18:00:00,2906,1,1,18,2,2,4,2025,0
2025-04-02 19:00:00,2906,2,2,19,2,2,4,2025,0
2025-04-02 19:00:00,2906,4,3,19,2,2,4,2025,0
2025-04-02 21:00:00,2906,9,0,21,2,2,4,2025,0
2025-04-02 22:00:00,2906,8,2,22,2,2,4,2025,0
2025-04-02 22:00:00,2906,5,3,22,2,2,4,2025,0
2025-04-03 00:00:00,2906,5,3,0,3,3,4,2025,0
2025-04-03 01:00:00,2906,7,3,1,3,3,4,2025,0
2025-04-03 02:00:00,2906,7,3,2,3,3,4,2025,0
2025-04-03 02:00:00,2906,9,0,2,3,3,4,2025,0
2025-04-03 03:00:00,2906,3,0,3,3,3,4,2025,0
2025-04-03 04:00:00,2906,2,2,4,3,3,4,2025,0
2025-04-03 04:00:00,2906,7,3,4,3,3,4,2025,0
2025-04-03 04:00:00,2906,1,1,4,3,3,4,2025,0
2025-04-03 04:00:00,2906,4,3,4,3,3,4,2025,0
2025-04-03 05:00:00,2906,5,3,5,3,3,4,2025,0
2025-04-03 05:00:00,2906,6,3,5,3,3,4,2025,0
2025-04-03 05:00:00,2906,1,1,5,3,3,4,2025,0
2025-04-03 06:00:00,2906,8,2,6,3,3,4,2025,0
2025-04-03 07:00:00,2906,1,1,7,3,3,4,2025,0
2025-04-03 07:00:00,2906,3,0,7,3,3,4,2025,0
2025-04-03 08:00:00,2906,8,2,8,3,3,4,2025,0
2025-04-03 08:00:00,2906,9,0,8,3,3,4,2025,0
2025-04-03 10:00:00,2906,8,2,10,3,3,4,2025,0
2025-04-03 10:00:00,2906,4,3,10,3,3,4,2025,0
2025-04-03 11:00:00,2906,1,1,11,3,3,4,2025,0
2025-04-03 16:00:00,2906,9,0,16,3,3,4,2025,0
2025-04-03 17:00:00,2906,8,2,17,3,3,4,2025,0
2025-04-03 17:00:00,2906,6,3,17,3,3,4,2025,0
2025-04-03 18:00:00,2906,7,3,18,3,3,4,2025,0
2025-04-03 19:00:00,2906,4,3,19,3,3,4,2025,0
2025-04-03 20:00:00,2906,5,3,20,3,3,4,2025,0
2025-04-03 21:00:00,2906,4,3,21,3,3,4,2025,0
2025-04-03 23:00:00,2906,3,0,23,3,3,4,2025,0
2025-04-04 01:00:00,2906,7,3,1,4,4,4,2025,0
2025-04-04 03:00:00,2906,5,3,3,4,4,4,2025,0
2025-04-04 03:00:00,2906,2,2,3,4,4,4,2025,0
2025-04-04 06:00:00,2906,3,0,6,4,4,4,2025,0
2025-04-04 07:00:00,2906,4,3,7,4,4,4,2025,0
2025-04-04 07:00:00,2906,1,1,7,4,4,4,2025,0
2025-04-04 07:00:00,2906,9,0,7,4,4,4,2025,0
2025-04-04 08:00:00,2906,5,3,8,4,4,4,2025,0
2025-04-04 08:00:00,2906,7,3,8,4,4,4,2025,0
2025-04-04 08:00:00,2906,3,0,8,4,4,4,2025,0
2025-04-04 09:00:00,2906,5,3,9,4,4,4,2025,0
2025-04-04 10:00:00,2906,9,0,10,4,4,4,2025,0
2025-04-04 10:00:00,2906,6,3,10,4,4,4,2025,0
2025-04-04 11:00:00,2906,8,2,11,4,4,4,2025,0
2025-04-04 11:00:00,2906,4,3,11,4,4,4,2025,0
2025-04-04 17:00:00,2906,7,3,17,4,4,4,2025,0
2025-04-04 18:00:00,2906,4,3,18,4,4,4,2025,0
2025-04-04 20:00:00,2906,9,0,20,4,4,4,2025,0
2025-04-04 22:00:00,2906,2,2,22,4,4,4,2025,0
2025-04-04 22:00:00,2906,9,0,22,4,4,4,2025,0
2025-04-04 22:00:00,2906,6,3,22,4,4,4,2025,0
2025-04-04 23:00:00,2906,5,3,23,4,4,4,2025,0
2025-04-05 00:00:00,2906,9,0,0,5,5,4,2025,1
2025-04-05 02:00:00,2906,3,0,2,5,5,4,2025,1
2025-04-05 03:00:00,2906,8,2,3,5,5,4,2025,1
2025-04-05 05:00:00,2906,9,0,5,5,5,4,2025,1
2025-04-05 08:00:00,2906,2,2,8,5,5,4,2025,1
2025-04-05 08:00:00,2906,8,2,8,5,5,4,2025,1
2025-04-05 09:00:00,2906,6,3,9,5,5,4,2025,1
2025-04-05 10:00:00,2906,5,3,10,5,5,4,2025,1
2025-04-05 10:00:00,2906,8,2,10,5,5,4,2025,1
2025-04-05 12:00:00,2906,7,3,12,5,5,4,2025,1
2025-04-05 14:00:00,2906,4,3,14,5,5,4,2025,1
2025-04-05 14:00:00,2906,8,2,14,5,5,4,2025,1
2025-04-05 18:00:00,2906,6,3,18,5,5,4,2025,1
2025-04-05 23:00:00,2906,1,1,23,5,5,4,2025,1
2025-04-06 00:00:00,2906,9,0,0,6,6,4,2025,1
2025-04-06 01:00:00,2906,6,3,1,6,6,4,2025,1
2025-04-06 04:00:00,2906,7,3,4,6,6,4,2025,1
2025-04-06 05:00:00,2906,6,3,5,6,6,4,2025,1
2025-04-06 06:00:00,2906,6,3,6,6,6,4,2025,1
2025-04-06 09:00:00,2906,4,3,9,6,6,4,2025,1
2025-04-06 10:00:00,2906,8,2,10,6,6,4,2025,1
2025-04-06 12:00:00,2906,4,3,12,6,6,4,2025,1
2025-04-06 12:00:00,2906,3,0,12,6,6,4,2025,1
2025-04-06 13:00:00,2906,2,2,13,6,6,4,2025,1
2025-04-06 13:00:00,2906,3,0,13,6,6,4,2025,1
2025-04-06 14:00:00,2906,7,3,14,6,6,4,2025,1
2025-04-06 17:00:00,2906,1,1,17,6,6,4,2025,1
2025-04-06 17:00:00,2906,4,3,17,6,6,4,2025,1
2025-04-06 22:00:00,2906,7,3,22,6,6,4,2025,1
2025-04-07 01:00:00,2906,6,3,1,7,0,4,2025,0
2025-04-07 03:00:00,2906,3,0,3,7,0,4,2025,0
2025-04-07 04:00:00,2906,3,0,4,7,0,4,2025,0
2025-04-07 05:00:00,2906,8,2,5,7,0,4,2025,0
2025-04-07 08:00:00,2906,5,3,8,7,0,4,2025,0
2025-04-07 09:00:00,2906,9,0,9,7,0,4,2025,0
2025-04-07 10:00:00,2906,3,0,10,7,0,4,2025,0
2025-04-07 10:00:00,2906,1,1,10,7,0,4,2025,0
2025-04-07 11:00:00,2906,4,3,11,7,0,4,2025,0
2025-04-07 11:00:00,2906,6,3,11,7,0,4,2025,0
2025-04-07 12:00:00,2906,2,2,12,7,0,4,2025,0
2025-04-07 13:00:00,2906,4,3,13,7,0,4,2025,0
2025-04-07 14:00:00,2906,9,0,14,7,0,4,2025,0
2025-04-07 14:00:00,2906,2,2,14,7,0,4,2025,0
2025-04-07 15:00:00,2906,3,0,15,7,0,4,2025,0
2025-04-07 16:00:00,2906,3,0,16,7,0,4,2025,0
2025-04-07 16:00:00,2906,1,1,16,7,0,4,2025,0
2025-04-07 17:00:00,2906,1,1,17,7,0,4,2025,0
2025-04-07 18:00:00,2906,1,1,18,7,0,4,2025,0
2025-04-07 20:00:00,2906,5,3,20,7,0,4,2025,0
2025-04-07 23:00:00,2906,1,1,23,7,0,4,2025,0
2025-04-08 02:00:00,2906,2,2,2,8,1,4,2025,0
2025-04-08 03:00:00,2906,9,0,3,8,1,4,2025,0
2025-04-08 03:00:00,2906,5,3,3,8,1,4,2025,0
2025-04-08 04:00:00,2906,4,3,4,8,1,4,2025,0
2025-04-08 06:00:00,2906,9,0,6,8,1,4,2025,0
2025-04-08 08:00:00,2906,9,0,8,8,1,4,2025,0
2025-04-08 10:00:00,2906,3,0,10,8,1,4,2025,0
2025-04-08 11:00:00,2906,9,0,11,8,1,4,2025,0
2025-04-08 13:00:00,2906,7,3,13,8,1,4,2025,0
2025-04-08 14:00:00,2906,9,0,14,8,1,4,2025,0
2025-04-08 14:00:00,2906,1,1,14,8,1,4,2025,0
2025-04-08 15:00:00,2906,1,1,15,8,1,4,2025,0
2025-04-08 19:00:00,2906,5,3,19,8,1,4,2025,0
2025-04-08 21:00:00,2906,8,2,21,8,1,4,2025,0
2025-04-08 21:00:00,2906,1,1,21,8,1,4,2025,0
2025-04-08 22:00:00,2906,7,3,22,8,1,4,2025,0
2025-04-08 22:00:00,2906,9,0,22,8,1,4,2025,0
2025-04-09 00:00:00,2906,3,0,0,9,2,4,2025,0
2025-04-09 01:00:00,2906,2,2,1,9,2,4,2025,0
2025-04-09 03:00:00,2906,4,3,3,9,2,4,2025,0
2025-04-09 06:00:00,2906,7,3,6,9,2,4,2025,0
2025-04-09 07:00:00,2906,1,1,7,9,2,4,2025,0
2025-04-09 07:00:00,2906,6,3,7,9,2,4,2025,0
2025-04-09 08:00:00,2906,8,2,8,9,2,4,2025,0
2025-04-09 08:00:00,2906,7,3,8,9,2,4,2025,0
2025-04-09 09:00:00,2906,4,3,9,9,2,4,2025,0
2025-04-09 12:00:00,2906,9,0,12,9,2,4,2025,0
2025-04-09 13:00:00,2906,1,1,13,9,2,4,2025,0
2025-04-09 14:00:00,2906,7,3,14,9,2,4,2025,0
2025-04-09 15:00:00,2906,4,3,15,9,2,4,2025,0
2025-04-09 15:00:00,2906,8,2,15,9,2,4,2025,0
2025-04-09 15:00:00,2906,2,2,15,9,2,4,2025,0
2025-04-09 17:00:00,2906,9,0,17,9,2,4,2025,0
2025-04-09 17:00:00,2906,6,3,17,9,2,4,2025,0
2025-04-09 18:00:00,2906,1,1,18,9,2,4,2025,0
2025-04-09 21:00:00,2906,4,3,21,9,2,4,2025,0
2025-04-09 23:00:00,2906,5,3,23,9,2,4,2025,0
2025-04-10 00:00:00,2906,6,3,0,10,3,4,2025,0
2025-04-10 01:00:00,2906,8,2,1,10,3,4,2025,0
2025-04-10 01:00:00,2906,9,0,1,10,3,4,2025,0
2025-04-10 02:00:00,2906,8,2,2,10,3,4,2025,0
2025-04-10 04:00:00,2906,1,1,4,10,3,4,2025,0
2025-04-10 04:00:00,2906,3,0,4,10,3,4,2025,0
2025-04-10 04:00:00,2906,4,3,4,10,3,4,2025,0
2025-04-10 06:00:00,2906,9,0,6,10,3,4,2025,0
2025-04-10 07:00:00,2906,5,3,7,10,3,4,2025,0
2025-04-10 07:00:00,2906,9,0,7,10,3,4,2025,0
2025-04-10 08:00:00,2906,3,0,8,10,3,4,2025,0
2025-04-10 11:00:00,2906,8,2,11,10,3,4,2025,0
2025-04-10 12:00:00,2906,1,1,12,10,3,4,2025,0
2025-04-10 13:00:00,2906,5,3,13,10,3,4,2025,0
2025-04-10 17:00:00,2906,8,2,17,10,3,4,2025,0
2025-04-10 18:00:00,2906,6,3,18,10,3,4,2025,0
2025-04-10 20:00:00,2906,8,2,20,10,3,4,2025,0
2025-04-10 20:00:00,2906,2,2,20,10,3,4,2025,0
2025-04-10 22:00:00,2906,5,3,22,10,3,4,2025,0
2025-04-10 23:00:00,2906,2,2,23,10,3,4,2025,0
2025-04-11 00:00:00,2906,4,3,0,11,4,4,2025,0
2025-04-11 00:00:00,2906,9,0,0,11,4,4,2025,0
2025-04-11 00:00:00,2906,5,3,0,11,4,4,2025,0
2025-04-11 02:00:00,2906,6,3,2,11,4,4,2025,0
2025-04-11 06:00:00,2906,6,3,6,11,4,4,2025,0
2025-04-11 08:00:00,2906,3,0,8,11,4,4,2025,0
2025-04-11 11:00:00,2906,9,0,11,11,4,4,2025,0
2025-04-11 11:00:00,2906,6,3,11,11,4,4,2025,0
2025-04-11 13:00:00,2906,5,3,13,11,4,4,2025,0
2025-04-11 14:00:00,2906,8,2,14,11,4,4,2025,0
2025-04-11 15:00:00,2906,7,3,15,11,4,4,2025,0
2025-04-11 16:00:00,2906,8,2,16,11,4,4,2025,0
2025-04-11 22:00:00,2906,3,0,22,11,4,4,2025,0
2025-04-11 23:00:00,2906,1,1,23,11,4,4,2025,0
2025-04-12 00:00:00,2906,5,3,0,12,5,4,2025,1
2025-04-12 03:00:00,2906,8,2,3,12,5,4,2025,1
2025-04-12 04:00:00,2906,8,2,4,12,5,4,2025,1
2025-04-12 04:00:00,2906,6,3,4,12,5,4,2025,1
2025-04-12 04:00:00,2906,3,0,4,12,5,4,2025,1
2025-04-12 05:00:00,2906,3,0,5,12,5,4,2025,1
2025-04-12 06:00:00,2906,3,0,6,12,5,4,2025,1
2025-04-12 07:00:00,2906,5,3,7,12,5,4,2025,1
2025-04-12 08:00:00,2906,5,3,8,12,5,4,2025,1
2025-04-12 08:00:00,2906,3,0,8,12,5,4,2025,1
2025-04-12 11:00:00,2906,7,3,11,12,5,4,2025,1
2025-04-12 12:00:00,2906,2,2,12,12,5,4,2025,1
2025-04-12 13:00:00,2906,7,3,13,12,5,4,2025,1
2025-04-12 15:00:00,2906,5,3,15,12,5,4,2025,1
2025-04-12 17:00:00,2906,3,0,17,12,5,4,2025,1
2025-04-12 19:00:00,2906,1,1,19,12,5,4,2025,1
2025-04-13 00:00:00,2906,4,3,0,13,6,4,2025,1
2025-04-13 00:00:00,2906,8,2,0,13,6,4,2025,1
2025-04-13 01:00:00,2906,2,2,1,13,6,4,2025,1
2025-04-13 01:00:00,2906,3,0,1,13,6,4,2025,1
2025-04-13 02:00:00,2906,2,2,2,13,6,4,2025,1
2025-04-13 02:00:00,2906,5,3,2,13,6,4,2025,1
2025-04-13 04:00:00,2906,2,2,4,13,6,4,2025,1
2025-04-13 08:00:00,2906,8,2,8,13,6,4,2025,1
2025-04-13 08:00:00,2906,1,1,8,13,6,4,2025,1
2025-04-13 08:00:00,2906,4,3,8,13,6,4,2025,1
2025-04-13 09:00:00,2906,2,2,9,13,6,4,2025,1
2025-04-13 13:00:00,2906,3,0,13,13,6,4,2025,1
2025-04-13 13:00:00,2906,5,3,13,13,6,4,2025,1
2025-04-13 14:00:00,2906,9,0,14,13,6,4,2025,1
2025-04-13 14:00:00,2906,1,1,14,13,6,4,2025,1
2025-04-13 15:00:00,2906,1,1,15,13,6,4,2025,1
2025-04-13 16:00:00,2906,4,3,16,13,6,4,2025,1
2025-04-13 16:00:00,2906,7,3,16,13,6,4,2025,1
2025-04-13 19:00:00,2906,5,3,19,13,6,4,2025,1
2025-04-13 19:00:00,2906,3,0,19,13,6,4,2025,1
2025-04-13 19:00:00,2906,2,2,19,13,6,4,2025,1
2025-04-13 21:00:00,2906,9,0,21,13,6,4,2025,1
2025-04-13 23:00:00,2906,6,3,23,13,6,4,2025,1
2025-04-14 00:00:00,2906,8,2,0,14,0,4,2025,0
2025-04-14 01:00:00,2906,3,0,1,14,0,4,2025,0
2025-04-14 01:00:00,2906,6,3,1,14,0,4,2025,0
2025-04-14 02:00:00,2906,9,0,2,14,0,4,2025,0
2025-04-14 02:00:00,2906,3,0,2,14,0,4,2025,0
2025-04-14 03:00:00,2906,2,2,3,14,0,4,2025,0
2025-04-14 04:00:00,2906,3,0,4,14,0,4,2025,0
2025-04-14 08:00:00,2906,2,2,8,14,0,4,2025,0
2025-04-14 14:00:00,2906,7,3,14,14,0,4,2025,0
2025-04-14 15:00:00,2906,3,0,15,14,0,4,2025,0
2025-04-14 16:00:00,2906,2,2,16,14,0,4,2025,0
2025-04-14 17:00:00,2906,3,0,17,14,0,4,2025,0
2025-04-14 20:00:00,2906,8,2,20,14,0,4,2025,0
2025-04-14 20:00:00,2906,2,2,20,14,0,4,2025,0
2025-04-14 20:00:00,2906,4,3,20,14,0,4,2025,0
2025-04-14 21:00:00,2906,9,0,21,14,0,4,2025,0
2025-04-14 22:00:00,2906,8,2,22,14,0,4,2025,0
2025-04-14 23:00:00,2906,9,0,23,14,0,4,2025,0
2025-04-15 01:00:00,2906,7,3,1,15,1,4,2025,0
2025-04-15 01:00:00,2906,9,0,1,15,1,4,2025,0
2025-04-15 01:00:00,2906,1,1,1,15,1,4,2025,0
2025-04-15 02:00:00,2906,7,3,2,15,1,4,2025,0
2025-04-15 03:00:00,2906,5,3,3,15,1,4,2025,0
2025-04-15 06:00:00,2906,7,3,6,15,1,4,2025,0
2025-04-15 06:00:00,2906,1,1,6,15,1,4,2025,0
2025-04-15 07:00:00,2906,9,0,7,15,1,4,2025,0
2025-04-15 07:00:00,2906,6,3,7,15,1,4,2025,0
2025-04-15 08:00:00,2906,1,1,8,15,1,4,2025,0
2025-04-15 10:00:00,2906,4,3,10,15,1,4,2025,0
2025-04-15 11:00:00,2906,9,0,11,15,1,4,2025,0
2025-04-15 11:00:00,2906,1,1,11,15,1,4,2025,0
2025-04-15 12:00:00,2906,2,2,12,15,1,4,2025,0
2025-04-15 18:00:00,2906,3,0,18,15,1,4,2025,0
2025-04-15 18:00:00,2906,8,2,18,15,1,4,2025,0
2025-04-15 18:00:00,2906,1,1,18,15,1,4,2025,0
2025-04-15 19:00:00,2906,1,1,19,15,1,4,2025,0
2025-04-15 20:00:00,2906,6,3,20,15,1,4,2025,0
2025-04-15 20:00:00,2906,3,0,20,15,1,4,2025,0
2025-04-15 21:00:00,2906,8,2,21,15,1,4,2025,0
2025-04-15 23:00:00,2906,5,3,23,15,1,4,2025,0
2025-04-16 00:00:00,2906,7,3,0,16,2,4,2025,0
2025-04-16 02:00:00,2906,8,2,2,16,2,4,2025,0
2025-04-16 04:00:00,2906,7,3,4,16,2,4,2025,0
2025-04-16 06:00:00,2906,4,3,6,16,2,4,2025,0
2025-04-16 06:00:00,2906,5,3,6,16,2,4,2025,0
2025-04-16 08:00:00,2906,3,0,8,16,2,4,2025,0
2025-04-16 10:00:00,2906,7,3,10,16,2,4,2025,0
2025-04-16 13:00:00,2906,3,0,13,16,2,4,2025,0
2025-04-16 15:00:00,2906,8,2,15,16,2,4,2025,0
2025-04-16 16:00:00,2906,2,2,16,16,2,4,2025,0
2025-04-16 17:00:00,2906,9,0,17,16,2,4,2025,0
2025-04-16 17:00:00,2906,6,3,17,16,2,4,2025,0
2025-04-16 17:00:00,2906,1,1,17,16,2,4,2025,0
2025-04-16 17:00:00,2906,5,3,17,16,2,4,2025,0
2025-04-16 18:00:00,2906,7,3,18,16,2,4,2025,0
2025-04-16 19:00:00,2906,9,0,19,16,2,4,2025,0
2025-04-16 20:00:00,2906,3,0,20,16,2,4,2025,0
2025-04-16 21:00:00,2906,4,3,21,16,2,4,2025,0
2025-04-17 00:00:00,2906,7,3,0,17,3,4,2025,0
2025-04-17 00:00:00,2906,8,2,0,17,3,4,2025,0
2025-04-17 01:00:00,2906,6,3,1,17,3,4,2025,0
2025-04-17 02:00:00,2906,8,2,2,17,3,4,2025,0
2025-04-17 02:00:00,2906,9,0,2,17,3,4,2025,0
2025-04-17 04:00:00,2906,3,0,4,17,3,4,2025,0
2025-04-17 06:00:00,2906,1,1,6,17,3,4,2025,0
2025-04-17 09:00:00,2906,5,3,9,17,3,4,2025,0
2025-04-17 11:00:00,2906,4,3,11,17,3,4,2025,0
2025-04-17 13:00:00,2906,3,0,13,17,3,4,2025,0
2025-04-17 13:00:00,2906,6,3,13,17,3,4,2025,0
2025-04-17 13:00:00,2906,9,0,13,17,3,4,2025,0
2025-04-17 15:00:00,2906,9,0,15,17,3,4,2025,0
2025-04-17 16:00:00,2906,1,1,16,17,3,4,2025,0
2025-04-17 16:00:00,2906,5,3,16,17,3,4,2025,0
2025-04-17 18:00:00,2906,2,2,18,17,3,4,2025,0
2025-04-17 18:00:00,2906,4,3,18,17,3,4,2025,0
2025-04-17 19:00:00,2906,3,0,19,17,3,4,2025,0
2025-04-17 22:00:00,2906,4,3,22,17,3,4,2025,0
2025-04-17 23:00:00,2906,6,3,23,17,3,4,2025,0
2025-04-18 02:00:00,2906,1,1,2,18,4,4,2025,0
2025-04-18 06:00:00,2906,7,3,6,18,4,4,2025,0
2025-04-18 09:00:00,2906,7,3,9,18,4,4,2025,0
2025-04-18 09:00:00,2906,5,3,9,18,4,4,2025,0
2025-04-18 11:00:00,2906,8,2,11,18,4,4,2025,0
2025-04-18 12:00:00,2906,7,3,12,18,4,4,2025,0
2025-04-18 13:00:00,2906,1,1,13,18,4,4,2025,0
2025-04-18 14:00:00,2906,7,3,14,18,4,4,2025,0
2025-04-18 15:00:00,2906,8,2,15,18,4,4,2025,0
2025-04-18 18:00:00,2906,4,3,18,18,4,4,2025,0
2025-04-18 22:00:00,2906,9,0,22,18,4,4,2025,0
2025-04-18 22:00:00,2906,3,0,22,18,4,4,2025,0
2025-04-18 23:00:00,2906,2,2,23,18,4,4,2025,0
2025-04-19 03:00:00,2906,2,2,3,19,5,4,2025,1
2025-04-19 05:00:00,2906,4,3,5,19,5,4,2025,1
2025-04-19 06:00:00,2906,1,1,6,19,5,4,2025,1
2025-04-19 06:00:00,2906,9,0,6,19,5,4,2025,1
2025-04-19 07:00:00,2906,1,1,7,19,5,4,2025,1
2025-04-19 09:00:00,2906,2,2,9,19,5,4,2025,1
2025-04-19 10:00:00,2906,4,3,10,19,5,4,2025,1
2025-04-19 11:00:00,2906,6,3,11,19,5,4,2025,1
2025-04-19 11:00:00,2906,8,2,11,19,5,4,2025,1
2025-04-19 15:00:00,2906,3,0,15,19,5,4,2025,1
2025-04-19 16:00:00,2906,6,3,16,19,5,4,2025,1
2025-04-19 19:00:00,2906,4,3,19,19,5,4,2025,1
2025-04-19 19:00:00,2906,8,2,19,19,5,4,2025,1
2025-04-19 19:00:00,2906,3,0,19,19,5,4,2025,1
2025-04-19 20:00:00,2906,6,3,20,19,5,4,2025,1
2025-04-19 20:00:00,2906,8,2,20,19,5,4,2025,1
2025-04-19 20:00:00,2906,1,1,20,19,5,4,2025,1
2025-04-19 21:00:00,2906,5,3,21,19,5,4,2025,1
2025-04-19 21:00:00,2906,9,0,21,19,5,4,2025,1
2025-04-19 21:00:00,2906,6,3,21,19,5,4,2025,1
2025-04-19 23:00:00,2906,9,0,23,19,5,4,2025,1
2025-04-20 03:00:00,2906,8,2,3,20,6,4,2025,1
2025-04-20 05:00:00,2906,7,3,5,20,6,4,2025,1
2025-04-20 06:00:00,2906,4,3,6,20,6,4,2025,1
2025-04-20 07:00:00,2906,7,3,7,20,6,4,2025,1
2025-04-20 07:00:00,2906,2,2,7,20,6,4,2025,1
2025-04-20 07:00:00,2906,5,3,7,20,6,4,2025,1
2025-04-20 10:00:00,2906,8,2,10,20,6,4,2025,1
2025-04-20 12:00:00,2906,9,0,12,20,6,4,2025,1
2025-04-20 12:00:00,2906,5,3,12,20,6,4,2025,1
2025-04-20 18:00:00,2906,6,3,18,20,6,4,2025,1
2025-04-20 18:00:00,2906,8,2,18,20,6,4,2025,1
2025-04-20 21:00:00,2906,4,3,21,20,6,4,2025,1
2025-04-20 23:00:00,2906,2,2,23,20,6,4,2025,1
2025-04-20 23:00:00,2906,9,0,23,20,6,4,2025,1
2025-04-21 00:00:00,2906,7,3,0,21,0,4,2025,0
2025-04-21 01:00:00,2906,7,3,1,21,0,4,2025,0
2025-04-21 02:00:00,2906,2,2,2,21,0,4,2025,0
2025-04-21 03:00:00,2906,3,0,3,21,0,4,2025,0
2025-04-21 04:00:00,2906,5,3,4,21,0,4,2025,0
2025-04-21 04:00:00,2906,9,0,4,21,0,4,2025,0
2025-04-21 06:00:00,2906,8,2,6,21,0,4,2025,0
2025-04-21 09:00:00,2906,9,0,9,21,0,4,2025,0
2025-04-21 11:00:00,2906,6,3,11,21,0,4,2025,0
2025-04-21 11:00:00,2906,3,0,11,21,0,4,2025,0
2025-04-21 12:00:00,2906,7,3,12,21,0,4,2025,0
2025-04-21 13:00:00,2906,9,0,13,21,0,4,2025,0
2025-04-21 14:00:00,2906,3,0,14,21,0,4,2025,0
2025-04-21 15:00:00,2906,8,2,15,21,0,4,2025,0
2025-04-21 17:00:00,2906,9,0,17,21,0,4,2025,0
2025-04-21 18:00:00,2906,3,0,18,21,0,4,2025,0
2025-04-21 18:00:00,2906,6,3,18,21,0,4,2025,0
2025-04-21 19:00:00,2906,4,3,19,21,0,4,2025,0
2025-04-21 20:00:00,2906,5,3,20,21,0,4,2025,0
2025-04-21 20:00:00,2906,4,3,20,21,0,4,2025,0
2025-04-21 21:00:00,2906,6,3,21,21,0,4,2025,0
2025-04-21 21:00:00,2906,9,0,21,21,0,4,2025,0
2025-04-21 23:00:00,2906,8,2,23,21,0,4,2025,0
2025-04-22 00:00:00,2906,5,3,0,22,1,4,2025,0
2025-04-22 01:00:00,2906,3,0,1,22,1,4,2025,0
2025-04-22 02:00:00,2906,7,3,2,22,1,4,2025,0
2025-04-22 03:00:00,2906,5,3,3,22,1,4,2025,0
2025-04-22 04:00:00,2906,7,3,4,22,1,4,2025,0
2025-04-22 07:00:00,2906,8,2,7,22,1,4,2025,0
2025-04-22 07:00:00,2906,7,3,7,22,1,4,2025,0
2025-04-22 08:00:00,2906,9,0,8,22,1,4,2025,0
2025-04-22 08:00:00,2906,7,3,8,22,1,4,2025,0
2025-04-22 08:00:00,2906,4,3,8,22,1,4,2025,0
2025-04-22 09:00:00,2906,5,3,9,22,1,4,2025,0
2025-04-22 09:00:00,2906,9,0,9,22,1,4,2025,0
2025-04-22 11:00:00,2906,4,3,11,22,1,4,2025,0
2025-04-22 13:00:00,2906,7,3,13,22,1,4,2025,0
2025-04-22 13:00:00,2906,2,2,13,22,1,4,2025,0
2025-04-22 14:00:00,2906,1,1,14,22,1,4,2025,0
2025-04-22 14:00:00,2906,9,0,14,22,1,4,2025,0
2025-04-22 14:00:00,2906,5,3,14,22,1,4,2025,0
2025-04-22 16:00:00,2906,1,1,16,22,1,4,2025,0
2025-04-22 16:00:00,2906,3,0,16,22,1,4,2025,0
2025-04-22 16:00:00,2906,8,2,16,22,1,4,2025,0
2025-04-22 17:00:00,2906,9,0,17,22,1,4,2025,0
2025-04-22 23:00:00,2906,4,3,23,22,1,4,2025,0
2025-04-23 00:00:00,2906,5,3,0,23,2,4,2025,0
2025-04-23 02:00:00,2906,4,3,2,23,2,4,2025,0
2025-04-23 05:00:00,2906,1,1,5,23,2,4,2025,0
2025-04-23 06:00:00,2906,4,3,6,23,2,4,2025,0
2025-04-23 07:00:00,2906,3,0,7,23,2,4,2025,0
2025-04-23 10:00:00,2906,5,3,10,23,2,4,2025,0
2025-04-23 10:00:00,2906,2,2,10,23,2,4,2025,0
2025-04-23 11:00:00,2906,8,2,11,23,2,4,2025,0
2025-04-23 12:00:00,2906,8,2,12,23,2,4,2025,0
2025-04-23 13:00:00,2906,3,0,13,23,2,4,2025,0
2025-04-23 14:00:00,2906,8,2,14,23,2,4,2025,0
2025-04-23 16:00:00,2906,9,0,16,23,2,4,2025,0
2025-04-23 17:00:00,2906,5,3,17,23,2,4,2025,0
2025-04-23 18:00:00,2906,2,2,18,23,2,4,2025,0
2025-04-23 18:00:00,2906,6,3,18,23,2,4,2025,0
2025-04-23 19:00:00,2906,5,3,19,23,2,4,2025,0
2025-04-23 19:00:00,2906,4,3,19,23,2,4,2025,0
2025-04-23 19:00:00,2906,6,3,19,23,2,4,2025,0
2025-04-23 19:00:00,2906,2,2,19,23,2,4,2025,0
2025-04-23 20:00:00,2906,6,3,20,23,2,4,2025,0
2025-04-23 21:00:00,2906,2,2,21,23,2,4,2025,0
2025-04-23 22:00:00,2906,3,0,22,23,2,4,2025,0
2025-04-24 00:00:00,2906,8,2,0,24,3,4,2025,0
2025-04-24 02:00:00,2906,6,3,2,24,3,4,2025,0
2025-04-24 02:00:00,2906,9,0,2,24,3,4,2025,0
2025-04-24 03:00:00,2906,6,3,3,24,3,4,2025,0
2025-04-24 04:00:00,2906,5,3,4,24,3,4,2025,0
2025-04-24 04:00:00,2906,4,3,4,24,3,4,2025,0
2025-04-24 05:00:00,2906,1,1,5,24,3,4,2025,0
2025-04-24 06:00:00,2906,5,3,6,24,3,4,2025,0
2025-04-24 07:00:00,2906,5,3,7,24,3,4,2025,0
2025-04-24 08:00:00,2906,7,3,8,24,3,4,2025,0
2025-04-24 09:00:00,2906,8,2,9,24,3,4,2025,0
2025-04-24 09:00:00,2906,7,3,9,24,3,4,2025,0
2025-04-24 10:00:00,2906,3,0,10,24,3,4,2025,0
2025-04-24 10:00:00,2906,5,3,10,24,3,4,2025,0
2025-04-24 12:00:00,2906,8,2,12,24,3,4,2025,0
2025-04-24 12:00:00,2906,6,3,12,24,3,4,2025,0
2025-04-24 13:00:00,2906,5,3,13,24,3,4,2025,0
2025-04-24 14:00:00,2906,7,3,14,24,3,4,2025,0
2025-04-24 17:00:00,2906,1,1,17,24,3,4,2025,0
2025-04-24 20:00:00,2906,8,2,20,24,3,4,2025,0
2025-04-24 22:00:00,2906,1,1,22,24,3,4,2025,0
2025-04-25 00:00:00,2906,6,3,0,25,4,4,2025,0
2025-04-25 01:00:00,2906,1,1,1,25,4,4,2025,0
2025-04-25 02:00:00,2906,7,3,2,25,4,4,2025,0
2025-04-25 03:00:00,2906,8,2,3,25,4,4,2025,0
2025-04-25 04:00:00,2906,7,3,4,25,4,4,2025,0
2025-04-25 04:00:00,2906,2,2,4,25,4,4,2025,0
2025-04-25 06:00:00,2906,9,0,6,25,4,4,2025,0
2025-04-25 06:00:00,2906,4,3,6,25,4,4,2025,0
2025-04-25 07:00:00,2906,1,1,7,25,4,4,2025,0
2025-04-25 07:00:00,2906,3,0,7,25,4,4,2025,0
2025-04-25 07:00:00,2906,9,0,7,25,4,4,2025,0
2025-04-25 09:00:00,2906,7,3,9,25,4,4,2025,0
2025-04-25 11:00:00,2906,2,2,11,25,4,4,2025,0
2025-04-25 12:00:00,2906,7,3,12,25,4,4,2025,0
2025-04-25 13:00:00,2906,6,3,13,25,4,4,2025,0
2025-04-25 15:00:00,2906,2,2,15,25,4,4,2025,0
2025-04-25 16:00:00,2906,9,0,16,25,4,4,2025,0
2025-04-25 16:00:00,2906,4,3,16,25,4,4,2025,0
2025-04-25 17:00:00,2906,6,3,17,25,4,4,2025,0
2025-04-25 18:00:00,2906,1,1,18,25,4,4,2025,0
2025-04-25 21:00:00,2906,2,2,21,25,4,4,2025,0
2025-04-25 22:00:00,2906,9,0,22,25,4,4,2025,0
2025-04-25 23:00:00,2906,1,1,23,25,4,4,2025,0
2025-04-26 01:00:00,2906,3,0,1,26,5,4,2025,1
2025-04-26 02:00:00,2906,3,0,2,26,5,4,2025,1
2025-04-26 05:00:00,2906,9,0,5,26,5,4,2025,1
2025-04-26 06:00:00,2906,6,3,6,26,5,4,2025,1
2025-04-26 06:00:00,2906,9,0,6,26,5,4,2025,1
2025-04-26 08:00:00,2906,1,1,8,26,5,4,2025,1
2025-04-26 08:00:00,2906,3,0,8,26,5,4,2025,1
2025-04-26 12:00:00,2906,3,0,12,26,5,4,2025,1
2025-04-26 12:00:00,2906,6,3,12,26,5,4,2025,1
2025-04-26 13:00:00,2906,5,3,13,26,5,4,2025,1
2025-04-26 13:00:00,2906,6,3,13,26,5,4,2025,1
2025-04-26 14:00:00,2906,3,0,14,26,5,4,2025,1
2025-04-26 15:00:00,2906,1,1,15,26,5,4,2025,1
2025-04-26 21:00:00,2906,5,3,21,26,5,4,2025,1
2025-04-27 03:00:00,2906,2,2,3,27,6,4,2025,1
2025-04-27 07:00:00,2906,3,0,7,27,6,4,2025,1
2025-04-27 08:00:00,2906,9,0,8,27,6,4,2025,1
2025-04-27 08:00:00,2906,8,2,8,27,6,4,2025,1
2025-04-27 09:00:00,2906,3,0,9,27,6,4,2025,1
2025-04-27 10:00:00,2906,4,3,10,27,6,4,2025,1
2025-04-27 11:00:00,2906,1,1,11,27,6,4,2025,1
2025-04-27 12:00:00,2906,7,3,12,27,6,4,2025,1
2025-04-27 12:00:00,2906,5,3,12,27,6,4,2025,1
2025-04-27 15:00:00,2906,5,3,15,27,6,4,2025,1
2025-04-27 16:00:00,2906,4,3,16,27,6,4,2025,1
2025-04-27 16:00:00,2906,2,2,16,27,6,4,2025,1
2025-04-27 18:00:00,2906,5,3,18,27,6,4,2025,1
2025-04-27 18:00:00,2906,2,2,18,27,6,4,2025,1
2025-04-27 19:00:00,2906,2,2,19,27,6,4,2025,1
2025-04-27 21:00:00,2906,8,2,21,27,6,4,2025,1
2025-04-27 21:00:00,2906,1,1,21,27,6,4,2025,1
2025-04-27 22:00:00,2906,1,1,22,27,6,4,2025,1
2025-04-27 22:00:00,2906,9,0,22,27,6,4,2025,1
2025-04-28 00:00:00,2906,5,3,0,28,0,4,2025,0
2025-04-28 03:00:00,2906,1,1,3,28,0,4,2025,0
2025-04-28 04:00:00,2906,6,3,4,28,0,4,2025,0
2025-04-28 05:00:00,2906,5,3,5,28,0,4,2025,0
2025-04-28 05:00:00,2906,9,0,5,28,0,4,2025,0
2025-04-28 08:00:00,2906,3,0,8,28,0,4,2025,0
2025-04-28 11:00:00,2906,9,0,11,28,0,4,2025,0
2025-04-28 14:00:00,2906,4,3,14,28,0,4,2025,0
2025-04-28 15:00:00,2906,6,3,15,28,0,4,2025,0
2025-04-28 15:00:00,2906,8,2,15,28,0,4,2025,0
2025-04-28 18:00:00,2906,3,0,18,28,0,4,2025,0
2025-04-28 21:00:00,2906,1,1,21,28,0,4,2025,0
2025-04-28 21:00:00,2906,9,0,21,28,0,4,2025,0
2025-04-28 22:00:00,2906,1,1,22,28,0,4,2025,0
2025-04-28 23:00:00,2906,1,1,23,28,0,4,2025,0
2025-04-29 03:00:00,2906,4,3,3,29,1,4,2025,0
2025-04-29 03:00:00,2906,9,0,3,29,1,4,2025,0
2025-04-29 12:00:00,2906,3,0,12,29,1,4,2025,0
2025-04-29 13:00:00,2906,1,1,13,29,1,4,2025,0
2025-04-29 14:00:00,2906,4,3,14,29,1,4,2025,0
2025-04-29 17:00:00,2906,3,0,17,29,1,4,2025,0
2025-04-29 17:00:00,2906,4,3,17,29,1,4,2025,0
2025-04-29 18:00:00,2906,6,3,18,29,1,4,2025,0
2025-04-29 20:00:00,2906,7,3,20,29,1,4,2025,0
2025-04-29 21:00:00,2906,4,3,21,29,1,4,2025,0
2025-04-29 22:00:00,2906,9,0,22,29,1,4,2025,0
2025-04-29 22:00:00,2906,5,3,22,29,1,4,2025,0
2025-04-29 23:00:00,2906,7,3,23,29,1,4,2025,0
2025-04-30 02:00:00,2906,7,3,2,30,2,4,2025,0
2025-04-30 03:00:00,2906,6,3,3,30,2,4,2025,0
2025-04-30 03:00:00,2906,3,0,3,30,2,4,2025,0
2025-04-30 04:00:00,2906,7,3,4,30,2,4,2025,0
2025-04-30 04:00:00,2906,9,0,4,30,2,4,2025,0
2025-04-30 06:00:00,2906,8,2,6,30,2,4,2025,0
2025-04-30 09:00:00,2906,5,3,9,30,2,4,2025,0
2025-04-30 10:00:00,2906,4,3,10,30,2,4,2025,0
2025-04-30 10:00:00,2906,9,0,10,30,2,4,2025,0
2025-04-30 11:00:00,2906,3,0,11,30,2,4,2025,0
2025-04-30 18:00:00,2906,8,2,18,30,2,4,2025,0
2025-04-30 19:00:00,2906,6,3,19,30,2,4,2025,0
2025-04-30 21:00:00,2906,1,1,21,30,2,4,2025,0
2025-04-30 22:00:00,2906,4,3,22,30,2,4,2025,0
2025-04-30 23:00:00,2906,9,0,23,30,2,4,2025,0
2025-05-01 00:00:00,2906,5,3,0,1,3,5,2025,0
2025-05-01 01:00:00,2906,2,2,1,1,3,5,2025,0
2025-05-01 02:00:00,2906,4,3,2,1,3,5,2025,0
2025-05-01 07:00:00,2906,2,2,7,1,3,5,2025,0
2025-05-01 08:00:00,2906,6,3,8,1,3,5,2025,0
2025-05-01 09:00:00,2906,3,0,9,1,3,5,2025,0
2025-05-01 13:00:00,2906,7,3,13,1,3,5,2025,0
2025-05-01 15:00:00,2906,5,3,15,1,3,5,2025,0
2025-05-01 15:00:00,2906,3,0,15,1,3,5,2025,0
2025-05-01 16:00:00,2906,5,3,16,1,3,5,2025,0
2025-05-01 16:00:00,2906,1,1,16,1,3,5,2025,0
2025-05-01 17:00:00,2906,5,3,17,1,3,5,2025,0
2025-05-01 20:00:00,2906,9,0,20,1,3,5,2025,0
2025-05-01 21:00:00,2906,4,3,21,1,3,5,2025,0
2025-05-01 21:00:00,2906,9,0,21,1,3,5,2025,0
2025-05-02 00:00:00,2906,8,2,0,2,4,5,2025,0
2025-05-02 01:00:00,2906,1,1,1,2,4,5,2025,0
2025-05-02 02:00:00,2906,8,2,2,2,4,5,2025,0
2025-05-02 04:00:00,2906,2,2,4,2,4,5,2025,0
2025-05-02 04:00:00,2906,4,3,4,2,4,5,2025,0
2025-05-02 05:00:00,2906,2,2,5,2,4,5,2025,0
2025-05-02 06:00:00,2906,4,3,6,2,4,5,2025,0
2025-05-02 07:00:00,2906,6,3,7,2,4,5,2025,0
2025-05-02 08:00:00,2906,8,2,8,2,4,5,2025,0
2025-05-02 12:00:00,2906,9,0,12,2,4,5,2025,0
2025-05-02 14:00:00,2906,6,3,14,2,4,5,2025,0
2025-05-02 16:00:00,2906,7,3,16,2,4,5,2025,0
2025-05-02 19:00:00,2906,9,0,19,2,4,5,2025,0
2025-05-02 21:00:00,2906,8,2,21,2,4,5,2025,0
2025-05-02 22:00:00,2906,3,0,22,2,4,5,2025,0
2025-05-03 00:00:00,2906,2,2,0,3,5,5,2025,1
2025-05-03 02:00:00,2906,3,0,2,3,5,5,2025,1
2025-05-03 03:00:00,2906,1,1,3,3,5,5,2025,1
2025-05-03 05:00:00,2906,5,3,5,3,5,5,2025,1
2025-05-03 05:00:00,2906,4,3,5,3,5,5,2025,1
2025-05-03 06:00:00,2906,4,3,6,3,5,5,2025,1
2025-05-03 08:00:00,2906,4,3,8,3,5,5,2025,1
2025-05-03 10:00:00,2906,6,3,10,3,5,5,2025,1
2025-05-03 12:00:00,2906,1,1,12,3,5,5,2025,1
2025-05-03 14:00:00,2906,5,3,14,3,5,5,2025,1
2025-05-03 19:00:00,2906,8,2,19,3,5,5,2025,1
2025-05-03 19:00:00,2906,3,0,19,3,5,5,2025,1
2025-05-03 21:00:00,2906,5,3,21,3,5,5,2025,1
2025-05-03 22:00:00,2906,4,3,22,3,5,5,2025,1
2025-05-04 01:00:00,2906,1,1,1,4,6,5,2025,1
2025-05-04 02:00:00,2906,6,3,2,4,6,5,2025,1
2025-05-04 02:00:00,2906,8,2,2,4,6,5,2025,1
2025-05-04 04:00:00,2906,9,0,4,4,6,5,2025,1
2025-05-04 06:00:00,2906,1,1,6,4,6,5,2025,1
2025-05-04 06:00:00,2906,8,2,6,4,6,5,2025,1
2025-05-04 08:00:00,2906,7,3,8,4,6,5,2025,1
2025-05-04 09:00:00,2906,3,0,9,4,6,5,2025,1
2025-05-04 09:00:00,2906,7,3,9,4,6,5,2025,1
2025-05-04 10:00:00,2906,2,2,10,4,6,5,2025,1
2025-05-04 12:00:00,2906,3,0,12,4,6,5,2025,1
2025-05-04 13:00:00,2906,6,3,13,4,6,5,2025,1
2025-05-04 16:00:00,2906,6,3,16,4,6,5,2025,1
2025-05-04 18:00:00,2906,5,3,18,4,6,5,2025,1
2025-05-04 19:00:00,2906,6,3,19,4,6,5,2025,1
2025-05-04 22:00:00,2906,8,2,22,4,6,5,2025,1
2025-05-04 23:00:00,2906,1,1,23,4,6,5,2025,1
2025-05-05 00:00:00,2906,4,3,0,5,0,5,2025,0
2025-05-05 04:00:00,2906,4,3,4,5,0,5,2025,0
2025-05-05 04:00:00,2906,2,2,4,5,0,5,2025,0
2025-05-05 07:00:00,2906,3,0,7,5,0,5,2025,0
2025-05-05 07:00:00,2906,8,2,7,5,0,5,2025,0
2025-05-05 10:00:00,2906,3,0,10,5,0,5,2025,0
2025-05-05 10:00:00,2906,1,1,10,5,0,5,2025,0
2025-05-05 11:00:00,2906,2,2,11,5,0,5,2025,0
2025-05-05 13:00:00,2906,7,3,13,5,0,5,2025,0
2025-05-05 15:00:00,2906,5,3,15,5,0,5,2025,0
2025-05-05 16:00:00,2906,9,0,16,5,0,5,2025,0
2025-05-05 17:00:00,2906,1,1,17,5,0,5,2025,0
2025-05-05 18:00:00,2906,2,2,18,5,0,5,2025,0
2025-05-05 21:00:00,2906,8,2,21,5,0,5,2025,0
2025-05-05 21:00:00,2906,1,1,21,5,0,5,2025,0
2025-05-05 23:00:00,2906,5,3,23,5,0,5,2025,0
2025-05-06 01:00:00,2906,5,3,1,6,1,5,2025,0
2025-05-06 02:00:00,2906,1,1,2,6,1,5,2025,0
2025-05-06 04:00:00,2906,7,3,4,6,1,5,2025,0
2025-05-06 05:00:00,2906,4,3,5,6,1,5,2025,0
2025-05-06 07:00:00,2906,8,2,7,6,1,5,2025,0
2025-05-06 08:00:00,2906,4,3,8,6,1,5,2025,0
2025-05-06 09:00:00,2906,2,2,9,6,1,5,2025,0
2025-05-06 09:00:00,2906,7,3,9,6,1,5,2025,0
2025-05-06 13:00:00,2906,2,2,13,6,1,5,2025,0
2025-05-06 13:00:00,2906,8,2,13,6,1,5,2025,0
2025-05-06 14:00:00,2906,3,0,14,6,1,5,2025,0
2025-05-06 15:00:00,2906,1,1,15,6,1,5,2025,0
2025-05-06 17:00:00,2906,3,0,17,6,1,5,2025,0
2025-05-06 18:00:00,2906,7,3,18,6,1,5,2025,0
2025-05-06 20:00:00,2906,6,3,20,6,1,5,2025,0
2025-05-06 20:00:00,2906,7,3,20,6,1,5,2025,0
2025-05-06 22:00:00,2906,7,3,22,6,1,5,2025,0
2025-05-06 23:00:00,2906,5,3,23,6,1,5,2025,0
2025-05-07 04:00:00,2906,7,3,4,7,2,5,2025,0
2025-05-07 05:00:00,2906,1,1,5,7,2,5,2025,0
2025-05-07 05:00:00,2906,9,0,5,7,2,5,2025,0
2025-05-07 06:00:00,2906,3,0,6,7,2,5,2025,0
2025-05-07 10:00:00,2906,8,2,10,7,2,5,2025,0
2025-05-07 12:00:00,2906,4,3,12,7,2,5,2025,0
2025-05-07 15:00:00,2906,1,1,15,7,2,5,2025,0
2025-05-07 17:00:00,2906,1,1,17,7,2,5,2025,0
2025-05-07 17:00:00,2906,4,3,17,7,2,5,2025,0
2025-05-07 22:00:00,2906,9,0,22,7,2,5,2025,0
2025-05-08 00:00:00,2906,3,0,0,8,3,5,2025,0
2025-05-08 01:00:00,2906,8,2,1,8,3,5,2025,0
2025-05-08 01:00:00,2906,6,3,1,8,3,5,2025,0
2025-05-08 02:00:00,2906,4,3,2,8,3,5,2025,0
2025-05-08 05:00:00,2906,7,3,5,8,3,5,2025,0
2025-05-08 05:00:00,2906,6,3,5,8,3,5,2025,0
2025-05-08 06:00:00,2906,6,3,6,8,3,5,2025,0
2025-05-08 07:00:00,2906,5,3,7,8,3,5,2025,0
2025-05-08 07:00:00,2906,8,2,7,8,3,5,2025,0
2025-05-08 10:00:00,2906,2,2,10,8,3,5,2025,0
2025-05-08 10:00:00,2906,3,0,10,8,3,5,2025,0
2025-05-08 10:00:00,2906,4,3,10,8,3,5,2025,0
2025-05-08 12:00:00,2906,9,0,12,8,3,5,2025,0
2025-05-08 13:00:00,2906,9,0,13,8,3,5,2025,0
2025-05-08 17:00:00,2906,1,1,17,8,3,5,2025,0
2025-05-08 20:00:00,2906,1,1,20,8,3,5,2025,0
2025-05-08 22:00:00,2906,3,0,22,8,3,5,2025,0
2025-05-08 23:00:00,2906,7,3,23,8,3,5,2025,0
2025-05-09 00:00:00,2906,9,0,0,9,4,5,2025,0
2025-05-09 04:00:00,2906,4,3,4,9,4,5,2025,0
2025-05-09 07:00:00,2906,4,3,7,9,4,5,2025,0
2025-05-09 09:00:00,2906,8,2,9,9,4,5,2025,0
2025-05-09 12:00:00,2906,6,3,12,9,4,5,2025,0
2025-05-09 13:00:00,2906,8,2,13,9,4,5,2025,0
2025-05-09 16:00:00,2906,5,3,16,9,4,5,2025,0
2025-05-09 17:00:00,2906,2,2,17,9,4,5,2025,0
2025-05-09 17:00:00,2906,7,3,17,9,4,5,2025,0
2025-05-09 18:00:00,2906,2,2,18,9,4,5,2025,0
2025-05-09 18:00:00,2906,6,3,18,9,4,5,2025,0
2025-05-09 18:00:00,2906,8,2,18,9,4,5,2025,0
2025-05-09 19:00:00,2906,4,3,19,9,4,5,2025,0
2025-05-09 20:00:00,2906,6,3,20,9,4,5,2025,0
2025-05-09 20:00:00,2906,5,3,20,9,4,5,2025,0
2025-05-09 21:00:00,2906,4,3,21,9,4,5,2025,0
2025-05-09 21:00:00,2906,2,2,21,9,4,5,2025,0
2025-05-09 22:00:00,2906,4,3,22,9,4,5,2025,0
2025-05-09 22:00:00,2906,3,0,22,9,4,5,2025,0
2025-05-10 01:00:00,2906,1,1,1,10,5,5,2025,1
2025-05-10 02:00:00,2906,5,3,2,10,5,5,2025,1
2025-05-10 04:00:00,2906,5,3,4,10,5,5,2025,1
2025-05-10 04:00:00,2906,8,2,4,10,5,5,2025,1
2025-05-10 07:00:00,2906,2,2,7,10,5,5,2025,1
2025-05-10 12:00:00,2906,7,3,12,10,5,5,2025,1
2025-05-10 13:00:00,2906,4,3,13,10,5,5,2025,1
2025-05-10 13:00:00,2906,5,3,13,10,5,5,2025,1
2025-05-10 15:00:00,2906,1,1,15,10,5,5,2025,1
2025-05-10 17:00:00,2906,7,3,17,10,5,5,2025,1
2025-05-10 17:00:00,2906,9,0,17,10,5,5,2025,1
2025-05-10 19:00:00,2906,4,3,19,10,5,5,2025,1
2025-05-10 21:00:00,2906,1,1,21,10,5,5,2025,1
2025-05-10 23:00:00,2906,4,3,23,10,5,5,2025,1
2025-05-11 00:00:00,2906,3,0,0,11,6,5,2025,1
2025-05-11 02:00:00,2906,8,2,2,11,6,5,2025,1
2025-05-11 05:00:00,2906,9,0,5,11,6,5,2025,1
2025-05-11 08:00:00,2906,2,2,8,11,6,5,2025,1
2025-05-11 10:00:00,2906,3,0,10,11,6,5,2025,1
2025-05-11 12:00:00,2906,3,0,12,11,6,5,2025,1
2025-05-11 13:00:00,2906,6,3,13,11,6,5,2025,1
2025-05-11 13:00:00,2906,5,3,13,11,6,5,2025,1
2025-05-11 14:00:00,2906,7,3,14,11,6,5,2025,1
2025-05-11 14:00:00,2906,5,3,14,11,6,5,2025,1
2025-05-11 15:00:00,2906,7,3,15,11,6,5,2025,1
2025-05-11 15:00:00,2906,3,0,15,11,6,5,2025,1
2025-05-11 16:00:00,2906,9,0,16,11,6,5,2025,1
2025-05-11 16:00:00,2906,8,2,16,11,6,5,2025,1
2025-05-11 16:00:00,2906,2,2,16,11,6,5,2025,1
2025-05-11 17:00:00,2906,7,3,17,11,6,5,2025,1
2025-05-11 18:00:00,2906,1,1,18,11,6,5,2025,1
2025-05-11 19:00:00,2906,9,0,19,11,6,5,2025,1
2025-05-11 19:00:00,2906,4,3,19,11,6,5,2025,1
2025-05-11 20:00:00,2906,6,3,20,11,6,5,2025,1
2025-05-12 08:00:00,2906,9,0,8,12,0,5,2025,0
2025-05-12 09:00:00,2906,2,2,9,12,0,5,2025,0
2025-05-12 10:00:00,2906,4,3,10,12,0,5,2025,0
2025-05-12 11:00:00,2906,4,3,11,12,0,5,2025,0
2025-05-12 11:00:00,2906,3,0,11,12,0,5,2025,0
2025-05-12 12:00:00,2906,9,0,12,12,0,5,2025,0
2025-05-12 13:00:00,2906,4,3,13,12,0,5,2025,0
2025-05-12 15:00:00,2906,2,2,15,12,0,5,2025,0
2025-05-12 16:00:00,2906,3,0,16,12,0,5,2025,0
2025-05-12 19:00:00,2906,8,2,19,12,0,5,2025,0
2025-05-12 23:00:00,2906,7,3,23,12,0,5,2025,0
2025-05-13 04:00:00,2906,1,1,4,13,1,5,2025,0
2025-05-13 09:00:00,2906,8,2,9,13,1,5,2025,0
2025-05-13 09:00:00,2906,2,2,9,13,1,5,2025,0
2025-05-13 13:00:00,2906,2,2,13,13,1,5,2025,0
2025-05-13 14:00:00,2906,1,1,14,13,1,5,2025,0
2025-05-13 15:00:00,2906,2,2,15,13,1,5,2025,0
2025-05-13 16:00:00,2906,5,3,16,13,1,5,2025,0
2025-05-13 17:00:00,2906,7,3,17,13,1,5,2025,0
2025-05-13 18:00:00,2906,9,0,18,13,1,5,2025,0
2025-05-13 19:00:00,2906,2,2,19,13,1,5,2025,0
2025-05-13 21:00:00,2906,7,3,21,13,1,5,2025,0
2025-05-13 21:00:00,2906,6,3,21,13,1,5,2025,0
2025-05-13 23:00:00,2906,9,0,23,13,1,5,2025,0
2025-05-14 03:00:00,2906,6,3,3,14,2,5,2025,0
2025-05-14 05:00:00,2906,7,3,5,14,2,5,2025,0
2025-05-14 05:00:00,2906,2,2,5,14,2,5,2025,0
2025-05-14 07:00:00,2906,7,3,7,14,2,5,2025,0
2025-05-14 08:00:00,2906,2,2,8,14,2,5,2025,0
2025-05-14 10:00:00,2906,6,3,10,14,2,5,2025,0
2025-05-14 11:00:00,2906,4,3,11,14,2,5,2025,0
2025-05-14 12:00:00,2906,3,0,12,14,2,5,2025,0
2025-05-14 13:00:00,2906,7,3,13,14,2,5,2025,0
2025-05-14 16:00:00,2906,9,0,16,14,2,5,2025,0
2025-05-14 19:00:00,2906,4,3,19,14,2,5,2025,0
2025-05-14 19:00:00,2906,5,3,19,14,2,5,2025,0
2025-05-14 19:00:00,2906,9,0,19,14,2,5,2025,0
2025-05-14 20:00:00,2906,9,0,20,14,2,5,2025,0
2025-05-15 00:00:00,2906,1,1,0,15,3,5,2025,0
2025-05-15 02:00:00,2906,5,3,2,15,3,5,2025,0
2025-05-15 03:00:00,2906,2,2,3,15,3,5,2025,0
2025-05-15 03:00:00,2906,8,2,3,15,3,5,2025,0
2025-05-15 04:00:00,2906,4,3,4,15,3,5,2025,0
2025-05-15 07:00:00,2906,2,2,7,15,3,5,2025,0
2025-05-15 12:00:00,2906,7,3,12,15,3,5,2025,0
2025-05-15 13:00:00,2906,6,3,13,15,3,5,2025,0
2025-05-15 17:00:00,2906,2,2,17,15,3,5,2025,0
2025-05-15 18:00:00,2906,1,1,18,15,3,5,2025,0
2025-05-16 00:00:00,2906,7,3,0,16,4,5,2025,0
2025-05-16 04:00:00,2906,6,3,4,16,4,5,2025,0
2025-05-16 07:00:00,2906,9,0,7,16,4,5,2025,0
2025-05-16 11:00:00,2906,8,2,11,16,4,5,2025,0
2025-05-16 15:00:00,2906,1,1,15,16,4,5,2025,0
2025-05-16 16:00:00,2906,2,2,16,16,4,5,2025,0
2025-05-16 18:00:00,2906,2,2,18,16,4,5,2025,0
2025-05-16 21:00:00,2906,9,0,21,16,4,5,2025,0
2025-05-16 22:00:00,2906,7,3,22,16,4,5,2025,0
2025-05-17 00:00:00,2906,7,3,0,17,5,5,2025,1
2025-05-17 01:00:00,2906,2,2,1,17,5,5,2025,1
2025-05-17 05:00:00,2906,1,1,5,17,5,5,2025,1
2025-05-17 05:00:00,2906,4,3,5,17,5,5,2025,1
2025-05-17 09:00:00,2906,5,3,9,17,5,5,2025,1
2025-05-17 09:00:00,2906,3,0,9,17,5,5,2025,1
2025-05-17 13:00:00,2906,9,0,13,17,5,5,2025,1
2025-05-17 15:00:00,2906,5,3,15,17,5,5,2025,1
2025-05-17 16:00:00,2906,6,3,16,17,5,5,2025,1
2025-05-17 17:00:00,2906,2,2,17,17,5,5,2025,1
2025-05-17 18:00:00,2906,4,3,18,17,5,5,2025,1
2025-05-17 18:00:00,2906,5,3,18,17,5,5,2025,1
2025-05-17 19:00:00,2906,1,1,19,17,5,5,2025,1
2025-05-17 23:00:00,2906,9,0,23,17,5,5,2025,1
2025-05-18 00:00:00,2906,6,3,0,18,6,5,2025,1
2025-05-18 00:00:00,2906,3,0,0,18,6,5,2025,1
2025-05-18 00:00:00,2906,7,3,0,18,6,5,2025,1
2025-05-18 07:00:00,2906,7,3,7,18,6,5,2025,1
2025-05-18 07:00:00,2906,8,2,7,18,6,5,2025,1
2025-05-18 08:00:00,2906,9,0,8,18,6,5,2025,1
2025-05-18 08:00:00,2906,7,3,8,18,6,5,2025,1
2025-05-18 08:00:00,2906,8,2,8,18,6,5,2025,1
2025-05-18 11:00:00,2906,5,3,11,18,6,5,2025,1
2025-05-18 13:00:00,2906,5,3,13,18,6,5,2025,1
2025-05-18 14:00:00,2906,4,3,14,18,6,5,2025,1
2025-05-18 19:00:00,2906,7,3,19,18,6,5,2025,1
2025-05-18 20:00:00,2906,1,1,20,18,6,5,2025,1
2025-05-18 22:00:00,2906,3,0,22,18,6,5,2025,1
2025-05-18 22:00:00,2906,8,2,22,18,6,5,2025,1
2025-05-19 00:00:00,2906,1,1,0,19,0,5,2025,0
2025-05-19 00:00:00,2906,3,0,0,19,0,5,2025,0
2025-05-19 03:00:00,2906,8,2,3,19,0,5,2025,0
2025-05-19 03:00:00,2906,7,3,3,19,0,5,2025,0
2025-05-19 04:00:00,2906,5,3,4,19,0,5,2025,0
2025-05-19 05:00:00,2906,7,3,5,19,0,5,2025,0
2025-05-19 09:00:00,2906,6,3,9,19,0,5,2025,0
2025-05-19 10:00:00,2906,8,2,10,19,0,5,2025,0
2025-05-19 16:00:00,2906,5,3,16,19,0,5,2025,0
2025-05-19 16:00:00,2906,9,0,16,19,0,5,2025,0
2025-05-19 18:00:00,2906,3,0,18,19,0,5,2025,0
2025-05-19 18:00:00,2906,6,3,18,19,0,5,2025,0
2025-05-19 20:00:00,2906,6,3,20,19,0,5,2025,0
2025-05-19 22:00:00,2906,8,2,22,19,0,5,2025,0
2025-05-20 02:00:00,2906,8,2,2,20,1,5,2025,0
2025-05-20 02:00:00,2906,9,0,2,20,1,5,2025,0
2025-05-20 02:00:00,2906,4,3,2,20,1,5,2025,0
2025-05-20 06:00:00,2906,6,3,6,20,1,5,2025,0
2025-05-20 07:00:00,2906,6,3,7,20,1,5,2025,0
2025-05-20 07:00:00,2906,3,0,7,20,1,5,2025,0
2025-05-20 08:00:00,2906,5,3,8,20,1,5,2025,0
2025-05-20 09:00:00,2906,3,0,9,20,1,5,2025,0
2025-05-20 09:00:00,2906,6,3,9,20,1,5,2025,0
2025-05-20 13:00:00,2906,8,2,13,20,1,5,2025,0
2025-05-20 14:00:00,2906,8,2,14,20,1,5,2025,0
2025-05-20 14:00:00,2906,2,2,14,20,1,5,2025,0
2025-05-20 14:00:00,2906,5,3,14,20,1,5,2025,0
2025-05-20 15:00:00,2906,1,1,15,20,1,5,2025,0
2025-05-20 15:00:00,2906,6,3,15,20,1,5,2025,0
2025-05-20 16:00:00,2906,3,0,16,20,1,5,2025,0
2025-05-20 17:00:00,2906,5,3,17,20,1,5,2025,0
2025-05-20 20:00:00,2906,9,0,20,20,1,5,2025,0
2025-05-20 21:00:00,2906,6,3,21,20,1,5,2025,0
2025-05-20 22:00:00,2906,7,3,22,20,1,5,2025,0
2025-05-20 22:00:00,2906,3,0,22,20,1,5,2025,0
2025-05-20 23:00:00,2906,6,3,23,20,1,5,2025,0
2025-05-21 02:00:00,2906,4,3,2,21,2,5,2025,0
2025-05-21 02:00:00,2906,8,2,2,21,2,5,2025,0
2025-05-21 03:00:00,2906,6,3,3,21,2,5,2025,0
2025-05-21 07:00:00,2906,9,0,7,21,2,5,2025,0
2025-05-21 08:00:00,2906,7,3,8,21,2,5,2025,0
2025-05-21 14:00:00,2906,9,0,14,21,2,5,2025,0
2025-05-21 18:00:00,2906,3,0,18,21,2,5,2025,0
2025-05-21 18:00:00,2906,1,1,18,21,2,5,2025,0
2025-05-21 19:00:00,2906,5,3,19,21,2,5,2025,0
2025-05-21 20:00:00,2906,6,3,20,21,2,5,2025,0
2025-05-21 23:00:00,2906,7,3,23,21,2,5,2025,0
2025-05-21 23:00:00,2906,4,3,23,21,2,5,2025,0
2025-05-22 02:00:00,2906,8,2,2,22,3,5,2025,0
2025-05-22 02:00:00,2906,5,3,2,22,3,5,2025,0
2025-05-22 05:00:00,2906,7,3,5,22,3,5,2025,0
2025-05-22 07:00:00,2906,5,3,7,22,3,5,2025,0
2025-05-22 09:00:00,2906,5,3,9,22,3,5,2025,0
2025-05-22 09:00:00,2906,7,3,9,22,3,5,2025,0
2025-05-22 09:00:00,2906,4,3,9,22,3,5,2025,0
2025-05-22 10:00:00,2906,6,3,10,22,3,5,2025,0
2025-05-22 13:00:00,2906,1,1,13,22,3,5,2025,0
2025-05-22 14:00:00,2906,1,1,14,22,3,5,2025,0
2025-05-22 14:00:00,2906,9,0,14,22,3,5,2025,0
2025-05-22 17:00:00,2906,2,2,17,22,3,5,2025,0
2025-05-22 18:00:00,2906,8,2,18,22,3,5,2025,0
2025-05-22 22:00:00,2906,6,3,22,22,3,5,2025,0
2025-05-22 23:00:00,2906,9,0,23,22,3,5,2025,0
2025-05-23 00:00:00,2906,8,2,0,23,4,5,2025,0
2025-05-23 01:00:00,2906,3,0,1,23,4,5,2025,0
2025-05-23 01:00:00,2906,7,3,1,23,4,5,2025,0
2025-05-23 03:00:00,2906,9,0,3,23,4,5,2025,0
2025-05-23 03:00:00,2906,7,3,3,23,4,5,2025,0
2025-05-23 05:00:00,2906,6,3,5,23,4,5,2025,0
2025-05-23 07:00:00,2906,3,0,7,23,4,5,2025,0
2025-05-23 08:00:00,2906,7,3,8,23,4,5,2025,0
2025-05-23 09:00:00,2906,2,2,9,23,4,5,2025,0
2025-05-23 11:00:00,2906,1,1,11,23,4,5,2025,0
2025-05-23 13:00:00,2906,1,1,13,23,4,5,2025,0
2025-05-23 14:00:00,2906,4,3,14,23,4,5,2025,0
2025-05-23 14:00:00,2906,6,3,14,23,4,5,2025,0
2025-05-23 16:00:00,2906,5,3,16,23,4,5,2025,0
2025-05-23 17:00:00,2906,8,2,17,23,4,5,2025,0
2025-05-23 17:00:00,2906,6,3,17,23,4,5,2025,0
2025-05-23 20:00:00,2906,2,2,20,23,4,5,2025,0
2025-05-23 20:00:00,2906,6,3,20,23,4,5,2025,0
2025-05-23 21:00:00,2906,1,1,21,23,4,5,2025,0
2025-05-23 21:00:00,2906,4,3,21,23,4,5,2025,0
2025-05-23 21:00:00,2906,9,0,21,23,4,5,2025,0
2025-05-23 23:00:00,2906,4,3,23,23,4,5,2025,0
2025-05-24 00:00:00,2906,4,3,0,24,5,5,2025,1
2025-05-24 01:00:00,2906,6,3,1,24,5,5,2025,1
2025-05-24 02:00:00,2906,3,0,2,24,5,5,2025,1
2025-05-24 04:00:00,2906,8,2,4,24,5,5,2025,1
2025-05-24 04:00:00,2906,7,3,4,24,5,5,2025,1
2025-05-24 05:00:00,2906,5,3,5,24,5,5,2025,1
2025-05-24 06:00:00,2906,4,3,6,24,5,5,2025,1
2025-05-24 07:00:00,2906,2,2,7,24,5,5,2025,1
2025-05-24 07:00:00,2906,3,0,7,24,5,5,2025,1
2025-05-24 08:00:00,2906,1,1,8,24,5,5,2025,1
2025-05-24 09:00:00,2906,4,3,9,24,5,5,2025,1
2025-05-24 10:00:00,2906,1,1,10,24,5,5,2025,1
2025-05-24 13:00:00,2906,1,1,13,24,5,5,2025,1
2025-05-24 17:00:00,2906,6,3,17,24,5,5,2025,1
2025-05-24 18:00:00,2906,1,1,18,24,5,5,2025,1
2025-05-24 23:00:00,2906,1,1,23,24,5,5,2025,1
2025-05-24 23:00:00,2906,2,2,23,24,5,5,2025,1
2025-05-24 23:00:00,2906,3,0,23,24,5,5,2025,1
2025-05-25 00:00:00,2906,8,2,0,25,6,5,2025,1
2025-05-25 01:00:00,2906,2,2,1,25,6,5,2025,1
2025-05-25 01:00:00,2906,7,3,1,25,6,5,2025,1
2025-05-25 03:00:00,2906,7,3,3,25,6,5,2025,1
2025-05-25 04:00:00,2906,4,3,4,25,6,5,2025,1
2025-05-25 05:00:00,2906,6,3,5,25,6,5,2025,1
2025-05-25 06:00:00,2906,9,0,6,25,6,5,2025,1
2025-05-25 07:00:00,2906,5,3,7,25,6,5,2025,1
2025-05-25 08:00:00,2906,2,2,8,25,6,5,2025,1
2025-05-25 11:00:00,2906,1,1,11,25,6,5,2025,1
2025-05-25 13:00:00,2906,3,0,13,25,6,5,2025,1
2025-05-25 13:00:00,2906,9,0,13,25,6,5,2025,1
2025-05-25 15:00:00,2906,5,3,15,25,6,5,2025,1
2025-05-25 17:00:00,2906,7,3,17,25,6,5,2025,1
2025-05-25 21:00:00,2906,4,3,21,25,6,5,2025,1
2025-05-25 22:00:00,2906,9,0,22,25,6,5,2025,1
2025-05-26 01:00:00,2906,1,1,1,26,0,5,2025,0
2025-05-26 06:00:00,2906,1,1,6,26,0,5,2025,0
2025-05-26 08:00:00,2906,7,3,8,26,0,5,2025,0
2025-05-26 09:00:00,2906,7,3,9,26,0,5,2025,0
2025-05-26 12:00:00,2906,2,2,12,26,0,5,2025,0
2025-05-26 13:00:00,2906,1,1,13,26,0,5,2025,0
2025-05-26 13:00:00,2906,8,2,13,26,0,5,2025,0
2025-05-26 14:00:00,2906,6,3,14,26,0,5,2025,0
2025-05-26 15:00:00,2906,2,2,15,26,0,5,2025,0
2025-05-26 15:00:00,2906,1,1,15,26,0,5,2025,0
2025-05-26 16:00:00,2906,8,2,16,26,0,5,2025,0
2025-05-26 20:00:00,2906,3,0,20,26,0,5,2025,0
2025-05-26 21:00:00,2906,8,2,21,26,0,5,2025,0
2025-05-27 03:00:00,2906,1,1,3,27,1,5,2025,0
2025-05-27 05:00:00,2906,7,3,5,27,1,5,2025,0
2025-05-27 06:00:00,2906,8,2,6,27,1,5,2025,0
2025-05-27 09:00:00,2906,3,0,9,27,1,5,2025,0
2025-05-27 10:00:00,2906,4,3,10,27,1,5,2025,0
2025-05-27 11:00:00,2906,4,3,11,27,1,5,2025,0
2025-05-27 12:00:00,2906,6,3,12,27,1,5,2025,0
2025-05-27 12:00:00,2906,1,1,12,27,1,5,2025,0
2025-05-27 14:00:00,2906,8,2,14,27,1,5,2025,0
2025-05-27 16:00:00,2906,1,1,16,27,1,5,2025,0
2025-05-27 17:00:00,2906,9,0,17,27,1,5,2025,0
2025-05-27 21:00:00,2906,5,3,21,27,1,5,2025,0
2025-05-27 22:00:00,2906,1,1,22,27,1,5,2025,0
2025-05-28 01:00:00,2906,8,2,1,28,2,5,2025,0
2025-05-28 06:00:00,2906,1,1,6,28,2,5,2025,0
2025-05-28 07:00:00,2906,2,2,7,28,2,5,2025,0
2025-05-28 07:00:00,2906,4,3,7,28,2,5,2025,0
2025-05-28 08:00:00,2906,7,3,8,28,2,5,2025,0
2025-05-28 08:00:00,2906,6,3,8,28,2,5,2025,0
2025-05-28 11:00:00,2906,6,3,11,28,2,5,2025,0
2025-05-28 12:00:00,2906,2,2,12,28,2,5,2025,0
2025-05-28 15:00:00,2906,2,2,15,28,2,5,2025,0
2025-05-28 19:00:00,2906,3,0,19,28,2,5,2025,0
2025-05-28 20:00:00,2906,8,2,20,28,2,5,2025,0
2025-05-28 21:00:00,2906,8,2,21,28,2,5,2025,0
2025-05-29 00:00:00,2906,5,3,0,29,3,5,2025,0
2025-05-29 01:00:00,2906,9,0,1,29,3,5,2025,0
2025-05-29 05:00:00,2906,9,0,5,29,3,5,2025,0
2025-05-29 07:00:00,2906,5,3,7,29,3,5,2025,0
2025-05-29 09:00:00,2906,2,2,9,29,3,5,2025,0
2025-05-29 10:00:00,2906,1,1,10,29,3,5,2025,0
2025-05-29 15:00:00,2906,6,3,15,29,3,5,2025,0
2025-05-29 15:00:00,2906,5,3,15,29,3,5,2025,0
2025-05-29 16:00:00,2906,8,2,16,29,3,5,2025,0
2025-05-29 18:00:00,2906,3,0,18,29,3,5,2025,0
2025-05-29 19:00:00,2906,5,3,19,29,3,5,2025,0
2025-05-29 20:00:00,2906,3,0,20,29,3,5,2025,0
2025-05-29 22:00:00,2906,1,1,22,29,3,5,2025,0
2025-05-30 01:00:00,2906,3,0,1,30,4,5,2025,0
2025-05-30 02:00:00,2906,8,2,2,30,4,5,2025,0
2025-05-30 03:00:00,2906,9,0,3,30,4,5,2025,0
2025-05-30 06:00:00,2906,7,3,6,30,4,5,2025,0
2025-05-30 06:00:00,2906,8,2,6,30,4,5,2025,0
2025-05-30 09:00:00,2906,3,0,9,30,4,5,2025,0
2025-05-30 10:00:00,2906,3,0,10,30,4,5,2025,0
2025-05-30 10:00:00,2906,2,2,10,30,4,5,2025,0
2025-05-30 13:00:00,2906,3,0,13,30,4,5,2025,0
2025-05-30 17:00:00,2906,1,1,17,30,4,5,2025,0
2025-05-30 17:00:00,2906,3,0,17,30,4,5,2025,0
2025-05-30 17:00:00,2906,2,2,17,30,4,5,2025,0
2025-05-30 18:00:00,2906,3,0,18,30,4,5,2025,0
2025-05-30 19:00:00,2906,2,2,19,30,4,5,2025,0
2025-05-30 20:00:00,2906,8,2,20,30,4,5,2025,0
2025-05-30 21:00:00,2906,5,3,21,30,4,5,2025,0
2025-05-31 01:00:00,2906,2,2,1,31,5,5,2025,1
2025-05-31 02:00:00,2906,1,1,2,31,5,5,2025,1
2025-05-31 03:00:00,2906,9,0,3,31,5,5,2025,1
2025-05-31 04:00:00,2906,4,3,4,31,5,5,2025,1
2025-05-31 05:00:00,2906,5,3,5,31,5,5,2025,1
2025-05-31 06:00:00,2906,7,3,6,31,5,5,2025,1
2025-05-31 07:00:00,2906,7,3,7,31,5,5,2025,1
2025-05-31 08:00:00,2906,8,2,8,31,5,5,2025,1
2025-05-31 09:00:00,2906,6,3,9,31,5,5,2025,1
2025-05-31 09:00:00,2906,5,3,9,31,5,5,2025,1
2025-05-31 12:00:00,2906,5,3,12,31,5,5,2025,1
2025-05-31 12:00:00,2906,7,3,12,31,5,5,2025,1
2025-05-31 14:00:00,2906,8,2,14,31,5,5,2025,1
2025-05-31 15:00:00,2906,4,3,15,31,5,5,2025,1
2025-05-31 16:00:00,2906,4,3,16,31,5,5,2025,1
2025-05-31 17:00:00,2906,6,3,17,31,5,5,2025,1
2025-05-31 19:00:00,2906,5,3,19,31,5,5,2025,1
2025-05-31 20:00:00,2906,2,2,20,31,5,5,2025,1
2025-05-31 22:00:00,2906,2,2,22,31,5,5,2025,1
2025-05-31 22:00:00,2906,4,3,22,31,5,5,2025,1
2025-06-01 00:00:00,2906,1,1,0,1,6,6,2025,1
2025-06-01 02:00:00,2906,2,2,2,1,6,6,2025,1
2025-06-01 02:00:00,2906,8,2,2,1,6,6,2025,1
2025-06-01 05:00:00,2906,1,1,5,1,6,6,2025,1
2025-06-01 05:00:00,2906,7,3,5,1,6,6,2025,1
2025-06-01 06:00:00,2906,6,3,6,1,6,6,2025,1
2025-06-01 09:00:00,2906,1,1,9,1,6,6,2025,1
2025-06-01 11:00:00,2906,3,0,11,1,6,6,2025,1
2025-06-01 11:00:00,2906,2,2,11,1,6,6,2025,1
2025-06-01 12:00:00,2906,5,3,12,1,6,6,2025,1
2025-06-01 13:00:00,2906,9,0,13,1,6,6,2025,1
2025-06-02 00:00:00,2906,4,3,0,2,0,6,2025,0
2025-06-02 00:00:00,2906,6,3,0,2,0,6,2025,0
2025-06-02 02:00:00,2906,6,3,2,2,0,6,2025,0
2025-06-02 02:00:00,2906,7,3,2,2,0,6,2025,0
2025-06-02 04:00:00,2906,2,2,4,2,0,6,2025,0
2025-06-02 04:00:00,2906,1,1,4,2,0,6,2025,0
2025-06-02 06:00:00,2906,6,3,6,2,0,6,2025,0
2025-06-02 11:00:00,2906,6,3,11,2,0,6,2025,0
2025-06-02 12:00:00,2906,2,2,12,2,0,6,2025,0
2025-06-02 15:00:00,2906,8,2,15,2,0,6,2025,0
2025-06-02 15:00:00,2906,1,1,15,2,0,6,2025,0
2025-06-02 16:00:00,2906,8,2,16,2,0,6,2025,0
2025-06-02 16:00:00,2906,6,3,16,2,0,6,2025,0
2025-06-02 17:00:00,2906,3,0,17,2,0,6,2025,0
2025-06-02 20:00:00,2906,7,3,20,2,0,6,2025,0
2025-06-02 21:00:00,2906,8,2,21,2,0,6,2025,0
2025-06-02 22:00:00,2906,1,1,22,2,0,6,2025,0
2025-06-02 22:00:00,2906,9,0,22,2,0,6,2025,0
2025-06-02 23:00:00,2906,2,2,23,2,0,6,2025,0
2025-06-03 00:00:00,2906,7,3,0,3,1,6,2025,0
2025-06-03 00:00:00,2906,1,1,0,3,1,6,2025,0
2025-06-03 00:00:00,2906,3,0,0,3,1,6,2025,0
2025-06-03 04:00:00,2906,7,3,4,3,1,6,2025,0
2025-06-03 04:00:00,2906,1,1,4,3,1,6,2025,0
2025-06-03 04:00:00,2906,3,0,4,3,1,6,2025,0
2025-06-03 05:00:00,2906,1,1,5,3,1,6,2025,0
2025-06-03 07:00:00,2906,2,2,7,3,1,6,2025,0
2025-06-03 09:00:00,2906,5,3,9,3,1,6,2025,0
2025-06-03 10:00:00,2906,4,3,10,3,1,6,2025,0
2025-06-03 10:00:00,2906,7,3,10,3,1,6,2025,0
2025-06-03 13:00:00,2906,6,3,13,3,1,6,2025,0
2025-06-03 15:00:00,2906,5,3,15,3,1,6,2025,0
2025-06-03 16:00:00,2906,4,3,16,3,1,6,2025,0
2025-06-03 17:00:00,2906,7,3,17,3,1,6,2025,0
2025-06-03 17:00:00,2906,1,1,17,3,1,6,2025,0
2025-06-03 17:00:00,2906,6,3,17,3,1,6,2025,0
2025-06-03 18:00:00,2906,3,0,18,3,1,6,2025,0
2025-06-03 21:00:00,2906,4,3,21,3,1,6,2025,0
2025-06-04 04:00:00,2906,1,1,4,4,2,6,2025,0
2025-06-04 06:00:00,2906,2,2,6,4,2,6,2025,0
2025-06-04 08:00:00,2906,5,3,8,4,2,6,2025,0
2025-06-04 08:00:00,2906,7,3,8,4,2,6,2025,0
2025-06-04 10:00:00,2906,9,0,10,4,2,6,2025,0
2025-06-04 12:00:00,2906,2,2,12,4,2,6,2025,0
2025-06-04 13:00:00,2906,1,1,13,4,2,6,2025,0
2025-06-04 15:00:00,2906,6,3,15,4,2,6,2025,0
2025-06-04 16:00:00,2906,1,1,16,4,2,6,2025,0
2025-06-04 17:00:00,2906,1,1,17,4,2,6,2025,0
2025-06-04 18:00:00,2906,1,1,18,4,2,6,2025,0
2025-06-04 20:00:00,2906,9,0,20,4,2,6,2025,0
2025-06-04 21:00:00,2906,1,1,21,4,2,6,2025,0
2025-06-04 21:00:00,2906,5,3,21,4,2,6,2025,0
2025-06-04 22:00:00,2906,8,2,22,4,2,6,2025,0
2025-06-04 23:00:00,2906,4,3,23,4,2,6,2025,0
2025-06-05 00:00:00,2906,7,3,0,5,3,6,2025,0
2025-06-05 01:00:00,2906,3,0,1,5,3,6,2025,0
2025-06-05 02:00:00,2906,9,0,2,5,3,6,2025,0
2025-06-05 02:00:00,2906,5,3,2,5,3,6,2025,0
2025-06-05 03:00:00,2906,9,0,3,5,3,6,2025,0
2025-06-05 06:00:00,2906,3,0,6,5,3,6,2025,0
2025-06-05 07:00:00,2906,9,0,7,5,3,6,2025,0
2025-06-05 07:00:00,2906,3,0,7,5,3,6,2025,0
2025-06-05 10:00:00,2906,6,3,10,5,3,6,2025,0
2025-06-05 11:00:00,2906,2,2,11,5,3,6,2025,0
2025-06-05 13:00:00,2906,4,3,13,5,3,6,2025,0
2025-06-05 14:00:00,2906,3,0,14,5,3,6,2025,0
2025-06-05 16:00:00,2906,3,0,16,5,3,6,2025,0
2025-06-05 17:00:00,2906,9,0,17,5,3,6,2025,0
2025-06-05 17:00:00,2906,1,1,17,5,3,6,2025,0
2025-06-05 18:00:00,2906,1,1,18,5,3,6,2025,0
2025-06-05 20:00:00,2906,7,3,20,5,3,6,2025,0
2025-06-06 01:00:00,2906,9,0,1,6,4,6,2025,0
2025-06-06 03:00:00,2906,1,1,3,6,4,6,2025,0
2025-06-06 03:00:00,2906,6,3,3,6,4,6,2025,0
2025-06-06 03:00:00,2906,8,2,3,6,4,6,2025,0
2025-06-06 03:00:00,2906,3,0,3,6,4,6,2025,0
2025-06-06 04:00:00,2906,9,0,4,6,4,6,2025,0
2025-06-06 05:00:00,2906,6,3,5,6,4,6,2025,0
2025-06-06 05:00:00,2906,5,3,5,6,4,6,2025,0
2025-06-06 08:00:00,2906,1,1,8,6,4,6,2025,0
2025-06-06 09:00:00,2906,7,3,9,6,4,6,2025,0
2025-06-06 10:00:00,2906,8,2,10,6,4,6,2025,0
2025-06-06 11:00:00,2906,3,0,11,6,4,6,2025,0
2025-06-06 11:00:00,2906,1,1,11,6,4,6,2025,0
2025-06-06 12:00:00,2906,2,2,12,6,4,6,2025,0
2025-06-06 12:00:00,2906,1,1,12,6,4,6,2025,0
2025-06-06 13:00:00,2906,7,3,13,6,4,6,2025,0
2025-06-06 13:00:00,2906,4,3,13,6,4,6,2025,0
2025-06-06 14:00:00,2906,1,1,14,6,4,6,2025,0
2025-06-06 15:00:00,2906,6,3,15,6,4,6,2025,0
2025-06-06 16:00:00,2906,7,3,16,6,4,6,2025,0
2025-06-06 16:00:00,2906,5,3,16,6,4,6,2025,0
2025-06-06 16:00:00,2906,1,1,16,6,4,6,2025,0
2025-06-06 20:00:00,2906,2,2,20,6,4,6,2025,0
2025-06-07 00:00:00,2906,7,3,0,7,5,6,2025,1
2025-06-07 00:00:00,2906,3,0,0,7,5,6,2025,1
2025-06-07 00:00:00,2906,2,2,0,7,5,6,2025,1
2025-06-07 00:00:00,2906,9,0,0,7,5,6,2025,1
2025-06-07 03:00:00,2906,7,3,3,7,5,6,2025,1
2025-06-07 03:00:00,2906,3,0,3,7,5,6,2025,1
2025-06-07 04:00:00,2906,9,0,4,7,5,6,2025,1
2025-06-07 09:00:00,2906,2,2,9,7,5,6,2025,1
2025-06-07 09:00:00,2906,4,3,9,7,5,6,2025,1
2025-06-07 11:00:00,2906,2,2,11,7,5,6,2025,1
2025-06-07 11:00:00,2906,3,0,11,7,5,6,2025,1
2025-06-07 11:00:00,2906,4,3,11,7,5,6,2025,1
2025-06-07 12:00:00,2906,3,0,12,7,5,6,2025,1
2025-06-07 12:00:00,2906,5,3,12,7,5,6,2025,1
2025-06-07 12:00:00,2906,9,0,12,7,5,6,2025,1
2025-06-07 16:00:00,2906,5,3,16,7,5,6,2025,1
2025-06-07 16:00:00,2906,2,2,16,7,5,6,2025,1
2025-06-07 17:00:00,2906,7,3,17,7,5,6,2025,1
2025-06-07 18:00:00,2906,1,1,18,7,5,6,2025,1
2025-06-07 18:00:00,2906,9,0,18,7,5,6,2025,1
2025-06-07 22:00:00,2906,2,2,22,7,5,6,2025,1
2025-06-07 22:00:00,2906,6,3,22,7,5,6,2025,1
2025-06-07 23:00:00,2906,9,0,23,7,5,6,2025,1
2025-06-07 23:00:00,2906,3,0,23,7,5,6,2025,1
2025-06-07 23:00:00,2906,7,3,23,7,5,6,2025,1
2025-06-08 01:00:00,2906,2,2,1,8,6,6,2025,1
2025-06-08 03:00:00,2906,9,0,3,8,6,6,2025,1
2025-06-08 03:00:00,2906,4,3,3,8,6,6,2025,1
2025-06-08 04:00:00,2906,6,3,4,8,6,6,2025,1
2025-06-08 05:00:00,2906,3,0,5,8,6,6,2025,1
2025-06-08 05:00:00,2906,1,1,5,8,6,6,2025,1
2025-06-08 08:00:00,2906,4,3,8,8,6,6,2025,1
2025-06-08 09:00:00,2906,2,2,9,8,6,6,2025,1
2025-06-08 11:00:00,2906,4,3,11,8,6,6,2025,1
2025-06-08 13:00:00,2906,4,3,13,8,6,6,2025,1
2025-06-08 15:00:00,2906,6,3,15,8,6,6,2025,1
2025-06-08 15:00:00,2906,4,3,15,8,6,6,2025,1
2025-06-08 15:00:00,2906,5,3,15,8,6,6,2025,1
2025-06-08 19:00:00,2906,7,3,19,8,6,6,2025,1
2025-06-08 19:00:00,2906,3,0,19,8,6,6,2025,1
2025-06-09 00:00:00,2906,2,2,0,9,0,6,2025,0
2025-06-09 03:00:00,2906,7,3,3,9,0,6,2025,0
2025-06-09 04:00:00,2906,9,0,4,9,0,6,2025,0
2025-06-09 08:00:00,2906,5,3,8,9,0,6,2025,0
2025-06-09 11:00:00,2906,9,0,11,9,0,6,2025,0
2025-06-09 11:00:00,2906,6,3,11,9,0,6,2025,0
2025-06-09 14:00:00,2906,8,2,14,9,0,6,2025,0
2025-06-09 14:00:00,2906,7,3,14,9,0,6,2025,0
2025-06-09 14:00:00,2906,9,0,14,9,0,6,2025,0
2025-06-09 16:00:00,2906,4,3,16,9,0,6,2025,0
2025-06-09 17:00:00,2906,2,2,17,9,0,6,2025,0
2025-06-09 18:00:00,2906,6,3,18,9,0,6,2025,0
2025-06-09 19:00:00,2906,9,0,19,9,0,6,2025,0
2025-06-09 20:00:00,2906,3,0,20,9,0,6,2025,0
2025-06-09 22:00:00,2906,5,3,22,9,0,6,2025,0
2025-06-10 05:00:00,2906,3,0,5,10,1,6,2025,0
2025-06-10 05:00:00,2906,5,3,5,10,1,6,2025,0
2025-06-10 06:00:00,2906,9,0,6,10,1,6,2025,0
2025-06-10 06:00:00,2906,1,1,6,10,1,6,2025,0
2025-06-10 07:00:00,2906,2,2,7,10,1,6,2025,0
2025-06-10 08:00:00,2906,2,2,8,10,1,6,2025,0
2025-06-10 10:00:00,2906,8,2,10,10,1,6,2025,0
2025-06-10 11:00:00,2906,3,0,11,10,1,6,2025,0
2025-06-10 13:00:00,2906,9,0,13,10,1,6,2025,0
2025-06-10 14:00:00,2906,3,0,14,10,1,6,2025,0
2025-06-10 14:00:00,2906,7,3,14,10,1,6,2025,0
2025-06-10 14:00:00,2906,6,3,14,10,1,6,2025,0
2025-06-10 16:00:00,2906,9,0,16,10,1,6,2025,0
2025-06-10 17:00:00,2906,4,3,17,10,1,6,2025,0
2025-06-10 20:00:00,2906,7,3,20,10,1,6,2025,0
2025-06-10 22:00:00,2906,9,0,22,10,1,6,2025,0
2025-06-10 22:00:00,2906,3,0,22,10,1,6,2025,0
2025-06-13 02:00:00,2906,8,2,2,13,4,6,2025,0
2025-06-13 03:00:00,2906,7,3,3,13,4,6,2025,0
2025-06-13 09:00:00,2906,5,3,9,13,4,6,2025,0
2025-06-13 10:00:00,2906,8,2,10,13,4,6,2025,0
2025-06-13 11:00:00,2906,6,3,11,13,4,6,2025,0
2025-06-13 12:00:00,2906,4,3,12,13,4,6,2025,0
2025-06-13 16:00:00,2906,1,1,16,13,4,6,2025,0
2025-06-13 16:00:00,2906,3,0,16,13,4,6,2025,0
2025-06-13 17:00:00,2906,3,0,17,13,4,6,2025,0
2025-06-13 23:00:00,2906,1,1,23,13,4,6,2025,0
2025-06-13 23:00:00,2906,4,3,23,13,4,6,2025,0
2025-06-14 00:00:00,2906,5,3,0,14,5,6,2025,1
2025-06-14 00:00:00,2906,1,1,0,14,5,6,2025,1
2025-06-14 02:00:00,2906,4,3,2,14,5,6,2025,1
2025-06-14 05:00:00,2906,2,2,5,14,5,6,2025,1
2025-06-14 06:00:00,2906,4,3,6,14,5,6,2025,1
2025-06-14 07:00:00,2906,2,2,7,14,5,6,2025,1
2025-06-14 08:00:00,2906,6,3,8,14,5,6,2025,1
2025-06-14 09:00:00,2906,9,0,9,14,5,6,2025,1
2025-06-14 09:00:00,2906,6,3,9,14,5,6,2025,1
2025-06-14 09:00:00,2906,7,3,9,14,5,6,2025,1
2025-06-14 11:00:00,2906,6,3,11,14,5,6,2025,1
2025-06-14 11:00:00,2906,3,0,11,14,5,6,2025,1
2025-06-14 14:00:00,2906,9,0,14,14,5,6,2025,1
2025-06-14 20:00:00,2906,1,1,20,14,5,6,2025,1
2025-06-14 22:00:00,2906,5,3,22,14,5,6,2025,1
2025-06-14 22:00:00,2906,4,3,22,14,5,6,2025,1
2025-06-15 00:00:00,2906,6,3,0,15,6,6,2025,1
2025-06-15 01:00:00,2906,8,2,1,15,6,6,2025,1
2025-06-15 01:00:00,2906,7,3,1,15,6,6,2025,1
2025-06-15 03:00:00,2906,3,0,3,15,6,6,2025,1
2025-06-15 05:00:00,2906,3,0,5,15,6,6,2025,1
2025-06-15 06:00:00,2906,8,2,6,15,6,6,2025,1
2025-06-15 08:00:00,2906,9,0,8,15,6,6,2025,1
2025-06-15 08:00:00,2906,4,3,8,15,6,6,2025,1
2025-06-15 08:00:00,2906,2,2,8,15,6,6,2025,1
2025-06-15 09:00:00,2906,2,2,9,15,6,6,2025,1
2025-06-15 11:00:00,2906,3,0,11,15,6,6,2025,1
2025-06-15 12:00:00,2906,2,2,12,15,6,6,2025,1
2025-06-15 15:00:00,2906,6,3,15,15,6,6,2025,1
2025-06-15 17:00:00,2906,1,1,17,15,6,6,2025,1
2025-06-15 20:00:00,2906,7,3,20,15,6,6,2025,1
2025-06-15 21:00:00,2906,9,0,21,15,6,6,2025,1
2025-06-15 21:00:00,2906,4,3,21,15,6,6,2025,1
2025-06-15 22:00:00,2906,7,3,22,15,6,6,2025,1
2025-06-15 23:00:00,2906,3,0,23,15,6,6,2025,1
2025-06-16 01:00:00,2906,5,3,1,16,0,6,2025,0
2025-06-16 04:00:00,2906,4,3,4,16,0,6,2025,0
2025-06-16 05:00:00,2906,8,2,5,16,0,6,2025,0
2025-06-16 06:00:00,2906,7,3,6,16,0,6,2025,0
2025-06-16 07:00:00,2906,9,0,7,16,0,6,2025,0
2025-06-16 10:00:00,2906,2,2,10,16,0,6,2025,0
2025-06-16 11:00:00,2906,4,3,11,16,0,6,2025,0
2025-06-16 11:00:00,2906,1,1,11,16,0,6,2025,0
2025-06-16 12:00:00,2906,2,2,12,16,0,6,2025,0
2025-06-16 15:00:00,2906,5,3,15,16,0,6,2025,0
2025-06-16 15:00:00,2906,3,0,15,16,0,6,2025,0
2025-06-16 16:00:00,2906,7,3,16,16,0,6,2025,0
2025-06-16 16:00:00,2906,2,2,16,16,0,6,2025,0
2025-06-16 16:00:00,2906,8,2,16,16,0,6,2025,0
2025-06-16 16:00:00,2906,5,3,16,16,0,6,2025,0
2025-06-16 17:00:00,2906,3,0,17,16,0,6,2025,0
2025-06-16 17:00:00,2906,6,3,17,16,0,6,2025,0
2025-06-16 19:00:00,2906,1,1,19,16,0,6,2025,0
2025-06-16 20:00:00,2906,1,1,20,16,0,6,2025,0
2025-06-16 22:00:00,2906,5,3,22,16,0,6,2025,0
2025-06-16 22:00:00,2906,7,3,22,16,0,6,2025,0
2025-06-16 22:00:00,2906,3,0,22,16,0,6,2025,0
2025-06-16 23:00:00,2906,9,0,23,16,0,6,2025,0
2025-06-17 00:00:00,2906,6,3,0,17,1,6,2025,0
2025-06-17 01:00:00,2906,4,3,1,17,1,6,2025,0
2025-06-17 02:00:00,2906,5,3,2,17,1,6,2025,0
2025-06-17 03:00:00,2906,5,3,3,17,1,6,2025,0
2025-06-17 05:00:00,2906,4,3,5,17,1,6,2025,0
2025-06-17 07:00:00,2906,2,2,7,17,1,6,2025,0
2025-06-17 07:00:00,2906,7,3,7,17,1,6,2025,0
2025-06-17 08:00:00,2906,9,0,8,17,1,6,2025,0
2025-06-17 09:00:00,2906,3,0,9,17,1,6,2025,0
2025-06-17 11:00:00,2906,2,2,11,17,1,6,2025,0
2025-06-17 12:00:00,2906,3,0,12,17,1,6,2025,0
2025-06-17 15:00:00,2906,8,2,15,17,1,6,2025,0
2025-06-17 16:00:00,2906,4,3,16,17,1,6,2025,0
2025-06-17 17:00:00,2906,1,1,17,17,1,6,2025,0
2025-06-17 17:00:00,2906,5,3,17,17,1,6,2025,0
2025-06-17 19:00:00,2906,5,3,19,17,1,6,2025,0
2025-06-17 22:00:00,2906,8,2,22,17,1,6,2025,0
2025-06-17 22:00:00,2906,4,3,22,17,1,6,2025,0
2025-06-18 00:00:00,2906,5,3,0,18,2,6,2025,0
2025-06-18 01:00:00,2906,4,3,1,18,2,6,2025,0
2025-06-18 02:00:00,2906,2,2,2,18,2,6,2025,0
2025-06-18 04:00:00,2906,4,3,4,18,2,6,2025,0
2025-06-18 07:00:00,2906,8,2,7,18,2,6,2025,0
2025-06-18 08:00:00,2906,2,2,8,18,2,6,2025,0
2025-06-18 09:00:00,2906,3,0,9,18,2,6,2025,0
2025-06-18 11:00:00,2906,4,3,11,18,2,6,2025,0
2025-06-18 12:00:00,2906,9,0,12,18,2,6,2025,0
2025-06-18 13:00:00,2906,1,1,13,18,2,6,2025,0
2025-06-18 17:00:00,2906,3,0,17,18,2,6,2025,0
2025-06-18 17:00:00,2906,1,1,17,18,2,6,2025,0
2025-06-18 18:00:00,2906,1,1,18,18,2,6,2025,0
2025-06-18 19:00:00,2906,1,1,19,18,2,6,2025,0
2025-06-18 20:00:00,2906,7,3,20,18,2,6,2025,0
2025-06-18 20:00:00,2906,8,2,20,18,2,6,2025,0
2025-06-18 20:00:00,2906,9,0,20,18,2,6,2025,0
2025-06-18 22:00:00,2906,5,3,22,18,2,6,2025,0
2025-06-19 00:00:00,2906,3,0,0,19,3,6,2025,0
2025-06-19 00:00:00,2906,5,3,0,19,3,6,2025,0
2025-06-19 01:00:00,2906,3,0,1,19,3,6,2025,0
2025-06-19 02:00:00,2906,2,2,2,19,3,6,2025,0
2025-06-19 06:00:00,2906,5,3,6,19,3,6,2025,0
2025-06-19 07:00:00,2906,3,0,7,19,3,6,2025,0
2025-06-19 09:00:00,2906,1,1,9,19,3,6,2025,0
2025-06-19 10:00:00,2906,9,0,10,19,3,6,2025,0
2025-06-19 12:00:00,2906,9,0,12,19,3,6,2025,0
2025-06-19 14:00:00,2906,1,1,14,19,3,6,2025,0
2025-06-19 14:00:00,2906,9,0,14,19,3,6,2025,0
2025-06-19 15:00:00,2906,1,1,15,19,3,6,2025,0
2025-06-19 15:00:00,2906,6,3,15,19,3,6,2025,0
2025-06-19 17:00:00,2906,2,2,17,19,3,6,2025,0
2025-06-19 17:00:00,2906,5,3,17,19,3,6,2025,0
2025-06-19 17:00:00,2906,4,3,17,19,3,6,2025,0
2025-06-19 18:00:00,2906,1,1,18,19,3,6,2025,0
2025-06-19 21:00:00,2906,3,0,21,19,3,6,2025,0
2025-06-19 21:00:00,2906,7,3,21,19,3,6,2025,0
2025-06-20 06:00:00,2906,9,0,6,20,4,6,2025,0
2025-06-20 06:00:00,2906,1,1,6,20,4,6,2025,0
2025-06-20 06:00:00,2906,3,0,6,20,4,6,2025,0
2025-06-20 08:00:00,2906,5,3,8,20,4,6,2025,0
2025-06-20 10:00:00,2906,1,1,10,20,4,6,2025,0
2025-06-20 12:00:00,2906,1,1,12,20,4,6,2025,0
2025-06-20 14:00:00,2906,9,0,14,20,4,6,2025,0
2025-06-20 15:00:00,2906,3,0,15,20,4,6,2025,0
2025-06-20 16:00:00,2906,7,3,16,20,4,6,2025,0
2025-06-20 17:00:00,2906,9,0,17,20,4,6,2025,0
2025-06-20 19:00:00,2906,9,0,19,20,4,6,2025,0
2025-06-20 20:00:00,2906,8,2,20,20,4,6,2025,0
2025-06-20 20:00:00,2906,9,0,20,20,4,6,2025,0
2025-06-20 21:00:00,2906,6,3,21,20,4,6,2025,0
2025-06-20 22:00:00,2906,7,3,22,20,4,6,2025,0
2025-06-20 22:00:00,2906,3,0,22,20,4,6,2025,0
2025-06-21 00:00:00,2906,6,3,0,21,5,6,2025,1
2025-06-21 01:00:00,2906,2,2,1,21,5,6,2025,1
2025-06-21 04:00:00,2906,2,2,4,21,5,6,2025,1
2025-06-21 05:00:00,2906,3,0,5,21,5,6,2025,1
2025-06-21 05:00:00,2906,6,3,5,21,5,6,2025,1
2025-06-21 05:00:00,2906,8,2,5,21,5,6,2025,1
2025-06-21 07:00:00,2906,5,3,7,21,5,6,2025,1
2025-06-21 07:00:00,2906,8,2,7,21,5,6,2025,1
2025-06-21 14:00:00,2906,9,0,14,21,5,6,2025,1
2025-06-21 16:00:00,2906,1,1,16,21,5,6,2025,1
2025-06-21 17:00:00,2906,4,3,17,21,5,6,2025,1
2025-06-21 17:00:00,2906,8,2,17,21,5,6,2025,1
2025-06-21 19:00:00,2906,1,1,19,21,5,6,2025,1
2025-06-21 20:00:00,2906,3,0,20,21,5,6,2025,1
2025-06-21 21:00:00,2906,7,3,21,21,5,6,2025,1
2025-06-21 23:00:00,2906,2,2,23,21,5,6,2025,1
2025-06-21 23:00:00,2906,8,2,23,21,5,6,2025,1
2025-06-21 23:00:00,2906,3,0,23,21,5,6,2025,1
2025-06-22 02:00:00,2906,4,3,2,22,6,6,2025,1
2025-06-22 02:00:00,2906,6,3,2,22,6,6,2025,1
2025-06-22 06:00:00,2906,4,3,6,22,6,6,2025,1
2025-06-22 07:00:00,2906,8,2,7,22,6,6,2025,1
2025-06-22 07:00:00,2906,9,0,7,22,6,6,2025,1
2025-06-22 11:00:00,2906,4,3,11,22,6,6,2025,1
2025-06-22 11:00:00,2906,3,0,11,22,6,6,2025,1
2025-06-22 12:00:00,2906,2,2,12,22,6,6,2025,1
2025-06-22 13:00:00,2906,9,0,13,22,6,6,2025,1
2025-06-22 15:00:00,2906,1,1,15,22,6,6,2025,1
2025-06-22 17:00:00,2906,7,3,17,22,6,6,2025,1
2025-06-22 18:00:00,2906,5,3,18,22,6,6,2025,1
2025-06-22 18:00:00,2906,8,2,18,22,6,6,2025,1
2025-06-22 19:00:00,2906,1,1,19,22,6,6,2025,1
2025-06-22 19:00:00,2906,6,3,19,22,6,6,2025,1
2025-06-22 20:00:00,2906,7,3,20,22,6,6,2025,1
2025-06-22 20:00:00,2906,5,3,20,22,6,6,2025,1
2025-06-22 22:00:00,2906,5,3,22,22,6,6,2025,1
2025-06-22 23:00:00,2906,4,3,23,22,6,6,2025,1
2025-06-22 23:00:00,2906,2,2,23,22,6,6,2025,1
2025-06-22 23:00:00,2906,5,3,23,22,6,6,2025,1
2025-06-23 00:00:00,2906,2,2,0,23,0,6,2025,0
2025-06-23 00:00:00,2906,7,3,0,23,0,6,2025,0
2025-06-23 01:00:00,2906,9,0,1,23,0,6,2025,0
2025-06-23 01:00:00,2906,6,3,1,23,0,6,2025,0
2025-06-23 03:00:00,2906,1,1,3,23,0,6,2025,0
2025-06-23 03:00:00,2906,2,2,3,23,0,6,2025,0
2025-06-23 04:00:00,2906,2,2,4,23,0,6,2025,0
2025-06-23 07:00:00,2906,8,2,7,23,0,6,2025,0
2025-06-23 12:00:00,2906,3,0,12,23,0,6,2025,0
2025-06-23 12:00:00,2906,4,3,12,23,0,6,2025,0
2025-06-23 14:00:00,2906,1,1,14,23,0,6,2025,0
2025-06-23 16:00:00,2906,9,0,16,23,0,6,2025,0
2025-06-23 17:00:00,2906,8,2,17,23,0,6,2025,0
2025-06-23 18:00:00,2906,8,2,18,23,0,6,2025,0
2025-06-23 19:00:00,2906,5,3,19,23,0,6,2025,0
2025-06-23 21:00:00,2906,2,2,21,23,0,6,2025,0
2025-06-23 22:00:00,2906,3,0,22,23,0,6,2025,0
2025-06-24 01:00:00,2906,7,3,1,24,1,6,2025,0
2025-06-24 02:00:00,2906,5,3,2,24,1,6,2025,0
2025-06-24 03:00:00,2906,6,3,3,24,1,6,2025,0
2025-06-24 03:00:00,2906,8,2,3,24,1,6,2025,0
2025-06-24 04:00:00,2906,4,3,4,24,1,6,2025,0
2025-06-24 07:00:00,2906,3,0,7,24,1,6,2025,0
2025-06-24 08:00:00,2906,7,3,8,24,1,6,2025,0
2025-06-24 12:00:00,2906,6,3,12,24,1,6,2025,0
2025-06-24 12:00:00,2906,5,3,12,24,1,6,2025,0
2025-06-24 16:00:00,2906,3,0,16,24,1,6,2025,0
2025-06-24 20:00:00,2906,8,2,20,24,1,6,2025,0
2025-06-24 21:00:00,2906,6,3,21,24,1,6,2025,0
2025-06-24 22:00:00,2906,1,1,22,24,1,6,2025,0
2025-06-25 00:00:00,2906,3,0,0,25,2,6,2025,0
2025-06-25 01:00:00,2906,2,2,1,25,2,6,2025,0
2025-06-25 01:00:00,2906,7,3,1,25,2,6,2025,0
2025-06-25 01:00:00,2906,1,1,1,25,2,6,2025,0
2025-06-25 04:00:00,2906,7,3,4,25,2,6,2025,0
2025-06-25 06:00:00,2906,3,0,6,25,2,6,2025,0
2025-06-25 09:00:00,2906,7,3,9,25,2,6,2025,0
2025-06-25 12:00:00,2906,6,3,12,25,2,6,2025,0
2025-06-25 15:00:00,2906,3,0,15,25,2,6,2025,0
2025-06-25 15:00:00,2906,2,2,15,25,2,6,2025,0
2025-06-25 17:00:00,2906,9,0,17,25,2,6,2025,0
2025-06-25 21:00:00,2906,6,3,21,25,2,6,2025,0
2025-06-25 23:00:00,2906,1,1,23,25,2,6,2025,0
2025-06-25 23:00:00,2906,3,0,23,25,2,6,2025,0
2025-06-26 01:00:00,2906,7,3,1,26,3,6,2025,0
2025-06-26 02:00:00,2906,6,3,2,26,3,6,2025,0
2025-06-26 05:00:00,2906,1,1,5,26,3,6,2025,0
2025-06-26 05:00:00,2906,8,2,5,26,3,6,2025,0
2025-06-26 06:00:00,2906,9,0,6,26,3,6,2025,0
2025-06-26 06:00:00,2906,7,3,6,26,3,6,2025,0
2025-06-26 06:00:00,2906,1,1,6,26,3,6,2025,0
2025-06-26 09:00:00,2906,9,0,9,26,3,6,2025,0
2025-06-26 09:00:00,2906,5,3,9,26,3,6,2025,0
2025-06-26 09:00:00,2906,8,2,9,26,3,6,2025,0
2025-06-26 13:00:00,2906,8,2,13,26,3,6,2025,0
2025-06-26 13:00:00,2906,5,3,13,26,3,6,2025,0
2025-06-26 16:00:00,2906,7,3,16,26,3,6,2025,0
2025-06-26 17:00:00,2906,8,2,17,26,3,6,2025,0
2025-06-26 18:00:00,2906,1,1,18,26,3,6,2025,0
2025-06-26 19:00:00,2906,3,0,19,26,3,6,2025,0
2025-06-26 21:00:00,2906,3,0,21,26,3,6,2025,0
2025-06-26 22:00:00,2906,5,3,22,26,3,6,2025,0
2025-06-26 23:00:00,2906,6,3,23,26,3,6,2025,0
2025-06-27 01:00:00,2906,4,3,1,27,4,6,2025,0
2025-06-27 01:00:00,2906,6,3,1,27,4,6,2025,0
2025-06-27 02:00:00,2906,6,3,2,27,4,6,2025,0
2025-06-27 02:00:00,2906,1,1,2,27,4,6,2025,0
2025-06-27 03:00:00,2906,1,1,3,27,4,6,2025,0
2025-06-27 04:00:00,2906,6,3,4,27,4,6,2025,0
2025-06-27 05:00:00,2906,3,0,5,27,4,6,2025,0
2025-06-27 06:00:00,2906,6,3,6,27,4,6,2025,0
2025-06-27 08:00:00,2906,7,3,8,27,4,6,2025,0
2025-06-27 09:00:00,2906,2,2,9,27,4,6,2025,0
2025-06-27 09:00:00,2906,9,0,9,27,4,6,2025,0
2025-06-27 10:00:00,2906,8,2,10,27,4,6,2025,0
2025-06-27 10:00:00,2906,6,3,10,27,4,6,2025,0
2025-06-27 14:00:00,2906,2,2,14,27,4,6,2025,0
2025-06-27 18:00:00,2906,6,3,18,27,4,6,2025,0
2025-06-27 19:00:00,2906,9,0,19,27,4,6,2025,0
2025-06-27 19:00:00,2906,8,2,19,27,4,6,2025,0
2025-06-27 20:00:00,2906,7,3,20,27,4,6,2025,0
2025-06-27 21:00:00,2906,8,2,21,27,4,6,2025,0
2025-06-27 22:00:00,2906,9,0,22,27,4,6,2025,0
2025-06-28 00:00:00,2906,5,3,0,28,5,6,2025,1
2025-06-28 00:00:00,2906,1,1,0,28,5,6,2025,1
2025-06-28 03:00:00,2906,4,3,3,28,5,6,2025,1
2025-06-28 03:00:00,2906,6,3,3,28,5,6,2025,1
2025-06-28 03:00:00,2906,5,3,3,28,5,6,2025,1
2025-06-28 05:00:00,2906,8,2,5,28,5,6,2025,1
2025-06-28 09:00:00,2906,1,1,9,28,5,6,2025,1
2025-06-28 09:00:00,2906,3,0,9,28,5,6,2025,1
2025-06-28 13:00:00,2906,7,3,13,28,5,6,2025,1
2025-06-28 15:00:00,2906,2,2,15,28,5,6,2025,1
2025-06-28 16:00:00,2906,8,2,16,28,5,6,2025,1
2025-06-28 17:00:00,2906,6,3,17,28,5,6,2025,1
2025-06-28 19:00:00,2906,2,2,19,28,5,6,2025,1
2025-06-29 01:00:00,2906,5,3,1,29,6,6,2025,1
2025-06-29 01:00:00,2906,7,3,1,29,6,6,2025,1
2025-06-29 05:00:00,2906,2,2,5,29,6,6,2025,1
2025-06-29 06:00:00,2906,6,3,6,29,6,6,2025,1
2025-06-29 09:00:00,2906,4,3,9,29,6,6,2025,1
2025-06-29 10:00:00,2906,4,3,10,29,6,6,2025,1
2025-06-29 12:00:00,2906,9,0,12,29,6,6,2025,1
2025-06-29 12:00:00,2906,4,3,12,29,6,6,2025,1
2025-06-29 12:00:00,2906,6,3,12,29,6,6,2025,1
2025-06-29 13:00:00,2906,7,3,13,29,6,6,2025,1
2025-06-29 13:00:00,2906,4,3,13,29,6,6,2025,1
2025-06-29 19:00:00,2906,8,2,19,29,6,6,2025,1
2025-06-29 20:00:00,2906,3,0,20,29,6,6,2025,1
2025-06-29 20:00:00,2906,4,3,20,29,6,6,2025,1
2025-06-29 21:00:00,2906,5,3,21,29,6,6,2025,1
2025-06-29 23:00:00,2906,1,1,23,29,6,6,2025,1
2025-06-30 00:00:00,2906,7,3,0,30,0,6,2025,0
2025-06-30 01:00:00,2906,9,0,1,30,0,6,2025,0
2025-06-30 02:00:00,2906,7,3,2,30,0,6,2025,0
2025-06-30 04:00:00,2906,3,0,4,30,0,6,2025,0
2025-06-30 06:00:00,2906,8,2,6,30,0,6,2025,0
2025-06-30 06:00:00,2906,4,3,6,30,0,6,2025,0
2025-06-30 07:00:00,2906,3,0,7,30,0,6,2025,0
2025-06-30 07:00:00,2906,6,3,7,30,0,6,2025,0
2025-06-30 08:00:00,2906,4,3,8,30,0,6,2025,0
2025-06-30 11:00:00,2906,7,3,11,30,0,6,2025,0
2025-06-30 11:00:00,2906,6,3,11,30,0,6,2025,0
2025-06-30 12:00:00,2906,3,0,12,30,0,6,2025,0
2025-06-30 16:00:00,2906,4,3,16,30,0,6,2025,0
2025-06-30 16:00:00,2906,1,1,16,30,0,6,2025,0
2025-06-30 21:00:00,2906,4,3,21,30,0,6,2025,0
2025-06-30 21:00:00,2906,1,1,21,30,0,6,2025,0
2025-06-30 22:00:00,2906,1,1,22,30,0,6,2025,0
2025-06-30 22:00:00,2906,5,3,22,30,0,6,2025,0
2025-06-30 23:00:00,2906,5,3,23,30,0,6,2025,0
2025-07-01 01:00:00,2906,6,3,1,1,1,7,2025,0
2025-07-01 05:00:00,2906,1,1,5,1,1,7,2025,0
2025-07-01 05:00:00,2906,2,2,5,1,1,7,2025,0
2025-07-01 06:00:00,2906,4,3,6,1,1,7,2025,0
2025-07-01 06:00:00,2906,1,1,6,1,1,7,2025,0
2025-07-01 08:00:00,2906,7,3,8,1,1,7,2025,0
2025-07-01 09:00:00,2906,8,2,9,1,1,7,2025,0
2025-07-01 10:00:00,2906,9,0,10,1,1,7,2025,0
2025-07-01 13:00:00,2906,5,3,13,1,1,7,2025,0
2025-07-01 13:00:00,2906,6,3,13,1,1,7,2025,0
2025-07-01 16:00:00,2906,3,0,16,1,1,7,2025,0
2025-07-02 05:00:00,2906,1,1,5,2,2,7,2025,0
2025-07-02 07:00:00,2906,1,1,7,2,2,7,2025,0
2025-07-02 15:00:00,2906,8,2,15,2,2,7,2025,0
2025-07-02 17:00:00,2906,1,1,17,2,2,7,2025,0
2025-07-02 17:00:00,2906,2,2,17,2,2,7,2025,0
2025-07-02 18:00:00,2906,7,3,18,2,2,7,2025,0
2025-07-02 21:00:00,2906,5,3,21,2,2,7,2025,0
2025-07-02 22:00:00,2906,3,0,22,2,2,7,2025,0
2025-07-02 23:00:00,2906,1,1,23,2,2,7,2025,0
2025-07-03 00:00:00,2906,8,2,0,3,3,7,2025,0
2025-07-03 01:00:00,2906,1,1,1,3,3,7,2025,0
2025-07-03 04:00:00,2906,7,3,4,3,3,7,2025,0
2025-07-03 06:00:00,2906,4,3,6,3,3,7,2025,0
2025-07-03 08:00:00,2906,7,3,8,3,3,7,2025,0
2025-07-03 08:00:00,2906,9,0,8,3,3,7,2025,0
2025-07-03 10:00:00,2906,5,3,10,3,3,7,2025,0
2025-07-03 10:00:00,2906,6,3,10,3,3,7,2025,0
2025-07-03 12:00:00,2906,8,2,12,3,3,7,2025,0
2025-07-03 13:00:00,2906,3,0,13,3,3,7,2025,0
2025-07-03 19:00:00,2906,2,2,19,3,3,7,2025,0
2025-07-03 19:00:00,2906,9,0,19,3,3,7,2025,0
2025-07-03 20:00:00,2906,4,3,20,3,3,7,2025,0
2025-07-03 23:00:00,2906,9,0,23,3,3,7,2025,0
2025-07-04 00:00:00,2906,8,2,0,4,4,7,2025,0
2025-07-04 00:00:00,2906,5,3,0,4,4,7,2025,0
2025-07-04 02:00:00,2906,3,0,2,4,4,7,2025,0
2025-07-04 04:00:00,2906,7,3,4,4,4,7,2025,0
2025-07-04 06:00:00,2906,9,0,6,4,4,7,2025,0
2025-07-04 07:00:00,2906,4,3,7,4,4,7,2025,0
2025-07-04 11:00:00,2906,8,2,11,4,4,7,2025,0
2025-07-04 11:00:00,2906,2,2,11,4,4,7,2025,0
2025-07-04 12:00:00,2906,5,3,12,4,4,7,2025,0
2025-07-04 13:00:00,2906,6,3,13,4,4,7,2025,0
2025-07-04 15:00:00,2906,1,1,15,4,4,7,2025,0
2025-07-04 15:00:00,2906,6,3,15,4,4,7,2025,0
2025-07-04 16:00:00,2906,8,2,16,4,4,7,2025,0
2025-07-04 17:00:00,2906,5,3,17,4,4,7,2025,0
2025-07-04 18:00:00,2906,7,3,18,4,4,7,2025,0
2025-07-04 23:00:00,2906,6,3,23,4,4,7,2025,0
2025-07-05 02:00:00,2906,2,2,2,5,5,7,2025,1
2025-07-05 03:00:00,2906,6,3,3,5,5,7,2025,1
2025-07-05 04:00:00,2906,8,2,4,5,5,7,2025,1
2025-07-05 05:00:00,2906,8,2,5,5,5,7,2025,1
2025-07-05 06:00:00,2906,5,3,6,5,5,7,2025,1
2025-07-05 06:00:00,2906,8,2,6,5,5,7,2025,1
2025-07-05 06:00:00,2906,2,2,6,5,5,7,2025,1
2025-07-05 09:00:00,2906,4,3,9,5,5,7,2025,1
2025-07-05 09:00:00,2906,7,3,9,5,5,7,2025,1
2025-07-05 11:00:00,2906,7,3,11,5,5,7,2025,1
2025-07-05 11:00:00,2906,8,2,11,5,5,7,2025,1
2025-07-05 12:00:00,2906,6,3,12,5,5,7,2025,1
2025-07-05 13:00:00,2906,4,3,13,5,5,7,2025,1
2025-07-05 14:00:00,2906,4,3,14,5,5,7,2025,1
2025-07-05 14:00:00,2906,9,0,14,5,5,7,2025,1
2025-07-05 14:00:00,2906,1,1,14,5,5,7,2025,1
2025-07-05 17:00:00,2906,5,3,17,5,5,7,2025,1
2025-07-05 18:00:00,2906,1,1,18,5,5,7,2025,1
2025-07-05 19:00:00,2906,1,1,19,5,5,7,2025,1
2025-07-05 22:00:00,2906,3,0,22,5,5,7,2025,1
2025-07-06 01:00:00,2906,9,0,1,6,6,7,2025,1
2025-07-06 02:00:00,2906,8,2,2,6,6,7,2025,1
2025-07-06 03:00:00,2906,8,2,3,6,6,7,2025,1
2025-07-06 03:00:00,2906,5,3,3,6,6,7,2025,1
2025-07-06 05:00:00,2906,7,3,5,6,6,7,2025,1
2025-07-06 09:00:00,2906,3,0,9,6,6,7,2025,1
2025-07-06 10:00:00,2906,5,3,10,6,6,7,2025,1
2025-07-06 11:00:00,2906,7,3,11,6,6,7,2025,1
2025-07-06 12:00:00,2906,3,0,12,6,6,7,2025,1
2025-07-06 12:00:00,2906,5,3,12,6,6,7,2025,1
2025-07-06 19:00:00,2906,7,3,19,6,6,7,2025,1
2025-07-06 19:00:00,2906,8,2,19,6,6,7,2025,1
2025-07-06 19:00:00,2906,4,3,19,6,6,7,2025,1
2025-07-06 21:00:00,2906,4,3,21,6,6,7,2025,1
2025-07-06 22:00:00,2906,6,3,22,6,6,7,2025,1
2025-07-06 23:00:00,2906,2,2,23,6,6,7,2025,1
2025-07-07 00:00:00,2906,4,3,0,7,0,7,2025,0
2025-07-07 01:00:00,2906,1,1,1,7,0,7,2025,0
2025-07-07 03:00:00,2906,9,0,3,7,0,7,2025,0
2025-07-07 05:00:00,2906,1,1,5,7,0,7,2025,0
2025-07-07 06:00:00,2906,1,1,6,7,0,7,2025,0
2025-07-07 08:00:00,2906,6,3,8,7,0,7,2025,0
2025-07-07 09:00:00,2906,3,0,9,7,0,7,2025,0
2025-07-07 10:00:00,2906,7,3,10,7,0,7,2025,0
2025-07-07 15:00:00,2906,5,3,15,7,0,7,2025,0
2025-07-07 17:00:00,2906,9,0,17,7,0,7,2025,0
2025-07-08 00:00:00,2906,6,3,0,8,1,7,2025,0
2025-07-08 02:00:00,2906,7,3,2,8,1,7,2025,0
2025-07-08 03:00:00,2906,7,3,3,8,1,7,2025,0
2025-07-08 03:00:00,2906,3,0,3,8,1,7,2025,0
2025-07-08 05:00:00,2906,2,2,5,8,1,7,2025,0
2025-07-08 05:00:00,2906,6,3,5,8,1,7,2025,0
2025-07-08 06:00:00,2906,9,0,6,8,1,7,2025,0
2025-07-08 13:00:00,2906,4,3,13,8,1,7,2025,0
2025-07-08 14:00:00,2906,4,3,14,8,1,7,2025,0
2025-07-08 15:00:00,2906,8,2,15,8,1,7,2025,0
2025-07-08 19:00:00,2906,5,3,19,8,1,7,2025,0
2025-07-08 20:00:00,2906,3,0,20,8,1,7,2025,0
2025-07-08 22:00:00,2906,1,1,22,8,1,7,2025,0
2025-07-08 22:00:00,2906,2,2,22,8,1,7,2025,0
2025-07-09 00:00:00,2906,5,3,0,9,2,7,2025,0
2025-07-09 01:00:00,2906,4,3,1,9,2,7,2025,0
2025-07-09 05:00:00,2906,2,2,5,9,2,7,2025,0
2025-07-09 06:00:00,2906,9,0,6,9,2,7,2025,0
2025-07-09 06:00:00,2906,2,2,6,9,2,7,2025,0
2025-07-09 08:00:00,2906,9,0,8,9,2,7,2025,0
2025-07-09 08:00:00,2906,6,3,8,9,2,7,2025,0
2025-07-09 09:00:00,2906,1,1,9,9,2,7,2025,0
2025-07-09 10:00:00,2906,5,3,10,9,2,7,2025,0
2025-07-09 11:00:00,2906,7,3,11,9,2,7,2025,0
2025-07-09 12:00:00,2906,6,3,12,9,2,7,2025,0
2025-07-09 13:00:00,2906,5,3,13,9,2,7,2025,0
2025-07-09 14:00:00,2906,6,3,14,9,2,7,2025,0
2025-07-09 15:00:00,2906,4,3,15,9,2,7,2025,0
2025-07-09 19:00:00,2906,8,2,19,9,2,7,2025,0
2025-07-09 20:00:00,2906,5,3,20,9,2,7,2025,0
2025-07-09 21:00:00,2906,8,2,21,9,2,7,2025,0
2025-07-10 01:00:00,2906,4,3,1,10,3,7,2025,0
2025-07-10 02:00:00,2906,7,3,2,10,3,7,2025,0
2025-07-10 03:00:00,2906,1,1,3,10,3,7,2025,0
2025-07-10 05:00:00,2906,4,3,5,10,3,7,2025,0
2025-07-10 14:00:00,2906,8,2,14,10,3,7,2025,0
2025-07-10 16:00:00,2906,3,0,16,10,3,7,2025,0
2025-07-10 17:00:00,2906,1,1,17,10,3,7,2025,0
2025-07-10 18:00:00,2906,4,3,18,10,3,7,2025,0
2025-07-10 20:00:00,2906,9,0,20,10,3,7,2025,0
2025-07-10 20:00:00,2906,2,2,20,10,3,7,2025,0
2025-07-10 22:00:00,2906,2,2,22,10,3,7,2025,0
2025-07-10 22:00:00,2906,8,2,22,10,3,7,2025,0
2025-07-10 23:00:00,2906,6,3,23,10,3,7,2025,0
2025-07-11 00:00:00,2906,7,3,0,11,4,7,2025,0
2025-07-11 03:00:00,2906,1,1,3,11,4,7,2025,0
2025-07-11 04:00:00,2906,5,3,4,11,4,7,2025,0
2025-07-11 05:00:00,2906,4,3,5,11,4,7,2025,0
2025-07-11 05:00:00,2906,6,3,5,11,4,7,2025,0
2025-07-11 05:00:00,2906,5,3,5,11,4,7,2025,0
2025-07-11 09:00:00,2906,8,2,9,11,4,7,2025,0
2025-07-11 10:00:00,2906,5,3,10,11,4,7,2025,0
2025-07-11 12:00:00,2906,9,0,12,11,4,7,2025,0
2025-07-11 14:00:00,2906,7,3,14,11,4,7,2025,0
2025-07-11 14:00:00,2906,5,3,14,11,4,7,2025,0
2025-07-11 14:00:00,2906,2,2,14,11,4,7,2025,0
2025-07-11 16:00:00,2906,2,2,16,11,4,7,2025,0
2025-07-11 17:00:00,2906,5,3,17,11,4,7,2025,0
2025-07-11 18:00:00,2906,8,2,18,11,4,7,2025,0
2025-07-11 18:00:00,2906,4,3,18,11,4,7,2025,0
2025-07-11 18:00:00,2906,1,1,18,11,4,7,2025,0
2025-07-11 19:00:00,2906,4,3,19,11,4,7,2025,0
2025-07-11 23:00:00,2906,7,3,23,11,4,7,2025,0
2025-07-12 01:00:00,2906,8,2,1,12,5,7,2025,1
2025-07-12 03:00:00,2906,3,0,3,12,5,7,2025,1
2025-07-12 09:00:00,2906,1,1,9,12,5,7,2025,1
2025-07-12 10:00:00,2906,3,0,10,12,5,7,2025,1
2025-07-12 11:00:00,2906,7,3,11,12,5,7,2025,1
2025-07-12 13:00:00,2906,3,0,13,12,5,7,2025,1
2025-07-12 14:00:00,2906,4,3,14,12,5,7,2025,1
2025-07-12 15:00:00,2906,9,0,15,12,5,7,2025,1
2025-07-12 19:00:00,2906,7,3,19,12,5,7,2025,1
2025-07-12 22:00:00,2906,9,0,22,12,5,7,2025,1
2025-07-12 22:00:00,2906,7,3,22,12,5,7,2025,1
2025-07-12 23:00:00,2906,8,2,23,12,5,7,2025,1
2025-07-13 01:00:00,2906,3,0,1,13,6,7,2025,1
2025-07-13 03:00:00,2906,3,0,3,13,6,7,2025,1
2025-07-13 04:00:00,2906,9,0,4,13,6,7,2025,1
2025-07-13 07:00:00,2906,1,1,7,13,6,7,2025,1
2025-07-13 08:00:00,2906,8,2,8,13,6,7,2025,1
2025-07-13 09:00:00,2906,6,3,9,13,6,7,2025,1
2025-07-13 10:00:00,2906,8,2,10,13,6,7,2025,1
2025-07-13 13:00:00,2906,8,2,13,13,6,7,2025,1
2025-07-13 13:00:00,2906,6,3,13,13,6,7,2025,1
2025-07-13 14:00:00,2906,2,2,14,13,6,7,2025,1
2025-07-13 14:00:00,2906,1,1,14,13,6,7,2025,1
2025-07-13 15:00:00,2906,2,2,15,13,6,7,2025,1
2025-07-13 15:00:00,2906,4,3,15,13,6,7,2025,1
2025-07-13 16:00:00,2906,6,3,16,13,6,7,2025,1
2025-07-13 17:00:00,2906,9,0,17,13,6,7,2025,1
2025-07-13 17:00:00,2906,7,3,17,13,6,7,2025,1
2025-07-13 18:00:00,2906,9,0,18,13,6,7,2025,1
2025-07-13 21:00:00,2906,5,3,21,13,6,7,2025,1
2025-07-14 01:00:00,2906,8,2,1,14,0,7,2025,0
2025-07-14 04:00:00,2906,6,3,4,14,0,7,2025,0
2025-07-14 07:00:00,2906,4,3,7,14,0,7,2025,0
2025-07-14 08:00:00,2906,8,2,8,14,0,7,2025,0
2025-07-14 08:00:00,2906,7,3,8,14,0,7,2025,0
2025-07-14 10:00:00,2906,2,2,10,14,0,7,2025,0
2025-07-14 11:00:00,2906,3,0,11,14,0,7,2025,0
2025-07-14 14:00:00,2906,9,0,14,14,0,7,2025,0
2025-07-14 15:00:00,2906,4,3,15,14,0,7,2025,0
2025-07-14 18:00:00,2906,5,3,18,14,0,7,2025,0
2025-07-14 19:00:00,2906,4,3,19,14,0,7,2025,0
2025-07-14 20:00:00,2906,2,2,20,14,0,7,2025,0
2025-07-14 21:00:00,2906,7,3,21,14,0,7,2025,0
2025-07-15 01:00:00,2906,5,3,1,15,1,7,2025,0
2025-07-15 01:00:00,2906,3,0,1,15,1,7,2025,0
2025-07-15 08:00:00,2906,6,3,8,15,1,7,2025,0
2025-07-15 09:00:00,2906,3,0,9,15,1,7,2025,0
2025-07-15 10:00:00,2906,3,0,10,15,1,7,2025,0
2025-07-15 17:00:00,2906,3,0,17,15,1,7,2025,0
2025-07-15 19:00:00,2906,1,1,19,15,1,7,2025,0
2025-07-15 21:00:00,2906,6,3,21,15,1,7,2025,0
2025-07-15 22:00:00,2906,3,0,22,15,1,7,2025,0
2025-07-15 22:00:00,2906,1,1,22,15,1,7,2025,0
2025-07-16 01:00:00,2906,2,2,1,16,2,7,2025,0
2025-07-16 02:00:00,2906,6,3,2,16,2,7,2025,0
2025-07-16 04:00:00,2906,7,3,4,16,2,7,2025,0
2025-07-16 04:00:00,2906,4,3,4,16,2,7,2025,0
2025-07-16 07:00:00,2906,8,2,7,16,2,7,2025,0
2025-07-16 08:00:00,2906,3,0,8,16,2,7,2025,0
2025-07-16 09:00:00,2906,9,0,9,16,2,7,2025,0
2025-07-16 11:00:00,2906,2,2,11,16,2,7,2025,0
2025-07-16 12:00:00,2906,4,3,12,16,2,7,2025,0
2025-07-16 14:00:00,2906,5,3,14,16,2,7,2025,0
2025-07-16 16:00:00,2906,8,2,16,16,2,7,2025,0
2025-07-16 19:00:00,2906,4,3,19,16,2,7,2025,0
2025-07-16 21:00:00,2906,6,3,21,16,2,7,2025,0
2025-07-17 00:00:00,2906,1,1,0,17,3,7,2025,0
2025-07-17 01:00:00,2906,7,3,1,17,3,7,2025,0
2025-07-17 07:00:00,2906,7,3,7,17,3,7,2025,0
2025-07-17 09:00:00,2906,8,2,9,17,3,7,2025,0
2025-07-17 09:00:00,2906,4,3,9,17,3,7,2025,0
2025-07-17 11:00:00,2906,9,0,11,17,3,7,2025,0
2025-07-17 13:00:00,2906,5,3,13,17,3,7,2025,0
2025-07-17 15:00:00,2906,3,0,15,17,3,7,2025,0
2025-07-17 18:00:00,2906,5,3,18,17,3,7,2025,0
2025-07-17 21:00:00,2906,4,3,21,17,3,7,2025,0
2025-07-17 22:00:00,2906,7,3,22,17,3,7,2025,0
2025-07-17 22:00:00,2906,9,0,22,17,3,7,2025,0
2025-07-17 23:00:00,2906,6,3,23,17,3,7,2025,0
2025-07-17 23:00:00,2906,9,0,23,17,3,7,2025,0
2025-07-17 23:00:00,2906,3,0,23,17,3,7,2025,0
2025-07-18 00:00:00,2906,4,3,0,18,4,7,2025,0
2025-07-18 03:00:00,2906,6,3,3,18,4,7,2025,0
2025-07-18 05:00:00,2906,3,0,5,18,4,7,2025,0
2025-07-18 06:00:00,2906,7,3,6,18,4,7,2025,0
2025-07-18 06:00:00,2906,4,3,6,18,4,7,2025,0
2025-07-18 07:00:00,2906,1,1,7,18,4,7,2025,0
2025-07-18 08:00:00,2906,3,0,8,18,4,7,2025,0
2025-07-18 13:00:00,2906,8,2,13,18,4,7,2025,0
2025-07-18 15:00:00,2906,3,0,15,18,4,7,2025,0
2025-07-18 17:00:00,2906,9,0,17,18,4,7,2025,0
2025-07-18 17:00:00,2906,2,2,17,18,4,7,2025,0
2025-07-18 20:00:00,2906,4,3,20,18,4,7,2025,0
2025-07-18 21:00:00,2906,9,0,21,18,4,7,2025,0
2025-07-18 22:00:00,2906,8,2,22,18,4,7,2025,0
2025-07-19 03:00:00,2906,8,2,3,19,5,7,2025,1
2025-07-19 05:00:00,2906,9,0,5,19,5,7,2025,1
2025-07-19 06:00:00,2906,2,2,6,19,5,7,2025,1
2025-07-19 07:00:00,2906,6,3,7,19,5,7,2025,1
2025-07-19 10:00:00,2906,9,0,10,19,5,7,2025,1
2025-07-19 12:00:00,2906,8,2,12,19,5,7,2025,1
2025-07-19 14:00:00,2906,2,2,14,19,5,7,2025,1
2025-07-19 16:00:00,2906,3,0,16,19,5,7,2025,1
2025-07-19 17:00:00,2906,7,3,17,19,5,7,2025,1
2025-07-19 18:00:00,2906,4,3,18,19,5,7,2025,1
2025-07-19 22:00:00,2906,6,3,22,19,5,7,2025,1
2025-07-19 23:00:00,2906,1,1,23,19,5,7,2025,1
2025-07-20 00:00:00,2906,8,2,0,20,6,7,2025,1
2025-07-20 01:00:00,2906,3,0,1,20,6,7,2025,1
2025-07-20 02:00:00,2906,9,0,2,20,6,7,2025,1
2025-07-20 03:00:00,2906,9,0,3,20,6,7,2025,1
2025-07-20 12:00:00,2906,8,2,12,20,6,7,2025,1
2025-07-20 12:00:00,2906,9,0,12,20,6,7,2025,1
2025-07-20 13:00:00,2906,1,1,13,20,6,7,2025,1
2025-07-20 13:00:00,2906,9,0,13,20,6,7,2025,1
2025-07-20 14:00:00,2906,4,3,14,20,6,7,2025,1
2025-07-20 15:00:00,2906,6,3,15,20,6,7,2025,1
2025-07-20 16:00:00,2906,8,2,16,20,6,7,2025,1
2025-07-20 16:00:00,2906,4,3,16,20,6,7,2025,1
2025-07-20 17:00:00,2906,8,2,17,20,6,7,2025,1
2025-07-20 17:00:00,2906,2,2,17,20,6,7,2025,1
2025-07-20 19:00:00,2906,3,0,19,20,6,7,2025,1
2025-07-20 21:00:00,2906,7,3,21,20,6,7,2025,1
2025-07-20 22:00:00,2906,8,2,22,20,6,7,2025,1
2025-07-21 00:00:00,2906,2,2,0,21,0,7,2025,0
2025-07-21 01:00:00,2906,8,2,1,21,0,7,2025,0
2025-07-21 01:00:00,2906,9,0,1,21,0,7,2025,0
2025-07-21 01:00:00,2906,4,3,1,21,0,7,2025,0
2025-07-21 02:00:00,2906,8,2,2,21,0,7,2025,0
2025-07-21 04:00:00,2906,3,0,4,21,0,7,2025,0
2025-07-21 06:00:00,2906,4,3,6,21,0,7,2025,0
2025-07-21 06:00:00,2906,3,0,6,21,0,7,2025,0
2025-07-21 07:00:00,2906,6,3,7,21,0,7,2025,0
2025-07-21 08:00:00,2906,9,0,8,21,0,7,2025,0
2025-07-21 09:00:00,2906,6,3,9,21,0,7,2025,0
2025-07-21 11:00:00,2906,3,0,11,21,0,7,2025,0
2025-07-21 11:00:00,2906,7,3,11,21,0,7,2025,0
2025-07-21 12:00:00,2906,5,3,12,21,0,7,2025,0
2025-07-21 12:00:00,2906,2,2,12,21,0,7,2025,0
2025-07-21 14:00:00,2906,4,3,14,21,0,7,2025,0
2025-07-21 14:00:00,2906,5,3,14,21,0,7,2025,0
2025-07-21 15:00:00,2906,9,0,15,21,0,7,2025,0
2025-07-21 16:00:00,2906,9,0,16,21,0,7,2025,0
2025-07-21 17:00:00,2906,9,0,17,21,0,7,2025,0
2025-07-21 20:00:00,2906,1,1,20,21,0,7,2025,0
2025-07-21 21:00:00,2906,3,0,21,21,0,7,2025,0
2025-07-22 00:00:00,2906,4,3,0,22,1,7,2025,0
2025-07-22 01:00:00,2906,5,3,1,22,1,7,2025,0
2025-07-22 02:00:00,2906,3,0,2,22,1,7,2025,0
2025-07-22 03:00:00,2906,9,0,3,22,1,7,2025,0
2025-07-22 03:00:00,2906,8,2,3,22,1,7,2025,0
2025-07-22 03:00:00,2906,7,3,3,22,1,7,2025,0
2025-07-22 03:00:00,2906,4,3,3,22,1,7,2025,0
2025-07-22 04:00:00,2906,1,1,4,22,1,7,2025,0
2025-07-22 06:00:00,2906,6,3,6,22,1,7,2025,0
2025-07-22 09:00:00,2906,8,2,9,22,1,7,2025,0
2025-07-22 10:00:00,2906,3,0,10,22,1,7,2025,0
2025-07-22 12:00:00,2906,7,3,12,22,1,7,2025,0
2025-07-22 17:00:00,2906,2,2,17,22,1,7,2025,0
2025-07-22 17:00:00,2906,7,3,17,22,1,7,2025,0
2025-07-22 17:00:00,2906,3,0,17,22,1,7,2025,0
2025-07-22 17:00:00,2906,8,2,17,22,1,7,2025,0
2025-07-22 18:00:00,2906,6,3,18,22,1,7,2025,0
2025-07-22 21:00:00,2906,1,1,21,22,1,7,2025,0
2025-07-22 21:00:00,2906,8,2,21,22,1,7,2025,0
2025-07-22 21:00:00,2906,6,3,21,22,1,7,2025,0
2025-07-22 22:00:00,2906,6,3,22,22,1,7,2025,0
2025-07-22 22:00:00,2906,8,2,22,22,1,7,2025,0
2025-07-23 01:00:00,2906,2,2,1,23,2,7,2025,0
2025-07-23 02:00:00,2906,3,0,2,23,2,7,2025,0
2025-07-23 03:00:00,2906,1,1,3,23,2,7,2025,0
2025-07-23 06:00:00,2906,5,3,6,23,2,7,2025,0
2025-07-23 06:00:00,2906,3,0,6,23,2,7,2025,0
2025-07-23 07:00:00,2906,7,3,7,23,2,7,2025,0
2025-07-23 09:00:00,2906,7,3,9,23,2,7,2025,0
2025-07-23 12:00:00,2906,2,2,12,23,2,7,2025,0
2025-07-23 12:00:00,2906,3,0,12,23,2,7,2025,0
2025-07-23 17:00:00,2906,8,2,17,23,2,7,2025,0
2025-07-23 18:00:00,2906,9,0,18,23,2,7,2025,0
2025-07-23 19:00:00,2906,8,2,19,23,2,7,2025,0
2025-07-23 20:00:00,2906,6,3,20,23,2,7,2025,0
2025-07-23 21:00:00,2906,8,2,21,23,2,7,2025,0
2025-07-23 21:00:00,2906,3,0,21,23,2,7,2025,0
2025-07-23 22:00:00,2906,9,0,22,23,2,7,2025,0
2025-07-24 01:00:00,2906,6,3,1,24,3,7,2025,0
2025-07-24 01:00:00,2906,4,3,1,24,3,7,2025,0
2025-07-24 02:00:00,2906,9,0,2,24,3,7,2025,0
2025-07-24 03:00:00,2906,5,3,3,24,3,7,2025,0
2025-07-24 05:00:00,2906,6,3,5,24,3,7,2025,0
2025-07-24 06:00:00,2906,9,0,6,24,3,7,2025,0
2025-07-24 07:00:00,2906,3,0,7,24,3,7,2025,0
2025-07-24 08:00:00,2906,8,2,8,24,3,7,2025,0
2025-07-24 08:00:00,2906,3,0,8,24,3,7,2025,0
2025-07-24 09:00:00,2906,1,1,9,24,3,7,2025,0
2025-07-24 09:00:00,2906,4,3,9,24,3,7,2025,0
2025-07-24 09:00:00,2906,6,3,9,24,3,7,2025,0
2025-07-24 11:00:00,2906,8,2,11,24,3,7,2025,0
2025-07-24 13:00:00,2906,5,3,13,24,3,7,2025,0
2025-07-24 13:00:00,2906,3,0,13,24,3,7,2025,0
2025-07-24 14:00:00,2906,7,3,14,24,3,7,2025,0
2025-07-24 16:00:00,2906,5,3,16,24,3,7,2025,0
2025-07-24 17:00:00,2906,8,2,17,24,3,7,2025,0
2025-07-24 18:00:00,2906,2,2,18,24,3,7,2025,0
2025-07-24 18:00:00,2906,8,2,18,24,3,7,2025,0
2025-07-24 19:00:00,2906,3,0,19,24,3,7,2025,0
2025-07-24 20:00:00,2906,4,3,20,24,3,7,2025,0
2025-07-24 20:00:00,2906,8,2,20,24,3,7,2025,0
2025-07-24 21:00:00,2906,3,0,21,24,3,7,2025,0
2025-07-24 21:00:00,2906,1,1,21,24,3,7,2025,0
2025-07-24 22:00:00,2906,3,0,22,24,3,7,2025,0
2025-07-24 22:00:00,2906,2,2,22,24,3,7,2025,0
2025-07-25 00:00:00,2906,8,2,0,25,4,7,2025,0
2025-07-25 02:00:00,2906,5,3,2,25,4,7,2025,0
2025-07-25 02:00:00,2906,4,3,2,25,4,7,2025,0
2025-07-25 06:00:00,2906,2,2,6,25,4,7,2025,0
2025-07-25 07:00:00,2906,9,0,7,25,4,7,2025,0
2025-07-25 08:00:00,2906,5,3,8,25,4,7,2025,0
2025-07-25 13:00:00,2906,5,3,13,25,4,7,2025,0
2025-07-25 15:00:00,2906,9,0,15,25,4,7,2025,0
2025-07-25 18:00:00,2906,2,2,18,25,4,7,2025,0
2025-07-25 18:00:00,2906,3,0,18,25,4,7,2025,0
2025-07-25 21:00:00,2906,6,3,21,25,4,7,2025,0
2025-07-25 23:00:00,2906,2,2,23,25,4,7,2025,0
2025-07-26 00:00:00,2906,2,2,0,26,5,7,2025,1
2025-07-26 06:00:00,2906,1,1,6,26,5,7,2025,1
2025-07-26 06:00:00,2906,3,0,6,26,5,7,2025,1
2025-07-26 06:00:00,2906,4,3,6,26,5,7,2025,1
2025-07-26 07:00:00,2906,1,1,7,26,5,7,2025,1
2025-07-26 10:00:00,2906,5,3,10,26,5,7,2025,1
2025-07-26 10:00:00,2906,3,0,10,26,5,7,2025,1
2025-07-26 11:00:00,2906,4,3,11,26,5,7,2025,1
2025-07-26 12:00:00,2906,9,0,12,26,5,7,2025,1
2025-07-26 14:00:00,2906,3,0,14,26,5,7,2025,1
2025-07-26 14:00:00,2906,1,1,14,26,5,7,2025,1
2025-07-26 16:00:00,2906,3,0,16,26,5,7,2025,1
2025-07-26 17:00:00,2906,9,0,17,26,5,7,2025,1
2025-07-26 17:00:00,2906,1,1,17,26,5,7,2025,1
2025-07-26 20:00:00,2906,5,3,20,26,5,7,2025,1
2025-07-26 20:00:00,2906,1,1,20,26,5,7,2025,1
2025-07-26 20:00:00,2906,2,2,20,26,5,7,2025,1
2025-07-26 20:00:00,2906,3,0,20,26,5,7,2025,1
2025-07-26 21:00:00,2906,2,2,21,26,5,7,2025,1
2025-07-26 21:00:00,2906,5,3,21,26,5,7,2025,1
2025-07-26 23:00:00,2906,7,3,23,26,5,7,2025,1
2025-07-26 23:00:00,2906,4,3,23,26,5,7,2025,1
2025-07-27 00:00:00,2906,7,3,0,27,6,7,2025,1
2025-07-27 03:00:00,2906,2,2,3,27,6,7,2025,1
2025-07-27 04:00:00,2906,8,2,4,27,6,7,2025,1
2025-07-27 09:00:00,2906,3,0,9,27,6,7,2025,1
2025-07-27 10:00:00,2906,9,0,10,27,6,7,2025,1
2025-07-27 14:00:00,2906,6,3,14,27,6,7,2025,1
2025-07-27 16:00:00,2906,3,0,16,27,6,7,2025,1
2025-07-27 18:00:00,2906,5,3,18,27,6,7,2025,1
2025-07-27 18:00:00,2906,4,3,18,27,6,7,2025,1
2025-07-27 23:00:00,2906,9,0,23,27,6,7,2025,1
2025-07-28 02:00:00,2906,7,3,2,28,0,7,2025,0
2025-07-28 03:00:00,2906,8,2,3,28,0,7,2025,0
2025-07-28 05:00:00,2906,4,3,5,28,0,7,2025,0
2025-07-28 06:00:00,2906,5,3,6,28,0,7,2025,0
2025-07-28 07:00:00,2906,8,2,7,28,0,7,2025,0
2025-07-28 10:00:00,2906,9,0,10,28,0,7,2025,0
2025-07-28 11:00:00,2906,6,3,11,28,0,7,2025,0
2025-07-28 12:00:00,2906,3,0,12,28,0,7,2025,0
2025-07-28 12:00:00,2906,7,3,12,28,0,7,2025,0
2025-07-28 15:00:00,2906,8,2,15,28,0,7,2025,0
2025-07-28 16:00:00,2906,7,3,16,28,0,7,2025,0
2025-07-28 16:00:00,2906,8,2,16,28,0,7,2025,0
2025-07-28 17:00:00,2906,3,0,17,28,0,7,2025,0
2025-07-28 17:00:00,2906,5,3,17,28,0,7,2025,0
2025-07-28 18:00:00,2906,2,2,18,28,0,7,2025,0
2025-07-28 23:00:00,2906,1,1,23,28,0,7,2025,0
2025-07-29 01:00:00,2906,9,0,1,29,1,7,2025,0
2025-07-29 03:00:00,2906,1,1,3,29,1,7,2025,0
2025-07-29 03:00:00,2906,7,3,3,29,1,7,2025,0
2025-07-29 06:00:00,2906,7,3,6,29,1,7,2025,0
2025-07-29 07:00:00,2906,4,3,7,29,1,7,2025,0
2025-07-29 07:00:00,2906,9,0,7,29,1,7,2025,0
2025-07-29 09:00:00,2906,3,0,9,29,1,7,2025,0
2025-07-29 16:00:00,2906,1,1,16,29,1,7,2025,0
2025-07-29 16:00:00,2906,6,3,16,29,1,7,2025,0
2025-07-29 20:00:00,2906,7,3,20,29,1,7,2025,0
2025-07-29 23:00:00,2906,1,1,23,29,1,7,2025,0
2025-07-29 23:00:00,2906,8,2,23,29,1,7,2025,0
2025-07-30 01:00:00,2906,6,3,1,30,2,7,2025,0
2025-07-30 01:00:00,2906,4,3,1,30,2,7,2025,0
2025-07-30 02:00:00,2906,6,3,2,30,2,7,2025,0
2025-07-30 03:00:00,2906,2,2,3,30,2,7,2025,0
2025-07-30 03:00:00,2906,7,3,3,30,2,7,2025,0
2025-07-30 04:00:00,2906,6,3,4,30,2,7,2025,0
2025-07-30 05:00:00,2906,3,0,5,30,2,7,2025,0
2025-07-30 08:00:00,2906,1,1,8,30,2,7,2025,0
2025-07-30 08:00:00,2906,4,3,8,30,2,7,2025,0
2025-07-30 09:00:00,2906,8,2,9,30,2,7,2025,0
2025-07-30 12:00:00,2906,6,3,12,30,2,7,2025,0
2025-07-30 12:00:00,2906,1,1,12,30,2,7,2025,0
2025-07-30 12:00:00,2906,9,0,12,30,2,7,2025,0
2025-07-30 15:00:00,2906,5,3,15,30,2,7,2025,0
2025-07-30 17:00:00,2906,9,0,17,30,2,7,2025,0
2025-07-30 18:00:00,2906,8,2,18,30,2,7,2025,0
2025-07-30 18:00:00,2906,6,3,18,30,2,7,2025,0
2025-07-30 20:00:00,2906,8,2,20,30,2,7,2025,0
2025-07-30 23:00:00,2906,4,3,23,30,2,7,2025,0
2025-07-30 23:00:00,2906,6,3,23,30,2,7,2025,0
2025-07-31 01:00:00,2906,5,3,1,31,3,7,2025,0
2025-07-31 04:00:00,2906,5,3,4,31,3,7,2025,0
2025-07-31 05:00:00,2906,1,1,5,31,3,7,2025,0
2025-07-31 06:00:00,2906,5,3,6,31,3,7,2025,0
2025-07-31 07:00:00,2906,2,2,7,31,3,7,2025,0
2025-07-31 09:00:00,2906,6,3,9,31,3,7,2025,0
2025-07-31 11:00:00,2906,5,3,11,31,3,7,2025,0
2025-07-31 12:00:00,2906,1,1,12,31,3,7,2025,0
2025-07-31 13:00:00,2906,2,2,13,31,3,7,2025,0
2025-07-31 14:00:00,2906,2,2,14,31,3,7,2025,0
2025-07-31 17:00:00,2906,5,3,17,31,3,7,2025,0
2025-07-31 20:00:00,2906,4,3,20,31,3,7,2025,0
2025-07-31 21:00:00,2906,6,3,21,31,3,7,2025,0
2025-07-31 21:00:00,2906,8,2,21,31,3,7,2025,0
2025-07-31 21:00:00,2906,2,2,21,31,3,7,2025,0
2025-07-31 21:00:00,2906,4,3,21,31,3,7,2025,0
2025-07-31 22:00:00,2906,1,1,22,31,3,7,2025,0
