DateTime,y_hat
2024-10-01 04:00:00,75.88585
2024-10-01 06:00:00,108.37808
2024-10-01 09:00:00,119.58943
2024-10-01 12:00:00,139.2043
2024-10-01 12:00:00,123.21895
2024-10-01 13:00:00,144.57784
2024-10-01 16:00:00,229.42209
2024-10-01 20:00:00,99.51006
2024-10-01 21:00:00,84.04528
2024-10-01 23:00:00,33.059525
2024-10-02 00:00:00,91.53512
2024-10-02 00:00:00,59.537537
2024-10-02 01:00:00,16.024912
2024-10-02 03:00:00,13.038796
2024-10-02 04:00:00,48.567123
2024-10-02 05:00:00,20.08153
2024-10-02 05:00:00,54.886402
2024-10-02 06:00:00,386.23376
2024-10-02 06:00:00,110.12642
2024-10-02 06:00:00,52.403423
2024-10-02 07:00:00,766.82544
2024-10-02 14:00:00,162.49863
2024-10-02 15:00:00,206.3096
2024-10-02 15:00:00,575.68616
2024-10-02 17:00:00,252.27092
2024-10-02 23:00:00,52.48196
2024-10-02 23:00:00,61.56277
2024-10-02 23:00:00,52.089188
2024-10-03 00:00:00,37.551968
2024-10-03 01:00:00,27.560888
2024-10-03 02:00:00,51.746624
2024-10-03 03:00:00,22.42768
2024-10-03 04:00:00,26.783379
2024-10-03 04:00:00,12.676502
2024-10-03 04:00:00,13.95386
2024-10-03 05:00:00,55.134487
2024-10-03 11:00:00,296.35156
2024-10-03 14:00:00,165.69511
2024-10-03 17:00:00,345.37454
2024-10-03 19:00:00,141.17276
2024-10-03 20:00:00,138.19128
2024-10-03 21:00:00,65.54122
2024-10-03 21:00:00,294.67056
2024-10-03 22:00:00,101.98738
2024-10-03 23:00:00,61.01397
2024-10-03 23:00:00,133.78928
2024-10-04 02:00:00,10.521347
2024-10-04 03:00:00,41.04008
2024-10-04 04:00:00,15.693025
2024-10-04 05:00:00,90.88229
2024-10-04 05:00:00,134.6041
2024-10-04 06:00:00,145.64746
2024-10-04 07:00:00,148.00456
2024-10-04 09:00:00,227.8936
2024-10-04 09:00:00,153.06183
2024-10-04 11:00:00,149.79558
2024-10-04 13:00:00,176.22505
2024-10-04 13:00:00,187.0652
2024-10-04 16:00:00,191.00859
2024-10-04 21:00:00,291.89096
2024-10-04 21:00:00,124.450935
2024-10-04 22:00:00,115.33355
2024-10-04 22:00:00,247.57085
2024-10-04 22:00:00,75.74699
2024-10-04 23:00:00,86.938705
2024-10-05 00:00:00,49.651768
2024-10-05 02:00:00,27.199266
2024-10-05 02:00:00,22.394674
2024-10-05 04:00:00,12.922147
2024-10-05 04:00:00,37.018703
2024-10-05 08:00:00,72.31003
2024-10-05 08:00:00,56.682796
2024-10-05 08:00:00,350.4613
2024-10-05 09:00:00,159.39973
2024-10-05 10:00:00,131.91718
2024-10-05 11:00:00,108.919464
2024-10-05 13:00:00,133.95671
2024-10-05 15:00:00,169.74364
2024-10-05 15:00:00,223.96101
2024-10-05 18:00:00,131.91705
2024-10-05 18:00:00,181.87665
2024-10-05 18:00:00,126.62667
2024-10-05 19:00:00,137.96921
2024-10-05 21:00:00,287.4142
2024-10-05 21:00:00,105.303696
2024-10-05 21:00:00,100.62802
2024-10-06 01:00:00,37.22735
2024-10-06 04:00:00,15.649975
2024-10-06 09:00:00,393.1494
2024-10-06 09:00:00,116.7568
2024-10-06 10:00:00,87.216934
2024-10-06 11:00:00,331.59717
2024-10-06 11:00:00,185.1006
2024-10-06 15:00:00,161.09653
2024-10-06 15:00:00,120.82815
2024-10-06 18:00:00,239.066
2024-10-06 19:00:00,82.27162
2024-10-06 22:00:00,43.497234
2024-10-06 23:00:00,26.79156
2024-10-06 23:00:00,80.941475
2024-10-06 23:00:00,38.090965
2024-10-07 01:00:00,7.4689145
2024-10-07 02:00:00,5.1609917
2024-10-07 02:00:00,10.542627
2024-10-07 02:00:00,10.381217
2024-10-07 02:00:00,10.048428
2024-10-07 04:00:00,5.871295
2024-10-07 08:00:00,481.7035
2024-10-07 11:00:00,98.18228
2024-10-07 12:00:00,129.29678
2024-10-07 14:00:00,101.9854
2024-10-07 18:00:00,177.98996
2024-10-07 20:00:00,49.68715
2024-10-07 21:00:00,65.07784
2024-10-07 22:00:00,28.36295
2024-10-07 23:00:00,38.348434
2024-10-07 23:00:00,37.245705
2024-10-08 01:00:00,29.484049
2024-10-08 04:00:00,51.635727
2024-10-08 05:00:00,32.583275
2024-10-08 06:00:00,159.4965
2024-10-08 06:00:00,61.40003
2024-10-08 08:00:00,245.01727
2024-10-08 08:00:00,897.6452
2024-10-08 08:00:00,522.0885
2024-10-08 10:00:00,131.86653
2024-10-08 10:00:00,133.51282
2024-10-08 11:00:00,167.23311
2024-10-08 12:00:00,323.3762
2024-10-08 14:00:00,169.82004
2024-10-08 14:00:00,130.12547
2024-10-08 15:00:00,210.13431
2024-10-08 19:00:00,150.14607
2024-10-08 20:00:00,115.676315
2024-10-08 22:00:00,77.27432
2024-10-08 22:00:00,87.98351
2024-10-09 00:00:00,38.63752
2024-10-09 06:00:00,59.014282
2024-10-09 06:00:00,70.80823
2024-10-09 07:00:00,164.96852
2024-10-09 07:00:00,263.90738
2024-10-09 08:00:00,111.94774
2024-10-09 10:00:00,143.7415
2024-10-09 14:00:00,194.32137
2024-10-09 15:00:00,236.3235
2024-10-09 16:00:00,353.3951
2024-10-09 16:00:00,202.71129
2024-10-09 19:00:00,174.31464
2024-10-09 20:00:00,89.548164
2024-10-09 21:00:00,285.44705
2024-10-10 00:00:00,39.56852
2024-10-10 03:00:00,27.618546
2024-10-10 05:00:00,105.21917
2024-10-10 07:00:00,192.2267
2024-10-10 11:00:00,179.35793
2024-10-10 12:00:00,168.74
2024-10-10 14:00:00,353.6232
2024-10-10 15:00:00,217.91939
2024-10-10 16:00:00,611.523
2024-10-10 17:00:00,217.41345
2024-10-10 21:00:00,376.21622
2024-10-10 23:00:00,67.51666
2024-10-11 02:00:00,33.21347
2024-10-11 05:00:00,18.190413
2024-10-11 05:00:00,93.94741
2024-10-11 06:00:00,54.398544
2024-10-11 08:00:00,102.44051
2024-10-11 09:00:00,232.83331
2024-10-11 10:00:00,105.70966
2024-10-11 13:00:00,154.36255
2024-10-11 14:00:00,136.26674
2024-10-11 15:00:00,161.50586
2024-10-11 18:00:00,244.23434
2024-10-11 18:00:00,203.0642
2024-10-11 19:00:00,102.869
2024-10-11 19:00:00,157.98546
2024-10-11 20:00:00,88.6148
2024-10-11 21:00:00,163.92265
2024-10-11 22:00:00,106.79507
2024-10-11 22:00:00,117.60534
2024-10-12 02:00:00,57.443165
2024-10-12 06:00:00,45.551235
2024-10-12 08:00:00,87.837616
2024-10-12 11:00:00,161.2246
2024-10-12 13:00:00,178.1233
2024-10-12 14:00:00,163.01431
2024-10-12 15:00:00,698.80444
2024-10-12 16:00:00,679.6198
2024-10-12 16:00:00,210.17525
2024-10-12 17:00:00,214.98695
2024-10-12 18:00:00,214.84389
2024-10-12 19:00:00,128.70906
2024-10-12 20:00:00,127.02773
2024-10-12 22:00:00,311.16632
2024-10-12 22:00:00,119.964966
2024-10-13 00:00:00,55.85611
2024-10-13 01:00:00,64.483246
2024-10-13 02:00:00,37.479576
2024-10-13 03:00:00,24.74662
2024-10-13 04:00:00,55.370953
2024-10-13 05:00:00,29.558311
2024-10-13 09:00:00,155.64384
2024-10-13 09:00:00,101.31439
2024-10-13 10:00:00,113.99564
2024-10-13 11:00:00,113.360825
2024-10-13 14:00:00,230.81767
2024-10-13 18:00:00,142.11076
2024-10-13 18:00:00,175.08188
2024-10-13 20:00:00,150.54233
2024-10-13 20:00:00,103.184616
2024-10-13 21:00:00,85.18933
2024-10-13 22:00:00,65.33858
2024-10-14 05:00:00,45.064228
2024-10-14 06:00:00,48.838184
2024-10-14 06:00:00,99.90921
2024-10-14 06:00:00,133.44394
2024-10-14 07:00:00,369.04825
2024-10-14 08:00:00,114.468735
2024-10-14 11:00:00,115.15113
2024-10-14 11:00:00,108.68323
2024-10-14 13:00:00,159.79788
2024-10-14 14:00:00,150.60199
2024-10-14 14:00:00,533.634
2024-10-14 15:00:00,538.40204
2024-10-14 18:00:00,240.45212
2024-10-14 19:00:00,108.638565
2024-10-14 20:00:00,105.72963
2024-10-14 20:00:00,255.38017
2024-10-14 21:00:00,78.89025
2024-10-14 22:00:00,42.835648
2024-10-15 00:00:00,22.192432
2024-10-15 00:00:00,26.611017
2024-10-15 00:00:00,22.905115
2024-10-15 00:00:00,24.248924
2024-10-15 02:00:00,11.810111
2024-10-15 03:00:00,12.449605
2024-10-15 03:00:00,12.251789
2024-10-15 05:00:00,33.8371
2024-10-15 05:00:00,143.8074
2024-10-15 06:00:00,53.095364
2024-10-15 08:00:00,518.50836
2024-10-15 09:00:00,121.324265
2024-10-15 10:00:00,526.95306
2024-10-15 11:00:00,163.33344
2024-10-15 12:00:00,178.81464
2024-10-15 12:00:00,169.51042
2024-10-15 14:00:00,190.1851
2024-10-15 16:00:00,231.72131
2024-10-15 17:00:00,470.58566
2024-10-15 17:00:00,414.27106
2024-10-15 21:00:00,96.65564
2024-10-15 22:00:00,84.3023
2024-10-15 23:00:00,51.43146
2024-10-16 00:00:00,54.28583
2024-10-16 02:00:00,45.702377
2024-10-16 02:00:00,20.18528
2024-10-16 03:00:00,11.629262
2024-10-16 05:00:00,33.656254
2024-10-16 07:00:00,88.3964
2024-10-16 08:00:00,233.0266
2024-10-16 10:00:00,132.56198
2024-10-16 17:00:00,471.37695
2024-10-16 19:00:00,146.5825
2024-10-16 20:00:00,115.92487
2024-10-16 21:00:00,120.64403
2024-10-16 21:00:00,278.0438
2024-10-16 23:00:00,58.67639
2024-10-17 00:00:00,100.92309
2024-10-17 04:00:00,13.525152
2024-10-17 05:00:00,32.705605
2024-10-17 07:00:00,88.07497
2024-10-17 11:00:00,149.31769
2024-10-17 12:00:00,150.92122
2024-10-17 14:00:00,201.6824
2024-10-17 15:00:00,212.22673
2024-10-17 17:00:00,183.5441
2024-10-17 18:00:00,143.50458
2024-10-17 21:00:00,120.79006
2024-10-18 03:00:00,25.246723
2024-10-18 03:00:00,12.975296
2024-10-18 04:00:00,40.750565
2024-10-18 07:00:00,250.41022
2024-10-18 09:00:00,247.78096
2024-10-18 11:00:00,126.03478
2024-10-18 11:00:00,149.06316
2024-10-18 12:00:00,182.14127
2024-10-18 12:00:00,127.140144
2024-10-18 13:00:00,196.62465
2024-10-18 14:00:00,175.63313
2024-10-18 14:00:00,354.67874
2024-10-18 14:00:00,593.66473
2024-10-18 14:00:00,204.37738
2024-10-18 18:00:00,236.99043
2024-10-18 20:00:00,129.7841
2024-10-18 22:00:00,234.66397
2024-10-18 22:00:00,131.31345
2024-10-18 23:00:00,93.06768
2024-10-18 23:00:00,88.375305
2024-10-19 03:00:00,30.934664
2024-10-19 05:00:00,10.565859
2024-10-19 05:00:00,37.574474
2024-10-19 06:00:00,25.746384
2024-10-19 07:00:00,53.30497
2024-10-19 09:00:00,158.19878
2024-10-19 11:00:00,108.52838
2024-10-19 13:00:00,197.22871
2024-10-19 14:00:00,162.47752
2024-10-19 16:00:00,136.49594
2024-10-19 16:00:00,587.15
2024-10-19 16:00:00,350.7873
2024-10-19 18:00:00,122.46747
2024-10-19 19:00:00,218.5315
2024-10-19 22:00:00,98.23968
2024-10-19 23:00:00,75.58161
2024-10-20 00:00:00,60.74298
2024-10-20 00:00:00,104.51667
2024-10-20 00:00:00,37.963905
2024-10-20 02:00:00,29.563946
2024-10-20 02:00:00,37.34452
2024-10-20 04:00:00,21.399044
2024-10-20 05:00:00,54.528664
2024-10-20 05:00:00,13.379344
2024-10-20 07:00:00,63.389862
2024-10-20 07:00:00,182.92078
2024-10-20 09:00:00,125.6866
2024-10-20 10:00:00,95.14207
2024-10-20 11:00:00,567.02985
2024-10-20 12:00:00,152.85951
2024-10-20 13:00:00,368.54358
2024-10-20 14:00:00,226.99487
2024-10-20 15:00:00,219.57886
2024-10-20 16:00:00,138.33357
2024-10-20 16:00:00,164.28491
2024-10-20 17:00:00,139.75562
2024-10-20 21:00:00,73.47703
2024-10-21 01:00:00,4.3798356
2024-10-21 02:00:00,5.4358754
2024-10-21 04:00:00,7.396128
2024-10-21 04:00:00,5.871581
2024-10-21 06:00:00,365.61597
2024-10-21 07:00:00,745.18134
2024-10-21 08:00:00,215.53008
2024-10-21 09:00:00,570.5575
2024-10-21 10:00:00,81.080986
2024-10-21 14:00:00,299.10223
2024-10-21 16:00:00,314.80453
2024-10-21 20:00:00,78.91601
2024-10-21 22:00:00,46.24391
2024-10-21 23:00:00,29.274809
2024-10-21 23:00:00,18.653316
2024-10-22 00:00:00,24.234617
2024-10-22 03:00:00,20.02627
2024-10-22 03:00:00,76.60269
2024-10-22 03:00:00,14.167476
2024-10-22 04:00:00,10.131559
2024-10-22 08:00:00,510.63327
2024-10-22 08:00:00,116.74443
2024-10-22 09:00:00,90.64362
2024-10-22 11:00:00,176.92009
2024-10-22 12:00:00,556.8477
2024-10-22 13:00:00,313.56512
2024-10-22 14:00:00,337.60815
2024-10-22 15:00:00,197.28178
2024-10-22 15:00:00,221.12004
2024-10-22 15:00:00,184.57239
2024-10-22 18:00:00,189.41412
2024-10-22 20:00:00,97.298676
2024-10-23 01:00:00,78.686165
2024-10-23 04:00:00,16.218966
2024-10-23 05:00:00,32.17635
2024-10-23 06:00:00,48.042736
2024-10-23 06:00:00,165.72295
2024-10-23 07:00:00,86.87948
2024-10-23 11:00:00,181.06335
2024-10-23 13:00:00,175.32411
2024-10-23 14:00:00,165.77847
2024-10-23 14:00:00,334.6932
2024-10-23 14:00:00,162.36998
2024-10-23 14:00:00,568.214
2024-10-23 14:00:00,125.101
2024-10-23 15:00:00,406.3951
2024-10-23 20:00:00,121.21652
2024-10-24 00:00:00,33.098194
2024-10-24 01:00:00,15.842158
2024-10-24 03:00:00,17.177816
2024-10-24 04:00:00,13.313903
2024-10-24 04:00:00,84.4568
2024-10-24 07:00:00,159.37286
2024-10-24 11:00:00,132.03525
2024-10-24 11:00:00,571.10443
2024-10-24 15:00:00,255.44327
2024-10-24 16:00:00,339.66617
2024-10-24 16:00:00,234.0501
2024-10-24 18:00:00,143.18568
2024-10-24 18:00:00,342.16006
2024-10-24 19:00:00,219.34668
2024-10-24 22:00:00,87.35953
2024-10-24 22:00:00,56.494923
2024-10-25 01:00:00,17.321136
2024-10-25 04:00:00,11.213221
2024-10-25 04:00:00,10.835947
2024-10-25 04:00:00,11.26985
2024-10-25 04:00:00,7.0567594
2024-10-25 06:00:00,97.32747
2024-10-25 07:00:00,78.64468
2024-10-25 09:00:00,115.44886
2024-10-25 14:00:00,347.15176
2024-10-25 16:00:00,323.12344
2024-10-25 17:00:00,229.04219
2024-10-25 17:00:00,461.7953
2024-10-25 19:00:00,370.2596
2024-10-25 19:00:00,214.93364
2024-10-25 20:00:00,116.38439
2024-10-25 20:00:00,80.04119
2024-10-25 22:00:00,101.70108
2024-10-25 23:00:00,84.52154
2024-10-25 23:00:00,85.71284
2024-10-26 03:00:00,28.980795
2024-10-26 04:00:00,14.476838
2024-10-26 04:00:00,48.820568
2024-10-26 05:00:00,13.7660265
2024-10-26 07:00:00,57.268368
2024-10-26 08:00:00,105.17217
2024-10-26 09:00:00,236.18349
2024-10-26 10:00:00,570.8328
2024-10-26 13:00:00,603.18463
2024-10-26 14:00:00,360.29697
2024-10-26 15:00:00,609.8605
2024-10-26 18:00:00,174.35062
2024-10-26 19:00:00,140.79535
2024-10-26 22:00:00,97.33897
2024-10-26 23:00:00,88.559616
2024-10-27 05:00:00,13.217648
2024-10-27 06:00:00,99.960365
2024-10-27 08:00:00,81.407166
2024-10-27 10:00:00,97.591576
2024-10-27 10:00:00,75.97654
2024-10-27 11:00:00,124.295685
2024-10-27 12:00:00,137.85252
2024-10-27 14:00:00,181.44247
2024-10-27 15:00:00,331.89932
2024-10-27 16:00:00,118.07747
2024-10-27 17:00:00,176.2775
2024-10-27 17:00:00,172.19969
2024-10-27 17:00:00,119.87225
2024-10-27 20:00:00,61.14303
2024-10-27 22:00:00,58.077072
2024-10-28 00:00:00,15.451109
2024-10-28 01:00:00,8.934314
2024-10-28 01:00:00,34.678574
2024-10-28 02:00:00,8.670876
2024-10-28 08:00:00,825.63416
2024-10-28 10:00:00,239.30264
2024-10-28 12:00:00,155.13591
2024-10-28 13:00:00,169.94522
2024-10-28 15:00:00,191.40962
2024-10-28 16:00:00,411.0133
2024-10-28 16:00:00,288.85135
2024-10-28 17:00:00,206.57462
2024-10-28 18:00:00,372.0007
2024-10-28 20:00:00,245.25298
2024-10-28 20:00:00,78.966515
2024-10-29 00:00:00,25.362349
2024-10-29 01:00:00,78.82141
2024-10-29 03:00:00,9.669546
2024-10-29 05:00:00,137.17647
2024-10-29 07:00:00,80.45035
2024-10-29 09:00:00,110.84162
2024-10-29 10:00:00,115.99467
2024-10-29 14:00:00,166.59995
2024-10-29 14:00:00,159.7923
2024-10-29 16:00:00,314.76425
2024-10-29 16:00:00,459.04904
2024-10-29 17:00:00,400.87796
2024-10-29 18:00:00,397.33438
2024-10-29 19:00:00,130.88155
2024-10-29 20:00:00,105.69341
2024-10-29 20:00:00,97.15682
2024-10-29 20:00:00,103.90311
2024-10-29 22:00:00,82.53519
2024-10-30 00:00:00,17.049223
2024-10-30 00:00:00,50.4483
2024-10-30 01:00:00,16.309929
2024-10-30 07:00:00,83.79711
2024-10-30 07:00:00,356.37308
2024-10-30 08:00:00,508.46567
2024-10-30 09:00:00,112.61719
2024-10-30 11:00:00,104.29542
2024-10-30 13:00:00,164.62631
2024-10-30 17:00:00,461.8811
2024-10-30 17:00:00,335.48386
2024-10-30 18:00:00,265.99655
2024-10-30 18:00:00,185.68155
2024-10-30 18:00:00,211.65842
2024-10-30 22:00:00,177.8753
2024-10-31 00:00:00,25.96524
2024-10-31 00:00:00,31.211706
2024-10-31 01:00:00,15.189028
2024-10-31 02:00:00,45.439106
2024-10-31 02:00:00,11.493394
2024-10-31 05:00:00,50.48394
2024-10-31 05:00:00,44.107883
2024-10-31 05:00:00,17.336708
2024-10-31 05:00:00,87.73267
2024-10-31 06:00:00,362.03662
2024-10-31 06:00:00,103.70071
2024-10-31 10:00:00,267.6067
2024-10-31 11:00:00,141.04956
2024-10-31 12:00:00,165.62473
2024-10-31 15:00:00,248.30043
2024-10-31 16:00:00,459.45795
2024-10-31 18:00:00,335.87402
2024-10-31 18:00:00,192.69362
2024-10-31 19:00:00,145.95738
2024-10-31 20:00:00,110.16323
2024-10-31 21:00:00,103.00779
2024-10-31 21:00:00,147.31143
2024-10-31 22:00:00,105.509674
2024-10-31 22:00:00,80.523285
2024-10-31 23:00:00,122.391556
2024-11-01 00:00:00,36.12097
2024-11-01 03:00:00,12.553589
2024-11-01 05:00:00,21.547775
2024-11-01 06:00:00,179.8978
2024-11-01 06:00:00,108.64062
2024-11-01 06:00:00,155.01163
2024-11-01 08:00:00,239.27605
2024-11-01 10:00:00,282.417
2024-11-01 12:00:00,584.75275
2024-11-01 13:00:00,134.1659
2024-11-01 15:00:00,233.49866
2024-11-01 17:00:00,234.59824
2024-11-01 18:00:00,202.33508
2024-11-01 19:00:00,160.37251
2024-11-02 00:00:00,58.41743
2024-11-02 00:00:00,68.54879
2024-11-02 00:00:00,61.935917
2024-11-02 02:00:00,44.452824
2024-11-02 03:00:00,23.563488
2024-11-02 03:00:00,18.278093
2024-11-02 03:00:00,67.44435
2024-11-02 05:00:00,18.897907
2024-11-02 08:00:00,77.300095
2024-11-02 09:00:00,132.74748
2024-11-02 12:00:00,374.65842
2024-11-02 12:00:00,186.03429
2024-11-02 13:00:00,206.63269
2024-11-02 19:00:00,125.43198
2024-11-02 21:00:00,103.63205
2024-11-02 21:00:00,125.071754
2024-11-03 00:00:00,45.903053
2024-11-03 01:00:00,54.87985
2024-11-03 03:00:00,10.834077
2024-11-03 04:00:00,7.7883615
2024-11-03 04:00:00,12.668018
2024-11-03 05:00:00,6.6791754
2024-11-03 05:00:00,8.328875
2024-11-03 05:00:00,31.170408
2024-11-03 06:00:00,83.279816
2024-11-03 08:00:00,26.353466
2024-11-03 08:00:00,34.284992
2024-11-03 08:00:00,111.42674
2024-11-03 09:00:00,41.664192
2024-11-03 10:00:00,152.94879
2024-11-03 12:00:00,135.9942
2024-11-03 14:00:00,118.53994
2024-11-03 14:00:00,126.58416
2024-11-03 15:00:00,538.22253
2024-11-03 15:00:00,122.75836
2024-11-03 16:00:00,163.77068
2024-11-03 18:00:00,138.95695
2024-11-03 18:00:00,89.68822
2024-11-03 19:00:00,99.3858
2024-11-03 21:00:00,66.5832
2024-11-03 21:00:00,62.332394
2024-11-03 22:00:00,55.193176
2024-11-03 23:00:00,39.124794
2024-11-03 23:00:00,38.556213
2024-11-03 23:00:00,28.223125
2024-11-04 01:00:00,17.79796
2024-11-04 02:00:00,40.477894
2024-11-04 05:00:00,21.02476
2024-11-04 05:00:00,118.914955
2024-11-04 08:00:00,108.748474
2024-11-04 09:00:00,106.749985
2024-11-04 12:00:00,518.88525
2024-11-04 14:00:00,162.97665
2024-11-04 15:00:00,129.17635
2024-11-04 15:00:00,199.56026
2024-11-04 17:00:00,355.83292
2024-11-04 18:00:00,239.54773
2024-11-04 19:00:00,338.65094
2024-11-05 00:00:00,32.832253
2024-11-05 00:00:00,27.738688
2024-11-05 01:00:00,20.585672
2024-11-05 03:00:00,26.410877
2024-11-05 04:00:00,18.50502
2024-11-05 05:00:00,97.253845
2024-11-05 06:00:00,66.233635
2024-11-05 08:00:00,107.57899
2024-11-05 08:00:00,122.23426
2024-11-05 09:00:00,95.81182
2024-11-05 13:00:00,156.90112
2024-11-05 13:00:00,130.6557
2024-11-05 13:00:00,173.91278
2024-11-05 18:00:00,217.0734
2024-11-05 18:00:00,344.81052
2024-11-05 18:00:00,181.50932
2024-11-05 23:00:00,134.88585
2024-11-06 05:00:00,18.898478
2024-11-06 05:00:00,40.646126
2024-11-06 05:00:00,96.474495
2024-11-06 07:00:00,88.3682
2024-11-06 11:00:00,136.24506
2024-11-06 11:00:00,112.29393
2024-11-06 12:00:00,136.24506
2024-11-06 12:00:00,554.87634
2024-11-06 20:00:00,116.213005
2024-11-06 22:00:00,91.05817
2024-11-06 22:00:00,86.93503
2024-11-06 23:00:00,129.13948
2024-11-07 01:00:00,26.10102
2024-11-07 03:00:00,17.262623
2024-11-07 04:00:00,16.628355
2024-11-07 05:00:00,23.231161
2024-11-07 06:00:00,66.46674
2024-11-07 13:00:00,188.53078
2024-11-07 18:00:00,274.73718
2024-11-07 20:00:00,89.149994
2024-11-07 21:00:00,127.489296
2024-11-07 22:00:00,102.93415
2024-11-07 22:00:00,95.67036
2024-11-07 23:00:00,77.3903
2024-11-08 01:00:00,22.708338
2024-11-08 03:00:00,16.908155
2024-11-08 03:00:00,14.313641
2024-11-08 03:00:00,68.76015
2024-11-08 04:00:00,19.434433
2024-11-08 04:00:00,70.087234
2024-11-08 05:00:00,22.40684
2024-11-08 07:00:00,254.14124
2024-11-08 08:00:00,823.0576
2024-11-08 17:00:00,321.43347
2024-11-08 17:00:00,459.8463
2024-11-08 17:00:00,207.05518
2024-11-08 19:00:00,175.91808
2024-11-08 19:00:00,160.79572
2024-11-08 21:00:00,124.2172
2024-11-08 22:00:00,127.58161
2024-11-09 00:00:00,129.04973
2024-11-09 01:00:00,46.534763
2024-11-09 05:00:00,26.494621
2024-11-09 06:00:00,33.391933
2024-11-09 06:00:00,50.12364
2024-11-09 07:00:00,53.185234
2024-11-09 07:00:00,276.32568
2024-11-09 08:00:00,96.14141
2024-11-09 08:00:00,83.20751
2024-11-09 08:00:00,358.98422
2024-11-09 11:00:00,359.2509
2024-11-09 11:00:00,198.70386
2024-11-09 14:00:00,155.70418
2024-11-09 17:00:00,207.48308
2024-11-09 18:00:00,201.50998
2024-11-09 21:00:00,121.88357
2024-11-09 21:00:00,111.03298
2024-11-10 01:00:00,51.705006
2024-11-10 02:00:00,38.50922
2024-11-10 07:00:00,84.03538
2024-11-10 09:00:00,484.2748
2024-11-10 09:00:00,131.25114
2024-11-10 11:00:00,149.36026
2024-11-10 11:00:00,348.35254
2024-11-10 11:00:00,200.90234
2024-11-10 11:00:00,634.4498
2024-11-10 11:00:00,181.91939
2024-11-10 12:00:00,228.22379
2024-11-10 14:00:00,235.44096
2024-11-10 15:00:00,673.0687
2024-11-10 16:00:00,346.07214
2024-11-10 19:00:00,117.27923
2024-11-10 21:00:00,131.99055
2024-11-11 02:00:00,15.27733
2024-11-11 02:00:00,70.28414
2024-11-11 05:00:00,22.715353
2024-11-11 06:00:00,142.42305
2024-11-11 07:00:00,86.50664
2024-11-11 08:00:00,889.0954
2024-11-11 09:00:00,261.5797
2024-11-11 10:00:00,124.883736
2024-11-11 12:00:00,134.93277
2024-11-11 15:00:00,173.1739
2024-11-11 16:00:00,322.30933
2024-11-11 17:00:00,190.36537
2024-11-11 18:00:00,235.56502
2024-11-11 18:00:00,168.43575
2024-11-11 18:00:00,117.051636
2024-11-11 18:00:00,190.40839
2024-11-11 19:00:00,123.25047
2024-11-11 20:00:00,129.95695
2024-11-11 22:00:00,196.03719
2024-11-11 22:00:00,70.29879
2024-11-11 22:00:00,90.881004
2024-11-11 22:00:00,74.8312
2024-11-11 23:00:00,148.10628
2024-11-12 00:00:00,164.96437
2024-11-12 01:00:00,34.44796
2024-11-12 02:00:00,33.873356
2024-11-12 03:00:00,55.93764
2024-11-12 04:00:00,35.111206
2024-11-12 05:00:00,69.49785
2024-11-12 06:00:00,139.8343
2024-11-12 06:00:00,490.5728
2024-11-12 07:00:00,113.03798
2024-11-12 10:00:00,159.5448
2024-11-12 10:00:00,601.7747
2024-11-12 13:00:00,205.07416
2024-11-12 13:00:00,326.5419
2024-11-12 14:00:00,191.96062
2024-11-12 15:00:00,179.8195
2024-11-12 19:00:00,184.09563
2024-11-12 21:00:00,95.201004
2024-11-12 21:00:00,370.0216
2024-11-12 23:00:00,79.79201
2024-11-12 23:00:00,81.41471
2024-11-13 07:00:00,376.69043
2024-11-13 07:00:00,97.680244
2024-11-13 11:00:00,196.1081
2024-11-13 11:00:00,166.47032
2024-11-13 13:00:00,561.6136
2024-11-13 14:00:00,195.28549
2024-11-13 18:00:00,259.87457
2024-11-13 21:00:00,163.57236
2024-11-14 00:00:00,27.611416
2024-11-14 01:00:00,19.320206
2024-11-14 02:00:00,82.26968
2024-11-14 04:00:00,20.58482
2024-11-14 04:00:00,15.705733
2024-11-14 05:00:00,19.463196
2024-11-14 07:00:00,92.60754
2024-11-14 08:00:00,511.08957
2024-11-14 09:00:00,637.3127
2024-11-14 11:00:00,151.4772
2024-11-14 14:00:00,204.94365
2024-11-14 14:00:00,175.35742
2024-11-14 16:00:00,197.17206
2024-11-14 16:00:00,341.09033
2024-11-14 17:00:00,188.47162
2024-11-14 19:00:00,408.79095
2024-11-14 20:00:00,128.91718
2024-11-14 21:00:00,339.50598
2024-11-15 01:00:00,18.68334
2024-11-15 01:00:00,49.695072
2024-11-15 04:00:00,43.703697
2024-11-15 04:00:00,9.41785
2024-11-15 07:00:00,252.01508
2024-11-15 08:00:00,107.29348
2024-11-15 09:00:00,230.77315
2024-11-15 09:00:00,252.07684
2024-11-15 09:00:00,119.48769
2024-11-15 09:00:00,187.71085
2024-11-15 10:00:00,281.56055
2024-11-15 11:00:00,301.23032
2024-11-15 13:00:00,580.3173
2024-11-15 13:00:00,332.33374
2024-11-15 14:00:00,135.32806
2024-11-15 16:00:00,200.99977
2024-11-15 18:00:00,230.73465
2024-11-15 20:00:00,139.29384
2024-11-15 20:00:00,133.84358
2024-11-15 20:00:00,92.24233
2024-11-15 22:00:00,257.73022
2024-11-16 00:00:00,70.50305
2024-11-16 02:00:00,35.070366
2024-11-16 05:00:00,66.16921
2024-11-16 05:00:00,39.593388
2024-11-16 05:00:00,28.656343
2024-11-16 08:00:00,85.12852
2024-11-16 08:00:00,58.25723
2024-11-16 12:00:00,140.598
2024-11-16 16:00:00,219.11191
2024-11-16 16:00:00,136.51105
2024-11-16 17:00:00,185.98123
2024-11-16 20:00:00,125.137085
2024-11-16 21:00:00,111.56308
2024-11-16 21:00:00,112.6197
2024-11-17 00:00:00,52.41372
2024-11-17 02:00:00,30.784184
2024-11-17 03:00:00,28.09169
2024-11-17 03:00:00,53.7131
2024-11-17 04:00:00,21.235918
2024-11-17 04:00:00,23.37959
2024-11-17 09:00:00,136.43631
2024-11-17 09:00:00,62.730312
2024-11-17 10:00:00,103.814804
2024-11-17 11:00:00,203.57425
2024-11-17 12:00:00,165.64317
2024-11-17 13:00:00,162.55455
2024-11-17 14:00:00,139.51031
2024-11-17 15:00:00,152.61351
2024-11-17 17:00:00,222.55203
2024-11-17 17:00:00,130.3659
2024-11-18 00:00:00,56.273937
2024-11-18 03:00:00,9.377136
2024-11-18 04:00:00,12.005417
2024-11-18 04:00:00,40.10982
2024-11-18 05:00:00,42.316227
2024-11-18 06:00:00,50.85771
2024-11-18 07:00:00,87.47758
2024-11-18 07:00:00,81.336464
2024-11-18 08:00:00,108.54365
2024-11-18 09:00:00,251.85161
2024-11-18 12:00:00,117.27972
2024-11-18 12:00:00,156.70116
2024-11-18 14:00:00,165.25537
2024-11-18 15:00:00,178.46379
2024-11-18 15:00:00,369.41895
2024-11-18 18:00:00,300.04507
2024-11-18 19:00:00,345.42087
2024-11-18 22:00:00,40.196396
2024-11-18 23:00:00,49.722668
2024-11-18 23:00:00,51.73181
2024-11-18 23:00:00,113.00846
2024-11-19 01:00:00,52.72086
2024-11-19 01:00:00,14.570999
2024-11-19 02:00:00,47.728516
2024-11-19 02:00:00,70.63772
2024-11-19 03:00:00,64.977875
2024-11-19 05:00:00,49.481407
2024-11-19 06:00:00,58.29117
2024-11-19 06:00:00,410.69202
2024-11-19 06:00:00,154.62776
2024-11-19 07:00:00,775.21735
2024-11-19 08:00:00,517.8727
2024-11-19 08:00:00,512.51227
2024-11-19 10:00:00,157.29942
2024-11-19 11:00:00,179.21664
2024-11-19 13:00:00,313.56512
2024-11-19 16:00:00,191.0796
2024-11-19 17:00:00,369.26163
2024-11-19 19:00:00,371.09735
2024-11-19 22:00:00,89.78927
2024-11-20 00:00:00,24.211956
2024-11-20 00:00:00,83.83788
2024-11-20 02:00:00,13.088917
2024-11-20 04:00:00,59.31352
2024-11-20 09:00:00,246.8047
2024-11-20 09:00:00,281.52692
2024-11-20 11:00:00,287.48346
2024-11-20 13:00:00,315.48038
2024-11-20 13:00:00,151.98988
2024-11-20 16:00:00,497.71722
2024-11-20 16:00:00,231.96735
2024-11-20 20:00:00,85.8436
2024-11-20 21:00:00,123.645615
2024-11-20 21:00:00,112.03751
2024-11-20 22:00:00,59.281754
2024-11-21 01:00:00,21.340961
2024-11-21 02:00:00,14.781238
2024-11-21 02:00:00,14.66745
2024-11-21 05:00:00,18.010103
2024-11-21 05:00:00,33.94
2024-11-21 05:00:00,161.13454
2024-11-21 06:00:00,175.15782
2024-11-21 06:00:00,157.63808
2024-11-21 07:00:00,796.583
2024-11-21 08:00:00,131.29584
2024-11-21 18:00:00,194.27989
2024-11-21 19:00:00,416.96304
2024-11-21 20:00:00,118.37464
2024-11-21 21:00:00,128.21164
2024-11-21 21:00:00,113.38408
2024-11-21 21:00:00,346.24734
2024-11-21 21:00:00,123.45805
2024-11-22 00:00:00,31.991974
2024-11-22 02:00:00,13.254939
2024-11-22 04:00:00,13.498632
2024-11-22 04:00:00,31.808025
2024-11-22 07:00:00,150.00674
2024-11-22 08:00:00,433.69083
2024-11-22 14:00:00,176.8999
2024-11-22 15:00:00,424.50064
2024-11-22 17:00:00,318.75375
2024-11-23 01:00:00,33.718117
2024-11-23 01:00:00,41.96966
2024-11-23 02:00:00,22.729498
2024-11-23 03:00:00,31.73874
2024-11-23 03:00:00,20.26843
2024-11-23 05:00:00,76.963264
2024-11-23 05:00:00,46.69497
2024-11-23 07:00:00,55.248783
2024-11-23 08:00:00,72.341194
2024-11-23 08:00:00,80.72636
2024-11-23 09:00:00,102.46448
2024-11-23 10:00:00,130.81726
2024-11-23 10:00:00,171.89221
2024-11-23 15:00:00,627.0205
2024-11-23 15:00:00,190.97594
2024-11-23 16:00:00,182.53685
2024-11-23 16:00:00,177.33789
2024-11-23 18:00:00,180.89122
2024-11-23 19:00:00,136.8116
2024-11-23 20:00:00,101.703995
2024-11-23 23:00:00,115.99647
2024-11-24 00:00:00,34.998913
2024-11-24 04:00:00,17.196722
2024-11-24 04:00:00,19.984104
2024-11-24 05:00:00,13.248074
2024-11-24 10:00:00,144.0052
2024-11-24 10:00:00,171.82729
2024-11-24 14:00:00,222.01889
2024-11-24 15:00:00,125.83794
2024-11-24 15:00:00,133.20477
2024-11-24 19:00:00,360.8826
2024-11-24 19:00:00,94.978516
2024-11-24 20:00:00,104.17435
2024-11-25 02:00:00,15.1524515
2024-11-25 02:00:00,11.098566
2024-11-25 03:00:00,8.8758545
2024-11-25 06:00:00,39.198437
2024-11-25 07:00:00,85.19453
2024-11-25 08:00:00,220.4914
2024-11-25 11:00:00,266.26385
2024-11-25 12:00:00,155.23753
2024-11-25 12:00:00,188.9017
2024-11-25 13:00:00,161.01779
2024-11-25 13:00:00,283.04108
2024-11-25 13:00:00,514.409
2024-11-25 13:00:00,111.806496
2024-11-25 14:00:00,178.33873
2024-11-25 20:00:00,98.658035
2024-11-25 21:00:00,55.243282
2024-11-26 00:00:00,19.877121
2024-11-26 01:00:00,20.196932
2024-11-26 03:00:00,10.0155735
2024-11-26 04:00:00,10.077876
2024-11-26 04:00:00,9.538439
2024-11-26 08:00:00,869.6009
2024-11-26 10:00:00,177.22318
2024-11-26 11:00:00,107.95754
2024-11-26 12:00:00,123.8642
2024-11-26 13:00:00,544.1699
2024-11-26 15:00:00,219.89967
2024-11-26 16:00:00,335.86322
2024-11-26 17:00:00,249.15718
2024-11-26 18:00:00,267.76465
2024-11-26 18:00:00,338.14896
2024-11-26 19:00:00,146.81113
2024-11-26 19:00:00,375.41068
2024-11-26 20:00:00,130.15578
2024-11-27 01:00:00,15.301355
2024-11-27 03:00:00,13.467787
2024-11-27 04:00:00,17.119871
2024-11-27 04:00:00,12.359078
2024-11-27 10:00:00,152.98677
2024-11-27 10:00:00,177.3258
2024-11-27 11:00:00,282.10037
2024-11-27 14:00:00,129.4792
2024-11-27 14:00:00,190.68715
2024-11-27 15:00:00,205.50394
2024-11-27 17:00:00,349.06894
2024-11-27 18:00:00,250.08577
2024-11-27 19:00:00,156.34042
2024-11-27 19:00:00,385.77606
2024-11-27 20:00:00,80.26699
2024-11-27 20:00:00,125.29023
2024-11-27 23:00:00,57.83342
2024-11-27 23:00:00,63.905006
2024-11-28 00:00:00,35.57755
2024-11-28 00:00:00,26.00378
2024-11-28 01:00:00,22.838015
2024-11-28 03:00:00,42.225998
2024-11-28 06:00:00,105.25668
2024-11-28 10:00:00,95.12133
2024-11-28 11:00:00,127.70338
2024-11-28 11:00:00,182.84677
2024-11-28 12:00:00,208.13191
2024-11-28 14:00:00,178.35176
2024-11-28 17:00:00,338.97232
2024-11-28 18:00:00,248.28604
2024-11-28 18:00:00,267.02676
2024-11-28 18:00:00,340.90158
2024-11-28 19:00:00,154.74034
2024-11-28 19:00:00,146.36455
2024-11-28 22:00:00,89.09991
2024-11-29 01:00:00,16.1155
2024-11-29 05:00:00,14.895185
2024-11-29 05:00:00,15.216149
2024-11-29 05:00:00,17.103624
2024-11-29 07:00:00,299.94733
2024-11-29 09:00:00,141.01077
2024-11-29 09:00:00,578.0165
2024-11-29 11:00:00,138.59035
2024-11-29 15:00:00,562.5721
2024-11-29 16:00:00,303.43442
2024-11-29 16:00:00,280.26068
2024-11-29 16:00:00,152.41647
2024-11-29 17:00:00,208.71916
2024-11-29 18:00:00,240.98622
2024-11-29 20:00:00,136.46906
2024-11-29 20:00:00,319.88937
2024-11-29 22:00:00,132.08417
2024-11-29 22:00:00,107.23786
2024-11-29 23:00:00,98.91344
2024-11-30 02:00:00,23.171015
2024-11-30 03:00:00,27.122791
2024-11-30 05:00:00,34.558823
2024-11-30 08:00:00,103.69571
2024-11-30 08:00:00,179.09142
2024-11-30 10:00:00,108.53905
2024-11-30 18:00:00,167.9531
2024-11-30 19:00:00,126.76074
2024-11-30 21:00:00,140.54889
2024-11-30 23:00:00,72.09936
2024-12-01 00:00:00,63.67558
2024-12-01 02:00:00,26.971937
2024-12-01 07:00:00,29.298687
2024-12-01 09:00:00,69.13869
2024-12-01 09:00:00,78.029045
2024-12-01 10:00:00,148.75768
2024-12-01 12:00:00,214.63252
2024-12-01 15:00:00,215.72034
2024-12-01 16:00:00,165.71008
2024-12-01 17:00:00,174.50414
2024-12-01 18:00:00,132.88382
2024-12-01 19:00:00,102.05409
2024-12-01 20:00:00,155.49506
2024-12-01 21:00:00,89.23682
2024-12-01 22:00:00,51.032093
2024-12-01 23:00:00,35.436615
2024-12-02 00:00:00,25.504347
2024-12-02 04:00:00,14.391327
2024-12-02 06:00:00,95.07353
2024-12-02 06:00:00,162.73225
2024-12-02 07:00:00,79.501945
2024-12-02 07:00:00,82.47134
2024-12-02 08:00:00,209.57463
2024-12-02 12:00:00,282.69785
2024-12-02 15:00:00,174.90317
2024-12-02 18:00:00,158.12936
2024-12-02 20:00:00,168.77736
2024-12-02 21:00:00,73.966805
2024-12-02 22:00:00,47.014763
2024-12-03 00:00:00,24.149181
2024-12-03 01:00:00,11.279998
2024-12-03 01:00:00,91.09756
2024-12-03 02:00:00,49.88926
2024-12-03 03:00:00,8.652281
2024-12-03 04:00:00,11.026868
2024-12-03 04:00:00,11.885709
2024-12-03 05:00:00,30.532536
2024-12-03 05:00:00,18.844688
2024-12-03 07:00:00,259.48114
2024-12-03 12:00:00,138.5407
2024-12-03 12:00:00,201.73764
2024-12-03 13:00:00,143.91423
2024-12-03 15:00:00,224.23784
2024-12-03 16:00:00,516.7204
2024-12-03 20:00:00,120.278206
2024-12-03 21:00:00,72.77145
2024-12-03 22:00:00,73.37905
2024-12-03 22:00:00,211.32834
2024-12-03 22:00:00,76.35783
2024-12-03 23:00:00,41.042927
2024-12-03 23:00:00,59.305595
2024-12-04 00:00:00,26.013723
2024-12-04 01:00:00,24.361624
2024-12-04 02:00:00,13.787921
2024-12-04 04:00:00,69.110306
2024-12-04 05:00:00,139.70111
2024-12-04 09:00:00,121.773415
2024-12-04 10:00:00,273.56113
2024-12-04 11:00:00,133.10803
2024-12-04 11:00:00,166.5237
2024-12-04 12:00:00,168.38274
2024-12-04 13:00:00,197.50801
2024-12-04 13:00:00,145.38762
2024-12-04 14:00:00,162.51807
2024-12-04 14:00:00,198.6934
2024-12-04 15:00:00,206.99823
2024-12-04 15:00:00,207.38068
2024-12-04 15:00:00,575.88715
2024-12-04 18:00:00,252.12154
2024-12-04 19:00:00,155.04594
2024-12-04 19:00:00,101.505745
2024-12-04 19:00:00,158.97716
2024-12-04 21:00:00,83.88823
2024-12-05 01:00:00,24.880322
2024-12-05 02:00:00,14.756413
2024-12-05 04:00:00,85.42327
2024-12-05 07:00:00,390.24054
2024-12-05 07:00:00,355.94955
2024-12-05 08:00:00,796.5087
2024-12-05 09:00:00,124.3004
2024-12-05 11:00:00,188.59918
2024-12-05 11:00:00,190.0739
2024-12-05 11:00:00,135.3198
2024-12-05 12:00:00,593.48157
2024-12-05 13:00:00,175.7076
2024-12-05 14:00:00,612.0708
2024-12-05 14:00:00,173.82596
2024-12-05 15:00:00,214.44942
2024-12-05 16:00:00,540.5433
2024-12-05 17:00:00,246.25276
2024-12-05 19:00:00,104.123505
2024-12-05 20:00:00,202.02013
2024-12-05 20:00:00,138.10303
2024-12-05 21:00:00,111.853645
2024-12-06 00:00:00,35.38777
2024-12-06 02:00:00,13.66129
2024-12-06 03:00:00,15.97071
2024-12-06 03:00:00,14.116525
2024-12-06 04:00:00,13.742253
2024-12-06 07:00:00,141.10065
2024-12-06 09:00:00,92.64152
2024-12-06 10:00:00,133.8139
2024-12-06 11:00:00,132.7057
2024-12-06 12:00:00,133.81107
2024-12-06 13:00:00,157.37097
2024-12-06 14:00:00,180.24245
2024-12-06 17:00:00,335.7492
2024-12-07 00:00:00,61.430958
2024-12-07 01:00:00,44.647797
2024-12-07 02:00:00,45.5799
2024-12-07 02:00:00,28.300869
2024-12-07 02:00:00,28.266253
2024-12-07 02:00:00,48.3265
2024-12-07 03:00:00,22.749908
2024-12-07 03:00:00,34.20047
2024-12-07 08:00:00,75.153656
2024-12-07 11:00:00,111.227196
2024-12-07 13:00:00,621.48914
2024-12-07 16:00:00,191.53984
2024-12-07 19:00:00,144.47932
2024-12-07 21:00:00,127.66358
2024-12-07 21:00:00,152.99857
2024-12-07 22:00:00,125.3843
2024-12-08 01:00:00,72.04306
2024-12-08 05:00:00,16.207956
2024-12-08 07:00:00,19.271084
2024-12-08 08:00:00,39.201508
2024-12-08 09:00:00,87.041756
2024-12-08 13:00:00,579.02216
2024-12-08 13:00:00,147.788
2024-12-08 13:00:00,368.9536
2024-12-08 18:00:00,130.74617
2024-12-08 19:00:00,109.71911
2024-12-08 21:00:00,277.70514
2024-12-08 21:00:00,88.0968
2024-12-08 22:00:00,66.76373
2024-12-08 23:00:00,57.20119
2024-12-08 23:00:00,56.353523
2024-12-09 00:00:00,26.23711
2024-12-09 01:00:00,14.235409
2024-12-09 03:00:00,21.276373
2024-12-09 04:00:00,45.06665
2024-12-09 05:00:00,45.699505
2024-12-09 06:00:00,58.346916
2024-12-09 06:00:00,160.1924
2024-12-09 07:00:00,83.014725
2024-12-09 08:00:00,111.71048
2024-12-09 10:00:00,255.75076
2024-12-09 11:00:00,152.15654
2024-12-09 11:00:00,120.73086
2024-12-09 12:00:00,518.52563
2024-12-09 16:00:00,494.51212
2024-12-09 19:00:00,126.472084
2024-12-09 22:00:00,53.83624
2024-12-10 02:00:00,32.433422
2024-12-10 03:00:00,32.03949
2024-12-10 04:00:00,55.73007
2024-12-10 07:00:00,120.13743
2024-12-10 08:00:00,150.0148
2024-12-10 09:00:00,225.799
2024-12-10 11:00:00,170.71013
2024-12-10 12:00:00,223.46222
2024-12-10 12:00:00,346.38315
2024-12-10 13:00:00,203.69226
2024-12-10 17:00:00,279.80817
2024-12-10 17:00:00,364.4064
2024-12-10 19:00:00,136.70847
2024-12-10 19:00:00,179.88094
2024-12-10 20:00:00,226.19559
2024-12-10 20:00:00,167.65517
2024-12-10 22:00:00,307.44644
2024-12-10 23:00:00,95.93272
2024-12-11 02:00:00,10.540917
2024-12-11 03:00:00,12.742037
2024-12-11 05:00:00,100.558685
2024-12-11 05:00:00,57.43362
2024-12-11 06:00:00,195.15196
2024-12-11 06:00:00,56.29418
2024-12-11 09:00:00,127.24632
2024-12-11 11:00:00,297.4657
2024-12-11 12:00:00,226.56104
2024-12-11 13:00:00,159.85385
2024-12-11 15:00:00,419.11844
2024-12-11 16:00:00,345.61728
2024-12-11 17:00:00,348.0995
2024-12-11 18:00:00,483.87234
2024-12-11 20:00:00,151.1667
2024-12-11 20:00:00,127.17647
2024-12-11 22:00:00,127.23904
2024-12-11 22:00:00,103.81185
2024-12-11 22:00:00,111.509895
2024-12-11 22:00:00,107.42292
2024-12-12 00:00:00,46.85236
2024-12-12 02:00:00,33.449913
2024-12-12 04:00:00,31.314934
2024-12-12 05:00:00,107.330864
2024-12-12 06:00:00,80.49422
2024-12-12 06:00:00,171.88295
2024-12-12 07:00:00,107.85839
2024-12-12 10:00:00,221.87067
2024-12-12 11:00:00,185.01105
2024-12-12 13:00:00,340.4415
2024-12-12 14:00:00,222.9708
2024-12-12 15:00:00,271.1003
2024-12-12 16:00:00,220.267
2024-12-12 16:00:00,483.7718
2024-12-12 17:00:00,272.2151
2024-12-12 18:00:00,275.34317
2024-12-12 19:00:00,171.90562
2024-12-12 23:00:00,108.99894
2024-12-13 01:00:00,19.96361
2024-12-13 03:00:00,39.673325
2024-12-13 04:00:00,15.945106
2024-12-13 05:00:00,51.628525
2024-12-13 07:00:00,94.01542
2024-12-13 09:00:00,264.65445
2024-12-13 10:00:00,145.48083
2024-12-13 11:00:00,145.97278
2024-12-13 12:00:00,592.52014
2024-12-13 14:00:00,203.75328
2024-12-13 16:00:00,337.70758
2024-12-13 17:00:00,346.85876
2024-12-13 19:00:00,407.6313
2024-12-13 19:00:00,151.01297
2024-12-13 20:00:00,108.27085
2024-12-13 21:00:00,349.59692
2024-12-13 23:00:00,107.53228
2024-12-13 23:00:00,83.90847
2024-12-14 00:00:00,74.08664
2024-12-14 00:00:00,54.46205
2024-12-14 01:00:00,48.162537
2024-12-14 04:00:00,56.96603
2024-12-14 07:00:00,44.745415
2024-12-14 13:00:00,202.64886
2024-12-14 15:00:00,170.00847
2024-12-14 16:00:00,181.3879
2024-12-14 19:00:00,139.08719
2024-12-14 21:00:00,113.47862
2024-12-15 02:00:00,55.78798
2024-12-15 03:00:00,21.615932
2024-12-15 03:00:00,47.853973
2024-12-15 05:00:00,17.53425
2024-12-15 08:00:00,42.76442
2024-12-15 10:00:00,141.1762
2024-12-15 11:00:00,158.79565
2024-12-15 11:00:00,134.21806
2024-12-15 12:00:00,192.14192
2024-12-15 13:00:00,372.36426
2024-12-15 13:00:00,601.3892
2024-12-15 17:00:00,211.72589
2024-12-15 20:00:00,89.08323
2024-12-15 20:00:00,85.43873
2024-12-15 20:00:00,107.03967
2024-12-15 21:00:00,138.18237
2024-12-15 22:00:00,81.41914
2024-12-16 01:00:00,17.618607
2024-12-16 02:00:00,14.292789
2024-12-16 05:00:00,16.210888
2024-12-16 07:00:00,345.2524
2024-12-16 11:00:00,164.4038
2024-12-16 11:00:00,136.04343
2024-12-16 11:00:00,100.41575
2024-12-16 13:00:00,189.11755
2024-12-16 18:00:00,186.59393
2024-12-16 18:00:00,226.04214
2024-12-16 19:00:00,81.87533
2024-12-16 21:00:00,108.59907
2024-12-17 01:00:00,12.06341
2024-12-17 04:00:00,11.924615
2024-12-17 07:00:00,139.04
2024-12-17 09:00:00,243.36841
2024-12-17 09:00:00,174.44424
2024-12-17 10:00:00,266.29333
2024-12-17 14:00:00,565.4703
2024-12-17 14:00:00,169.45712
2024-12-17 18:00:00,270.63342
2024-12-17 20:00:00,84.83885
2024-12-17 21:00:00,104.43501
2024-12-17 21:00:00,93.43098
2024-12-17 23:00:00,64.167816
2024-12-18 00:00:00,25.779842
2024-12-18 01:00:00,14.040734
2024-12-18 03:00:00,11.940071
2024-12-18 03:00:00,38.067226
2024-12-18 04:00:00,25.6622
2024-12-18 04:00:00,17.343374
2024-12-18 09:00:00,278.82977
2024-12-18 11:00:00,135.42017
2024-12-18 12:00:00,207.62828
2024-12-18 13:00:00,173.21312
2024-12-18 18:00:00,145.44272
2024-12-18 19:00:00,239.18002
2024-12-18 20:00:00,139.24933
2024-12-18 22:00:00,93.507286
2024-12-18 22:00:00,104.48709
2024-12-18 23:00:00,75.88357
2024-12-18 23:00:00,71.80745
2024-12-19 02:00:00,14.327705
2024-12-19 04:00:00,13.653742
2024-12-19 04:00:00,44.653217
2024-12-19 05:00:00,17.62564
2024-12-19 06:00:00,185.03255
2024-12-19 07:00:00,148.79936
2024-12-19 07:00:00,86.36424
2024-12-19 09:00:00,254.86604
2024-12-19 10:00:00,100.35521
2024-12-19 11:00:00,114.144936
2024-12-19 12:00:00,175.25111
2024-12-19 13:00:00,149.18921
2024-12-19 16:00:00,530.8452
2024-12-19 17:00:00,369.47818
2024-12-19 18:00:00,456.606
2024-12-20 00:00:00,32.31153
2024-12-20 00:00:00,54.881187
2024-12-20 01:00:00,46.358715
2024-12-20 01:00:00,13.822087
2024-12-20 02:00:00,27.468754
2024-12-20 03:00:00,13.326886
2024-12-20 04:00:00,13.19435
2024-12-20 06:00:00,182.85863
2024-12-20 06:00:00,98.92711
2024-12-20 07:00:00,682.00104
2024-12-20 08:00:00,199.39073
2024-12-20 09:00:00,178.55293
2024-12-20 09:00:00,92.393616
2024-12-20 12:00:00,132.72572
2024-12-20 12:00:00,149.79372
2024-12-20 16:00:00,241.76385
2024-12-20 22:00:00,148.68318
2024-12-20 22:00:00,276.9534
2024-12-20 23:00:00,101.7339
2024-12-21 00:00:00,53.776093
2024-12-21 02:00:00,23.121794
2024-12-21 02:00:00,34.39499
2024-12-21 03:00:00,21.106302
2024-12-21 04:00:00,68.3324
2024-12-21 05:00:00,39.789394
2024-12-21 06:00:00,23.977942
2024-12-21 11:00:00,129.73537
2024-12-21 15:00:00,165.75983
2024-12-21 17:00:00,562.85455
2024-12-21 17:00:00,209.39874
2024-12-21 21:00:00,95.75521
2024-12-21 22:00:00,146.25221
2024-12-22 00:00:00,52.667725
2024-12-22 02:00:00,37.865437
2024-12-22 06:00:00,29.377413
2024-12-22 07:00:00,35.20608
2024-12-22 08:00:00,48.015774
2024-12-22 10:00:00,131.25302
2024-12-22 12:00:00,141.49608
2024-12-22 13:00:00,143.71962
2024-12-22 17:00:00,123.0199
2024-12-22 17:00:00,202.07422
2024-12-22 19:00:00,105.72463
2024-12-22 19:00:00,361.9025
2024-12-22 20:00:00,96.9082
2024-12-22 21:00:00,139.41438
2024-12-23 06:00:00,30.43088
2024-12-23 08:00:00,565.57874
2024-12-23 09:00:00,213.25645
2024-12-23 13:00:00,140.2825
2024-12-23 14:00:00,138.90352
2024-12-23 16:00:00,298.0176
2024-12-23 17:00:00,207.58891
2024-12-23 18:00:00,88.67561
2024-12-23 19:00:00,105.45499
2024-12-23 19:00:00,62.501358
2024-12-23 20:00:00,159.71848
2024-12-23 20:00:00,87.29062
2024-12-23 21:00:00,120.299164
2024-12-23 23:00:00,29.374521
2024-12-23 23:00:00,49.50988
2024-12-24 01:00:00,15.247717
2024-12-24 02:00:00,9.667243
2024-12-24 03:00:00,53.29796
2024-12-24 03:00:00,10.990701
2024-12-24 04:00:00,39.217384
2024-12-24 05:00:00,127.70485
2024-12-24 05:00:00,39.37195
2024-12-24 05:00:00,17.8867
2024-12-24 05:00:00,40.81061
2024-12-24 08:00:00,91.638306
2024-12-24 09:00:00,263.65033
2024-12-24 10:00:00,162.57341
2024-12-24 11:00:00,268.1327
2024-12-24 14:00:00,113.18467
2024-12-24 14:00:00,166.41307
2024-12-24 17:00:00,321.22223
2024-12-24 17:00:00,179.50537
2024-12-24 18:00:00,214.23969
2024-12-24 21:00:00,104.029236
2024-12-25 00:00:00,5.34653
2024-12-25 02:00:00,-2.2094617
2024-12-25 02:00:00,-4.142052
2024-12-25 02:00:00,54.468002
2024-12-25 03:00:00,-4.368607
2024-12-25 03:00:00,4.970184
2024-12-25 06:00:00,253.0048
2024-12-25 10:00:00,106.73578
2024-12-25 13:00:00,159.61742
2024-12-25 14:00:00,150.45662
2024-12-25 14:00:00,107.418755
2024-12-25 16:00:00,318.44162
2024-12-25 16:00:00,293.23083
2024-12-25 23:00:00,53.502934
2024-12-26 01:00:00,14.227796
2024-12-26 01:00:00,-2.4287386
2024-12-26 02:00:00,11.759485
2024-12-26 05:00:00,121.6727
2024-12-26 07:00:00,175.49112
2024-12-26 10:00:00,250.50757
2024-12-26 12:00:00,148.17155
2024-12-26 13:00:00,164.97093
2024-12-26 15:00:00,132.83784
2024-12-26 17:00:00,438.7039
2024-12-26 22:00:00,76.812874
2024-12-26 22:00:00,101.42803
2024-12-27 00:00:00,33.686638
2024-12-27 01:00:00,8.016962
2024-12-27 07:00:00,238.25673
2024-12-27 08:00:00,192.20761
2024-12-27 08:00:00,73.36439
2024-12-27 09:00:00,155.09169
2024-12-27 11:00:00,112.27771
2024-12-27 13:00:00,297.22403
2024-12-27 18:00:00,238.1147
2024-12-27 18:00:00,183.91158
2024-12-27 19:00:00,152.2665
2024-12-27 19:00:00,133.00829
2024-12-27 19:00:00,119.03943
2024-12-28 01:00:00,30.06209
2024-12-28 02:00:00,19.661325
2024-12-28 03:00:00,11.293027
2024-12-28 04:00:00,10.573329
2024-12-28 06:00:00,30.885979
2024-12-28 06:00:00,87.96732
2024-12-28 08:00:00,35.652447
2024-12-28 10:00:00,93.11888
2024-12-28 12:00:00,110.65013
2024-12-28 13:00:00,540.36194
2024-12-28 15:00:00,542.38574
2024-12-28 18:00:00,432.15414
2024-12-28 21:00:00,128.66791
2024-12-28 22:00:00,116.256775
2024-12-28 23:00:00,94.2586
2024-12-28 23:00:00,154.99324
2024-12-29 00:00:00,48.013622
2024-12-29 01:00:00,-3.9576738
2024-12-29 01:00:00,30.982685
2024-12-29 02:00:00,44.644173
2024-12-29 04:00:00,14.600571
2024-12-29 06:00:00,24.167963
2024-12-29 07:00:00,31.558847
2024-12-29 09:00:00,53.92215
2024-12-29 09:00:00,118.81187
2024-12-29 10:00:00,363.55215
2024-12-29 10:00:00,71.55651
2024-12-29 14:00:00,447.79584
2024-12-29 15:00:00,103.489815
2024-12-29 17:00:00,89.13184
2024-12-29 18:00:00,89.48035
2024-12-29 19:00:00,91.97018
2024-12-29 20:00:00,67.43249
2024-12-29 21:00:00,75.97172
2024-12-29 22:00:00,65.60362
2024-12-29 22:00:00,44.337864
2024-12-30 01:00:00,9.310624
2024-12-30 03:00:00,-3.0332668
2024-12-30 03:00:00,-5.5391226
2024-12-30 03:00:00,-3.1652274
2024-12-30 06:00:00,74.83122
2024-12-30 06:00:00,226.8861
2024-12-30 07:00:00,74.83434
2024-12-30 10:00:00,130.30794
2024-12-30 10:00:00,90.53778
2024-12-30 10:00:00,80.50283
2024-12-30 11:00:00,437.64685
2024-12-30 13:00:00,132.22362
2024-12-30 14:00:00,130.23247
2024-12-30 15:00:00,142.61621
2024-12-30 15:00:00,157.49597
2024-12-30 15:00:00,98.34282
2024-12-30 17:00:00,122.76689
2024-12-30 23:00:00,31.18366
2024-12-31 05:00:00,17.222515
2024-12-31 05:00:00,118.77334
2024-12-31 08:00:00,584.8025
2024-12-31 09:00:00,72.08465
2024-12-31 11:00:00,472.19522
2024-12-31 12:00:00,150.29013
2024-12-31 13:00:00,153.74847
2024-12-31 15:00:00,210.9535
2024-12-31 16:00:00,162.01096
2024-12-31 17:00:00,442.39444
2024-12-31 19:00:00,310.21597
2024-12-31 20:00:00,105.56748
2024-12-31 21:00:00,88.95781
2024-12-31 23:00:00,69.939064
2024-12-31 23:00:00,61.683384
2025-01-01 04:00:00,30.094042
2025-01-01 05:00:00,58.433052
2025-01-01 08:00:00,182.74661
2025-01-01 12:00:00,112.35492
2025-01-01 12:00:00,171.23004
2025-01-01 12:00:00,466.1498
2025-01-01 13:00:00,466.1498
2025-01-01 14:00:00,489.1801
2025-01-01 14:00:00,126.85348
2025-01-01 14:00:00,310.08792
2025-01-01 16:00:00,265.03134
2025-01-01 18:00:00,222.87794
2025-01-01 18:00:00,217.67346
2025-01-01 19:00:00,127.21554
2025-01-01 20:00:00,345.27374
2025-01-02 03:00:00,27.738525
2025-01-02 03:00:00,8.461747
2025-01-02 06:00:00,61.758797
2025-01-02 07:00:00,189.0918
2025-01-02 08:00:00,507.26297
2025-01-02 08:00:00,186.00542
2025-01-02 08:00:00,287.69537
2025-01-02 10:00:00,103.005165
2025-01-02 10:00:00,101.8972
2025-01-02 13:00:00,294.35043
2025-01-02 15:00:00,149.5932
2025-01-02 15:00:00,374.17484
2025-01-02 17:00:00,393.50525
2025-01-02 17:00:00,265.82034
2025-01-02 18:00:00,160.09099
2025-01-02 18:00:00,188.50195
2025-01-02 20:00:00,92.889626
2025-01-02 20:00:00,65.08847
2025-01-02 20:00:00,343.04825
2025-01-02 21:00:00,85.15029
2025-01-02 21:00:00,79.20748
2025-01-02 22:00:00,60.964027
2025-01-03 00:00:00,18.720036
2025-01-03 02:00:00,-1.7613649
2025-01-03 03:00:00,6.822372
2025-01-03 05:00:00,30.067278
2025-01-03 06:00:00,50.03849
2025-01-03 07:00:00,136.28468
2025-01-03 08:00:00,234.73701
2025-01-03 09:00:00,173.98094
2025-01-03 09:00:00,146.08617
2025-01-03 12:00:00,129.74675
2025-01-03 14:00:00,116.16239
2025-01-03 15:00:00,164.24419
2025-01-03 16:00:00,150.55496
2025-01-03 17:00:00,399.48074
2025-01-03 18:00:00,156.24187
2025-01-03 19:00:00,127.86221
2025-01-03 20:00:00,92.000244
2025-01-03 22:00:00,76.64802
2025-01-03 23:00:00,41.11459
2025-01-03 23:00:00,73.25056
2025-01-03 23:00:00,71.46483
2025-01-04 02:00:00,13.308312
2025-01-04 03:00:00,19.241543
2025-01-04 04:00:00,18.936413
2025-01-04 09:00:00,130.10411
2025-01-04 10:00:00,116.50282
2025-01-04 12:00:00,107.252304
2025-01-04 13:00:00,182.72
2025-01-04 14:00:00,107.730125
2025-01-04 15:00:00,196.09042
2025-01-04 15:00:00,159.27432
2025-01-04 16:00:00,317.5211
2025-01-04 17:00:00,162.43942
2025-01-04 20:00:00,109.792595
2025-01-04 21:00:00,140.05782
2025-01-04 23:00:00,76.22022
2025-01-04 23:00:00,63.872784
2025-01-05 00:00:00,57.33859
2025-01-05 01:00:00,36.927
2025-01-05 02:00:00,47.41416
2025-01-05 03:00:00,14.427063
2025-01-05 03:00:00,39.779175
2025-01-05 04:00:00,21.627155
2025-01-05 09:00:00,167.10455
2025-01-05 09:00:00,120.06527
2025-01-05 10:00:00,60.408054
2025-01-05 12:00:00,100.90295
2025-01-05 12:00:00,173.83397
2025-01-05 14:00:00,174.89189
2025-01-05 17:00:00,186.70334
2025-01-05 17:00:00,168.85822
2025-01-05 17:00:00,100.73776
2025-01-05 18:00:00,132.78137
2025-01-05 18:00:00,395.48312
2025-01-05 19:00:00,118.95176
2025-01-05 20:00:00,165.8953
2025-01-05 21:00:00,84.78385
2025-01-05 22:00:00,70.91488
2025-01-06 00:00:00,22.01921
2025-01-06 02:00:00,5.9911127
2025-01-06 02:00:00,11.563447
2025-01-06 03:00:00,20.354864
2025-01-06 07:00:00,161.609
2025-01-06 08:00:00,272.60007
2025-01-06 10:00:00,88.78185
2025-01-06 10:00:00,95.93099
2025-01-06 13:00:00,92.97342
2025-01-06 15:00:00,146.44618
2025-01-06 16:00:00,156.09235
2025-01-06 16:00:00,459.6929
2025-01-06 16:00:00,370.42206
2025-01-06 17:00:00,167.85078
2025-01-06 20:00:00,63.742455
2025-01-06 21:00:00,64.32422
2025-01-07 00:00:00,23.207273
2025-01-07 02:00:00,35.066826
2025-01-07 03:00:00,11.301271
2025-01-07 05:00:00,21.958767
2025-01-07 10:00:00,145.17389
2025-01-07 12:00:00,288.33902
2025-01-07 14:00:00,131.26035
2025-01-07 18:00:00,396.69696
2025-01-07 18:00:00,224.98817
2025-01-07 20:00:00,97.9745
2025-01-07 22:00:00,85.84663
2025-01-08 01:00:00,66.31416
2025-01-08 02:00:00,10.617065
2025-01-08 04:00:00,8.811913
2025-01-08 04:00:00,9.33507
2025-01-08 05:00:00,73.265564
2025-01-08 05:00:00,106.34429
2025-01-08 08:00:00,76.80644
2025-01-08 10:00:00,113.11279
2025-01-08 10:00:00,106.83976
2025-01-08 10:00:00,467.2107
2025-01-08 11:00:00,156.52142
2025-01-08 12:00:00,156.52142
2025-01-08 13:00:00,154.99008
2025-01-08 13:00:00,104.97004
2025-01-08 14:00:00,519.21246
2025-01-08 17:00:00,409.08356
2025-01-08 17:00:00,203.74524
2025-01-08 18:00:00,175.03674
2025-01-08 19:00:00,120.647316
2025-01-08 19:00:00,221.48276
2025-01-08 21:00:00,99.398056
2025-01-08 22:00:00,69.90764
2025-01-09 01:00:00,45.074844
2025-01-09 05:00:00,108.97469
2025-01-09 07:00:00,128.01363
2025-01-09 08:00:00,111.03425
2025-01-09 09:00:00,510.9446
2025-01-09 12:00:00,161.06657
2025-01-09 13:00:00,109.31577
2025-01-09 15:00:00,168.53087
2025-01-09 17:00:00,195.74551
2025-01-09 18:00:00,158.67087
2025-01-09 18:00:00,175.03674
2025-01-09 18:00:00,226.8598
2025-01-09 18:00:00,202.16876
2025-01-09 21:00:00,95.993385
2025-01-09 22:00:00,96.14708
2025-01-09 22:00:00,51.564156
2025-01-10 03:00:00,7.7732816
2025-01-10 04:00:00,0.6677239
2025-01-10 07:00:00,31.453049
2025-01-10 10:00:00,110.86248
2025-01-10 13:00:00,134.89279
2025-01-10 14:00:00,169.8519
2025-01-10 16:00:00,136.60883
2025-01-10 17:00:00,387.615
2025-01-10 17:00:00,373.6696
2025-01-10 18:00:00,136.66843
2025-01-10 18:00:00,162.90587
2025-01-10 19:00:00,112.433716
2025-01-10 21:00:00,92.24233
2025-01-11 00:00:00,50.188007
2025-01-11 00:00:00,47.15387
2025-01-11 03:00:00,26.54276
2025-01-11 03:00:00,19.307753
2025-01-11 03:00:00,45.32643
2025-01-11 05:00:00,14.296056
2025-01-11 05:00:00,42.229805
2025-01-11 06:00:00,37.618553
2025-01-11 07:00:00,26.032684
2025-01-11 08:00:00,40.911224
2025-01-11 10:00:00,153.79596
2025-01-11 10:00:00,458.10162
2025-01-11 12:00:00,172.83447
2025-01-11 12:00:00,108.794945
2025-01-11 12:00:00,100.059906
2025-01-11 13:00:00,122.41308
2025-01-11 16:00:00,133.81102
2025-01-11 18:00:00,156.96193
2025-01-11 19:00:00,96.109344
2025-01-12 02:00:00,38.031345
2025-01-12 02:00:00,14.1651125
2025-01-12 03:00:00,4.411685
2025-01-12 04:00:00,5.247131
2025-01-12 05:00:00,24.800446
2025-01-12 06:00:00,-1.2553648
2025-01-12 07:00:00,-11.279718
2025-01-12 09:00:00,18.110353
2025-01-12 10:00:00,362.2698
2025-01-12 10:00:00,141.97589
2025-01-12 10:00:00,39.064262
2025-01-12 10:00:00,90.50147
2025-01-12 11:00:00,164.63956
2025-01-12 11:00:00,417.94186
2025-01-12 12:00:00,100.847786
2025-01-12 13:00:00,454.16034
2025-01-12 14:00:00,461.13242
2025-01-12 14:00:00,108.031685
2025-01-12 15:00:00,191.22937
2025-01-12 18:00:00,116.80914
2025-01-13 02:00:00,-6.8764677
2025-01-13 04:00:00,-11.767449
2025-01-13 05:00:00,0.045919687
2025-01-13 07:00:00,44.379623
2025-01-13 07:00:00,32.868183
2025-01-13 09:00:00,65.5702
2025-01-13 10:00:00,110.1354
2025-01-13 11:00:00,96.846504
2025-01-13 12:00:00,98.222336
2025-01-13 15:00:00,184.22464
2025-01-13 16:00:00,232.30069
2025-01-13 17:00:00,269.10187
2025-01-13 19:00:00,107.85422
2025-01-13 20:00:00,256.95917
2025-01-13 20:00:00,126.83073
2025-01-13 21:00:00,72.225174
2025-01-14 00:00:00,10.8337555
2025-01-14 01:00:00,2.3268957
2025-01-14 04:00:00,-8.577991
2025-01-14 05:00:00,55.067497
2025-01-14 07:00:00,267.45023
2025-01-14 07:00:00,48.170517
2025-01-14 08:00:00,59.097755
2025-01-14 09:00:00,213.95325
2025-01-14 09:00:00,52.17943
2025-01-14 10:00:00,432.7155
2025-01-14 10:00:00,129.98479
2025-01-14 13:00:00,106.36049
2025-01-14 13:00:00,139.06369
2025-01-14 15:00:00,482.21103
2025-01-14 15:00:00,210.68219
2025-01-14 15:00:00,191.97493
2025-01-14 16:00:00,199.38193
2025-01-14 18:00:00,178.96738
2025-01-14 18:00:00,240.64319
2025-01-14 21:00:00,128.35916
2025-01-14 21:00:00,80.47479
2025-01-15 00:00:00,-3.5436785
2025-01-15 01:00:00,-3.1760314
2025-01-15 04:00:00,-5.908259
2025-01-15 04:00:00,-10.978998
2025-01-15 05:00:00,2.026894
2025-01-15 10:00:00,96.63488
2025-01-15 10:00:00,479.0847
2025-01-15 11:00:00,115.539314
2025-01-15 11:00:00,146.26422
2025-01-15 12:00:00,157.98767
2025-01-15 13:00:00,103.67066
2025-01-15 13:00:00,155.47536
2025-01-15 18:00:00,330.00812
2025-01-15 23:00:00,44.39422
2025-01-16 00:00:00,9.149412
2025-01-16 03:00:00,-4.6388097
2025-01-16 05:00:00,31.185362
2025-01-16 05:00:00,21.100183
2025-01-16 06:00:00,284.45084
2025-01-16 07:00:00,52.244183
2025-01-16 09:00:00,88.76333
2025-01-16 11:00:00,115.425
2025-01-16 15:00:00,177.59909
2025-01-16 17:00:00,151.48938
2025-01-16 18:00:00,332.86053
2025-01-16 19:00:00,129.99837
2025-01-16 19:00:00,103.67663
2025-01-16 22:00:00,105.92026
2025-01-16 23:00:00,28.219181
2025-01-17 01:00:00,47.439613
2025-01-17 04:00:00,-11.095074
2025-01-17 05:00:00,5.4181585
2025-01-17 09:00:00,170.15865
2025-01-17 11:00:00,87.68009
2025-01-17 13:00:00,124.52341
2025-01-17 20:00:00,87.52811
2025-01-17 21:00:00,100.891235
2025-01-17 23:00:00,61.030464
2025-01-18 02:00:00,7.593062
2025-01-18 03:00:00,-4.192647
2025-01-18 03:00:00,10.905405
2025-01-18 03:00:00,-0.08064151
2025-01-18 05:00:00,21.37478
2025-01-18 08:00:00,67.27813
2025-01-18 12:00:00,526.0149
2025-01-18 12:00:00,156.27063
2025-01-18 14:00:00,124.33583
2025-01-18 14:00:00,102.02945
2025-01-18 22:00:00,86.10101
2025-01-19 02:00:00,15.604533
2025-01-19 05:00:00,4.866929
2025-01-19 05:00:00,4.540638
2025-01-19 06:00:00,4.4022098
2025-01-19 06:00:00,12.302539
2025-01-19 07:00:00,68.98801
2025-01-19 14:00:00,104.9446
2025-01-19 14:00:00,106.43426
2025-01-19 15:00:00,121.468445
2025-01-19 17:00:00,148.25479
2025-01-19 17:00:00,118.98574
2025-01-19 20:00:00,337.61273
2025-01-19 22:00:00,50.451942
2025-01-19 23:00:00,36.823906
2025-01-20 00:00:00,27.606491
2025-01-20 00:00:00,56.618317
2025-01-20 02:00:00,12.153789
2025-01-20 02:00:00,15.150356
2025-01-20 03:00:00,27.620228
2025-01-20 03:00:00,12.662376
2025-01-20 04:00:00,13.839876
2025-01-20 08:00:00,104.55813
2025-01-20 09:00:00,498.5352
2025-01-20 10:00:00,116.32141
2025-01-20 11:00:00,274.7382
2025-01-20 11:00:00,170.63979
2025-01-20 14:00:00,114.87112
2025-01-20 14:00:00,143.23566
2025-01-20 17:00:00,217.80873
2025-01-20 18:00:00,220.27957
2025-01-20 19:00:00,225.46231
2025-01-20 21:00:00,82.282364
2025-01-21 00:00:00,27.741434
2025-01-21 01:00:00,21.628595
2025-01-21 02:00:00,11.275661
2025-01-21 03:00:00,11.464537
2025-01-21 04:00:00,11.106492
2025-01-21 04:00:00,37.833313
2025-01-21 05:00:00,46.493057
2025-01-21 06:00:00,167.54831
2025-01-21 07:00:00,321.12738
2025-01-21 07:00:00,625.5662
2025-01-21 10:00:00,156.67532
2025-01-21 14:00:00,554.3255
2025-01-21 15:00:00,234.94724
2025-01-21 20:00:00,184.28049
2025-01-21 20:00:00,114.4053
2025-01-21 20:00:00,123.245605
2025-01-21 21:00:00,75.10022
2025-01-22 01:00:00,20.069906
2025-01-22 03:00:00,19.183226
2025-01-22 03:00:00,11.352383
2025-01-22 04:00:00,27.45162
2025-01-22 05:00:00,21.657614
2025-01-22 06:00:00,129.54724
2025-01-22 09:00:00,86.94051
2025-01-22 09:00:00,245.07013
2025-01-22 11:00:00,163.67899
2025-01-22 13:00:00,153.75839
2025-01-22 14:00:00,180.67972
2025-01-22 15:00:00,239.77905
2025-01-22 16:00:00,449.47498
2025-01-22 17:00:00,230.70236
2025-01-22 17:00:00,353.15033
2025-01-22 22:00:00,78.91059
2025-01-22 23:00:00,64.07199
2025-01-22 23:00:00,59.86068
2025-01-23 02:00:00,26.891977
2025-01-23 03:00:00,20.65027
2025-01-23 04:00:00,14.179828
2025-01-23 04:00:00,12.449626
2025-01-23 09:00:00,251.81564
2025-01-23 11:00:00,183.67268
2025-01-23 11:00:00,557.53094
2025-01-23 13:00:00,168.94482
2025-01-23 14:00:00,195.35847
2025-01-23 14:00:00,185.02296
2025-01-23 15:00:00,207.81816
2025-01-23 16:00:00,235.88643
2025-01-23 18:00:00,240.15498
2025-01-23 20:00:00,130.28136
2025-01-23 22:00:00,66.44215
2025-01-23 22:00:00,94.29437
2025-01-24 00:00:00,25.875193
2025-01-24 01:00:00,13.720834
2025-01-24 02:00:00,8.618788
2025-01-24 03:00:00,18.935448
2025-01-24 04:00:00,8.013493
2025-01-24 06:00:00,86.0485
2025-01-24 09:00:00,77.33735
2025-01-24 12:00:00,167.26506
2025-01-24 14:00:00,192.53705
2025-01-24 17:00:00,434.0708
2025-01-24 19:00:00,96.289375
2025-01-25 01:00:00,34.637054
2025-01-25 01:00:00,39.67812
2025-01-25 04:00:00,27.076824
2025-01-25 07:00:00,49.33145
2025-01-25 09:00:00,129.45534
2025-01-25 10:00:00,184.74579
2025-01-25 11:00:00,334.97296
2025-01-25 11:00:00,131.88959
2025-01-25 12:00:00,160.82317
2025-01-25 12:00:00,348.53964
2025-01-25 13:00:00,190.82413
2025-01-25 16:00:00,180.0578
2025-01-25 16:00:00,205.64062
2025-01-25 18:00:00,120.47748
2025-01-25 19:00:00,114.18438
2025-01-25 20:00:00,187.69856
2025-01-25 23:00:00,80.09899
2025-01-26 02:00:00,32.298252
2025-01-26 04:00:00,21.244501
2025-01-26 04:00:00,21.933094
2025-01-26 05:00:00,48.448017
2025-01-26 06:00:00,28.651855
2025-01-26 07:00:00,34.68316
2025-01-26 07:00:00,97.558846
2025-01-26 09:00:00,54.69623
2025-01-26 16:00:00,124.2247
2025-01-26 17:00:00,180.34253
2025-01-26 18:00:00,413.07388
2025-01-26 18:00:00,102.41006
2025-01-26 18:00:00,135.18915
2025-01-26 19:00:00,363.9758
2025-01-26 20:00:00,104.9145
2025-01-26 23:00:00,53.935917
2025-01-26 23:00:00,46.593815
2025-01-27 04:00:00,8.920521
2025-01-27 05:00:00,13.173606
2025-01-27 05:00:00,17.327597
2025-01-27 07:00:00,79.90285
2025-01-27 08:00:00,159.18219
2025-01-27 08:00:00,384.67303
2025-01-27 08:00:00,115.02574
2025-01-27 10:00:00,259.10706
2025-01-27 10:00:00,151.79558
2025-01-27 11:00:00,169.71672
2025-01-27 12:00:00,127.60454
2025-01-27 13:00:00,292.6332
2025-01-27 13:00:00,142.31516
2025-01-27 15:00:00,122.4944
2025-01-27 16:00:00,204.70355
2025-01-27 16:00:00,475.6168
2025-01-27 17:00:00,209.14865
2025-01-27 18:00:00,160.1562
2025-01-27 19:00:00,136.23633
2025-01-27 23:00:00,51.792164
2025-01-28 04:00:00,12.837894
2025-01-28 05:00:00,48.254253
2025-01-28 07:00:00,138.23775
2025-01-28 09:00:00,167.5058
2025-01-28 12:00:00,308.6559
2025-01-28 12:00:00,161.89421
2025-01-28 13:00:00,175.45973
2025-01-28 14:00:00,148.19316
2025-01-28 17:00:00,315.5454
2025-01-28 17:00:00,154.13979
2025-01-28 18:00:00,182.85889
2025-01-28 20:00:00,79.16861
2025-01-28 22:00:00,94.63795
2025-01-28 22:00:00,73.92053
2025-01-29 00:00:00,34.892487
2025-01-29 03:00:00,13.258751
2025-01-29 03:00:00,24.235912
2025-01-29 08:00:00,123.99178
2025-01-29 12:00:00,146.46948
2025-01-29 13:00:00,171.93513
2025-01-29 14:00:00,174.17033
2025-01-29 15:00:00,211.66522
2025-01-29 15:00:00,234.17609
2025-01-29 15:00:00,175.39409
2025-01-29 15:00:00,193.50664
2025-01-29 17:00:00,398.80606
2025-01-29 18:00:00,256.3964
2025-01-29 20:00:00,133.8969
2025-01-30 00:00:00,35.17094
2025-01-30 02:00:00,17.79586
2025-01-30 03:00:00,21.843548
2025-01-30 03:00:00,14.121003
2025-01-30 04:00:00,14.162459
2025-01-30 05:00:00,22.555374
2025-01-30 09:00:00,114.21263
2025-01-30 09:00:00,540.8931
2025-01-30 10:00:00,127.199585
2025-01-30 14:00:00,192.48404
2025-01-30 16:00:00,202.72845
2025-01-30 18:00:00,190.73323
2025-01-30 20:00:00,117.04239
2025-01-30 21:00:00,120.70831
2025-01-30 22:00:00,65.67636
2025-01-30 23:00:00,71.49026
2025-01-31 00:00:00,24.305601
2025-01-31 00:00:00,27.806274
2025-01-31 01:00:00,24.783638
2025-01-31 02:00:00,51.93535
2025-01-31 03:00:00,7.0498323
2025-01-31 04:00:00,47.871105
2025-01-31 05:00:00,44.865818
2025-01-31 06:00:00,97.45681
2025-01-31 07:00:00,60.250393
2025-01-31 08:00:00,311.47778
2025-01-31 09:00:00,223.43909
2025-01-31 09:00:00,200.74828
2025-01-31 11:00:00,88.688644
2025-01-31 13:00:00,517.6157
2025-01-31 15:00:00,178.16357
2025-01-31 15:00:00,228.30505
2025-01-31 18:00:00,196.33748
2025-01-31 19:00:00,130.3322
2025-01-31 20:00:00,126.16583
2025-01-31 20:00:00,94.705025
2025-01-31 22:00:00,73.30103
2025-02-01 02:00:00,43.917503
2025-02-01 06:00:00,25.045418
2025-02-01 08:00:00,112.33111
2025-02-01 12:00:00,359.8659
2025-02-01 13:00:00,359.8659
2025-02-01 13:00:00,211.03763
2025-02-01 14:00:00,199.98901
2025-02-01 17:00:00,173.31165
2025-02-01 20:00:00,128.73447
2025-02-01 21:00:00,120.40237
2025-02-01 21:00:00,155.97289
2025-02-01 23:00:00,68.45041
2025-02-01 23:00:00,105.60483
2025-02-01 23:00:00,95.788445
2025-02-01 23:00:00,83.007256
2025-02-02 00:00:00,66.40928
2025-02-02 01:00:00,44.316856
2025-02-02 02:00:00,42.569675
2025-02-02 02:00:00,29.215912
2025-02-02 03:00:00,37.248295
2025-02-02 04:00:00,18.306856
2025-02-02 05:00:00,68.197205
2025-02-02 05:00:00,17.588907
2025-02-02 08:00:00,79.21641
2025-02-02 08:00:00,47.976387
2025-02-02 08:00:00,32.768818
2025-02-02 09:00:00,115.25745
2025-02-02 10:00:00,151.38503
2025-02-02 11:00:00,122.361946
2025-02-02 13:00:00,141.21521
2025-02-02 13:00:00,137.8641
2025-02-02 15:00:00,217.45854
2025-02-02 17:00:00,496.77927
2025-02-02 18:00:00,234.29451
2025-02-02 22:00:00,47.954323
2025-02-03 00:00:00,16.638472
2025-02-03 00:00:00,22.956627
2025-02-03 01:00:00,13.306673
2025-02-03 03:00:00,14.525391
2025-02-03 03:00:00,5.5915837
2025-02-03 03:00:00,4.6046667
2025-02-03 05:00:00,14.383639
2025-02-03 06:00:00,57.889618
2025-02-03 06:00:00,99.80242
2025-02-03 10:00:00,100.49197
2025-02-03 12:00:00,179.59793
2025-02-03 12:00:00,127.61437
2025-02-03 13:00:00,99.3325
2025-02-03 19:00:00,332.07214
2025-02-03 21:00:00,273.89615
2025-02-03 23:00:00,106.743324
2025-02-04 00:00:00,21.582258
2025-02-04 00:00:00,76.92693
2025-02-04 00:00:00,13.091486
2025-02-04 01:00:00,11.667049
2025-02-04 02:00:00,59.783855
2025-02-04 03:00:00,4.9086947
2025-02-04 04:00:00,13.339494
2025-02-04 04:00:00,17.789782
2025-02-04 07:00:00,346.37216
2025-02-04 07:00:00,217.61641
2025-02-04 08:00:00,211.89702
2025-02-04 08:00:00,751.1553
2025-02-04 08:00:00,82.76414
2025-02-04 09:00:00,138.38763
2025-02-04 10:00:00,483.03125
2025-02-04 10:00:00,177.83418
2025-02-04 11:00:00,143.21355
2025-02-04 11:00:00,154.3207
2025-02-04 12:00:00,198.81258
2025-02-04 14:00:00,328.64355
2025-02-04 19:00:00,138.90865
2025-02-04 22:00:00,75.611015
2025-02-04 22:00:00,80.86581
2025-02-05 01:00:00,7.863788
2025-02-05 03:00:00,16.9027
2025-02-05 04:00:00,21.49018
2025-02-05 07:00:00,145.17252
2025-02-05 08:00:00,222.0676
2025-02-05 14:00:00,191.68416
2025-02-05 16:00:00,299.5872
2025-02-05 16:00:00,194.95776
2025-02-05 17:00:00,234.79147
2025-02-05 17:00:00,159.9159
2025-02-05 20:00:00,191.85109
2025-02-05 22:00:00,81.42989
2025-02-05 23:00:00,115.36694
2025-02-06 01:00:00,13.744309
2025-02-06 01:00:00,13.663205
2025-02-06 02:00:00,8.613551
2025-02-06 03:00:00,9.175045
2025-02-06 03:00:00,8.102973
2025-02-06 05:00:00,121.437164
2025-02-06 05:00:00,13.476351
2025-02-06 06:00:00,87.798874
2025-02-06 07:00:00,228.63225
2025-02-06 09:00:00,146.27005
2025-02-06 09:00:00,84.29961
2025-02-06 09:00:00,271.64648
2025-02-06 12:00:00,150.24677
2025-02-06 14:00:00,337.1497
2025-02-06 16:00:00,449.449
2025-02-06 17:00:00,450.4623
2025-02-06 17:00:00,403.79584
2025-02-06 20:00:00,106.76806
2025-02-06 20:00:00,358.68216
2025-02-06 21:00:00,121.18125
2025-02-06 21:00:00,115.86159
2025-02-07 03:00:00,9.614989
2025-02-07 04:00:00,21.666956
2025-02-07 05:00:00,16.45171
2025-02-07 06:00:00,129.90152
2025-02-07 09:00:00,224.92818
2025-02-07 09:00:00,119.32174
2025-02-07 09:00:00,249.65108
2025-02-07 10:00:00,127.70235
2025-02-07 11:00:00,109.3043
2025-02-07 12:00:00,127.80534
2025-02-07 15:00:00,213.80002
2025-02-07 16:00:00,240.9467
2025-02-07 19:00:00,235.68675
2025-02-07 19:00:00,149.2129
2025-02-07 21:00:00,119.31302
2025-02-07 21:00:00,317.87537
2025-02-07 22:00:00,104.73677
2025-02-07 22:00:00,73.225006
2025-02-07 23:00:00,93.6477
2025-02-08 03:00:00,20.252184
2025-02-08 04:00:00,27.99556
2025-02-08 04:00:00,18.957184
2025-02-08 05:00:00,30.282099
2025-02-08 07:00:00,65.107605
2025-02-08 09:00:00,159.59906
2025-02-08 09:00:00,496.86237
2025-02-08 10:00:00,171.25487
2025-02-08 12:00:00,360.60294
2025-02-08 12:00:00,579.50073
2025-02-08 12:00:00,151.8808
2025-02-08 15:00:00,172.35828
2025-02-08 15:00:00,364.88666
2025-02-08 15:00:00,153.85382
2025-02-08 16:00:00,212.81944
2025-02-08 16:00:00,182.24023
2025-02-08 17:00:00,134.96768
2025-02-08 17:00:00,206.80237
2025-02-08 18:00:00,273.34137
2025-02-08 20:00:00,125.16342
2025-02-08 20:00:00,124.74107
2025-02-08 21:00:00,107.09765
2025-02-08 21:00:00,156.47426
2025-02-08 21:00:00,88.20866
2025-02-08 22:00:00,78.75638
2025-02-09 00:00:00,34.35906
2025-02-09 00:00:00,62.59426
2025-02-09 01:00:00,36.244095
2025-02-09 02:00:00,24.328125
2025-02-09 04:00:00,17.75189
2025-02-09 06:00:00,32.098625
2025-02-09 07:00:00,55.588024
2025-02-09 07:00:00,32.26327
2025-02-09 10:00:00,151.3703
2025-02-09 11:00:00,111.14363
2025-02-09 12:00:00,186.94922
2025-02-09 13:00:00,146.01262
2025-02-09 13:00:00,152.81041
2025-02-09 14:00:00,123.06583
2025-02-09 23:00:00,40.39151
2025-02-10 02:00:00,34.809322
2025-02-10 03:00:00,9.579029
2025-02-10 06:00:00,46.1873
2025-02-10 08:00:00,450.3526
2025-02-10 09:00:00,105.23977
2025-02-10 10:00:00,109.087685
2025-02-10 12:00:00,282.58154
2025-02-10 14:00:00,105.103516
2025-02-10 16:00:00,151.68939
2025-02-10 18:00:00,225.76726
2025-02-10 19:00:00,213.56512
2025-02-10 22:00:00,58.807384
2025-02-10 22:00:00,154.78902
2025-02-10 22:00:00,81.428535
2025-02-10 23:00:00,45.531055
2025-02-10 23:00:00,51.04862
2025-02-11 06:00:00,180.72655
2025-02-11 06:00:00,89.651474
2025-02-11 09:00:00,119.33711
2025-02-11 10:00:00,152.45125
2025-02-11 12:00:00,166.30898
2025-02-11 12:00:00,180.86418
2025-02-11 13:00:00,114.70444
2025-02-11 14:00:00,186.80113
2025-02-11 17:00:00,208.41383
2025-02-11 20:00:00,106.76477
2025-02-11 22:00:00,74.41761
2025-02-12 00:00:00,62.8631
2025-02-12 02:00:00,10.079867
2025-02-12 03:00:00,17.249561
2025-02-12 03:00:00,11.910355
2025-02-12 03:00:00,13.554463
2025-02-12 05:00:00,16.579296
2025-02-12 07:00:00,88.37035
2025-02-12 10:00:00,151.73344
2025-02-12 12:00:00,209.7005
2025-02-12 12:00:00,305.81198
2025-02-12 14:00:00,156.33942
2025-02-12 15:00:00,200.25394
2025-02-12 22:00:00,84.22384
2025-02-12 23:00:00,59.71677
2025-02-12 23:00:00,58.513454
2025-02-13 03:00:00,12.257804
2025-02-13 04:00:00,12.315073
2025-02-13 08:00:00,95.686485
2025-02-13 09:00:00,588.5426
2025-02-13 11:00:00,186.05836
2025-02-13 13:00:00,184.06696
2025-02-13 18:00:00,197.76642
2025-02-13 18:00:00,198.74048
2025-02-13 19:00:00,151.77502
2025-02-13 19:00:00,137.96286
2025-02-13 20:00:00,84.049675
2025-02-13 22:00:00,108.55972
2025-02-14 03:00:00,22.591433
2025-02-14 06:00:00,55.557194
2025-02-14 08:00:00,229.47833
2025-02-14 08:00:00,108.85535
2025-02-14 09:00:00,147.95193
2025-02-14 09:00:00,573.8336
2025-02-14 12:00:00,138.69017
2025-02-14 13:00:00,157.23502
2025-02-14 14:00:00,580.66034
2025-02-14 15:00:00,254.94934
2025-02-14 16:00:00,452.31085
2025-02-14 18:00:00,451.89737
2025-02-14 18:00:00,332.49512
2025-02-14 20:00:00,145.7005
2025-02-15 00:00:00,53.656296
2025-02-15 06:00:00,23.581713
2025-02-15 06:00:00,32.733307
2025-02-15 09:00:00,514.6871
2025-02-15 11:00:00,142.2525
2025-02-15 11:00:00,143.86795
2025-02-15 12:00:00,202.95386
2025-02-15 12:00:00,184.66661
2025-02-15 16:00:00,580.9835
2025-02-15 16:00:00,186.94524
2025-02-15 16:00:00,146.2078
2025-02-15 17:00:00,130.78497
2025-02-15 22:00:00,100.304955
2025-02-15 23:00:00,173.83601
2025-02-16 02:00:00,24.27651
2025-02-16 03:00:00,38.709667
2025-02-16 03:00:00,24.86638
2025-02-16 04:00:00,19.219486
2025-02-16 07:00:00,32.923954
2025-02-16 07:00:00,157.29906
2025-02-16 11:00:00,328.8463
2025-02-16 13:00:00,563.5167
2025-02-16 14:00:00,190.52332
2025-02-16 14:00:00,152.71637
2025-02-16 14:00:00,123.65559
2025-02-16 15:00:00,213.44214
2025-02-16 16:00:00,551.24695
2025-02-16 18:00:00,136.40863
2025-02-16 18:00:00,250.7418
2025-02-16 18:00:00,153.59187
2025-02-16 19:00:00,116.3385
2025-02-16 20:00:00,107.992615
2025-02-16 21:00:00,82.95498
2025-02-17 00:00:00,20.25887
2025-02-17 01:00:00,10.621901
2025-02-17 02:00:00,9.54896
2025-02-17 03:00:00,38.50372
2025-02-17 09:00:00,110.03384
2025-02-17 13:00:00,167.6106
2025-02-17 14:00:00,154.6168
2025-02-17 15:00:00,178.97728
2025-02-17 20:00:00,315.2927
2025-02-17 22:00:00,41.407207
2025-02-17 22:00:00,61.02083
2025-02-17 23:00:00,49.560966
2025-02-18 00:00:00,28.398611
2025-02-18 04:00:00,20.306675
2025-02-18 04:00:00,37.339127
2025-02-18 06:00:00,183.57814
2025-02-18 11:00:00,181.22322
2025-02-18 11:00:00,158.55077
2025-02-18 12:00:00,307.54675
2025-02-18 13:00:00,191.03502
2025-02-18 14:00:00,169.69005
2025-02-18 14:00:00,159.65741
2025-02-18 15:00:00,186.68748
2025-02-18 15:00:00,559.0456
2025-02-18 18:00:00,250.80624
2025-02-18 18:00:00,215.94722
2025-02-18 19:00:00,141.46774
2025-02-18 20:00:00,115.337326
2025-02-18 22:00:00,79.87069
2025-02-20 00:00:00,23.595488
2025-02-20 02:00:00,12.192557
2025-02-20 03:00:00,11.877052
2025-02-20 04:00:00,12.112912
2025-02-20 05:00:00,17.3963
2025-02-20 06:00:00,161.2448
2025-02-20 06:00:00,106.230354
2025-02-20 07:00:00,250.77515
2025-02-20 07:00:00,91.48908
2025-02-20 08:00:00,97.26592
2025-02-20 11:00:00,135.40758
2025-02-20 13:00:00,183.17299
2025-02-20 14:00:00,186.31036
2025-02-20 15:00:00,190.80528
2025-02-20 15:00:00,209.26866
2025-02-20 19:00:00,101.66737
2025-02-20 19:00:00,167.40106
2025-02-20 21:00:00,106.705956
2025-02-20 23:00:00,130.79402
2025-02-21 00:00:00,52.744366
2025-02-21 02:00:00,16.315039
2025-02-21 04:00:00,14.217386
2025-02-21 07:00:00,250.10466
2025-02-21 08:00:00,95.17524
2025-02-21 08:00:00,420.93903
2025-02-21 09:00:00,151.65663
2025-02-21 10:00:00,278.89062
2025-02-21 11:00:00,298.03214
2025-02-21 14:00:00,208.15155
2025-02-21 15:00:00,191.61893
2025-02-21 16:00:00,214.65204
2025-02-21 17:00:00,168.58263
2025-02-21 18:00:00,206.1178
2025-02-21 18:00:00,199.94162
2025-02-21 20:00:00,201.9222
2025-02-21 22:00:00,106.3659
2025-02-21 22:00:00,101.93856
2025-02-22 00:00:00,60.444363
2025-02-22 01:00:00,28.940523
2025-02-22 02:00:00,35.451427
2025-02-22 02:00:00,42.58226
2025-02-22 03:00:00,21.486952
2025-02-22 03:00:00,16.351238
2025-02-22 04:00:00,13.38618
2025-02-22 05:00:00,15.554483
2025-02-22 05:00:00,15.1572895
2025-02-22 05:00:00,39.473236
2025-02-22 07:00:00,45.33185
2025-02-22 09:00:00,245.76675
2025-02-22 11:00:00,593.0117
2025-02-22 11:00:00,354.42798
2025-02-22 12:00:00,200.60602
2025-02-22 12:00:00,134.64806
2025-02-22 13:00:00,200.60602
2025-02-22 16:00:00,178.80954
2025-02-22 17:00:00,214.23921
2025-02-22 17:00:00,185.0571
2025-02-22 20:00:00,202.33374
2025-02-22 23:00:00,81.85857
2025-02-23 00:00:00,57.538277
2025-02-23 01:00:00,59.529827
2025-02-23 03:00:00,15.420916
2025-02-23 03:00:00,24.862988
2025-02-23 06:00:00,19.918531
2025-02-23 06:00:00,18.177895
2025-02-23 07:00:00,160.85805
2025-02-23 08:00:00,58.090126
2025-02-23 08:00:00,50.898354
2025-02-23 08:00:00,86.42801
2025-02-23 10:00:00,154.46178
2025-02-23 11:00:00,112.12369
2025-02-23 14:00:00,128.68547
2025-02-23 14:00:00,151.99472
2025-02-23 15:00:00,574.64044
2025-02-23 18:00:00,180.44667
2025-02-23 19:00:00,218.50511
2025-02-23 21:00:00,125.781235
2025-02-23 22:00:00,62.116344
2025-02-24 01:00:00,18.603682
2025-02-24 01:00:00,14.54369
2025-02-24 02:00:00,8.97068
2025-02-24 03:00:00,8.09794
2025-02-24 03:00:00,19.69565
2025-02-24 05:00:00,16.87516
2025-02-24 07:00:00,350.8006
2025-02-24 08:00:00,92.602585
2025-02-24 08:00:00,230.07253
2025-02-24 09:00:00,569.8532
2025-02-24 14:00:00,162.39107
2025-02-24 14:00:00,188.48293
2025-02-24 18:00:00,227.01993
2025-02-24 20:00:00,131.36769
2025-02-24 22:00:00,63.213547
2025-02-25 00:00:00,75.91906
2025-02-25 00:00:00,22.194088
2025-02-25 02:00:00,10.485917
2025-02-25 04:00:00,10.565333
2025-02-25 05:00:00,23.103714
2025-02-25 06:00:00,349.0521
2025-02-25 07:00:00,354.0973
2025-02-25 08:00:00,230.07497
2025-02-25 09:00:00,274.94708
2025-02-25 10:00:00,124.92187
2025-02-25 11:00:00,283.25604
2025-02-25 12:00:00,166.72215
2025-02-25 18:00:00,216.54166
2025-02-25 20:00:00,115.1031
2025-02-25 20:00:00,129.83798
2025-02-25 21:00:00,92.76587
2025-02-26 04:00:00,15.334097
2025-02-26 04:00:00,11.2141695
2025-02-26 04:00:00,11.466319
2025-02-26 05:00:00,32.24927
2025-02-26 09:00:00,148.57573
2025-02-26 09:00:00,195.27606
2025-02-26 12:00:00,547.2965
2025-02-26 12:00:00,129.99019
2025-02-26 14:00:00,569.03204
2025-02-26 16:00:00,467.3925
2025-02-26 16:00:00,316.32022
2025-02-26 17:00:00,468.4058
2025-02-26 18:00:00,352.96027
2025-02-26 18:00:00,274.30576
2025-02-26 18:00:00,413.24884
2025-02-26 19:00:00,165.91739
2025-02-26 23:00:00,59.415173
2025-02-27 02:00:00,57.72406
2025-02-27 03:00:00,9.373595
2025-02-27 03:00:00,11.227076
2025-02-27 04:00:00,11.383215
2025-02-27 07:00:00,89.949394
2025-02-27 07:00:00,379.57178
2025-02-27 08:00:00,93.455605
2025-02-27 08:00:00,503.76236
2025-02-27 08:00:00,802.3463
2025-02-27 09:00:00,147.82906
2025-02-27 09:00:00,119.914696
2025-02-27 11:00:00,131.38979
2025-02-27 12:00:00,136.75984
2025-02-27 13:00:00,178.37802
2025-02-27 15:00:00,205.18436
2025-02-27 15:00:00,192.25583
2025-02-27 16:00:00,312.77747
2025-02-27 18:00:00,248.35811
2025-02-27 19:00:00,377.95126
2025-02-27 19:00:00,136.85376
2025-02-27 20:00:00,135.25226
2025-02-27 20:00:00,188.18842
2025-02-27 22:00:00,82.46023
2025-02-27 22:00:00,106.02301
2025-02-27 23:00:00,64.24341
2025-02-28 01:00:00,18.59111
2025-02-28 01:00:00,15.566165
2025-02-28 05:00:00,13.393592
2025-02-28 11:00:00,92.66975
2025-02-28 12:00:00,550.764
2025-02-28 13:00:00,107.46769
2025-02-28 16:00:00,157.00165
2025-02-28 17:00:00,209.8946
2025-02-28 20:00:00,179.72198
2025-02-28 22:00:00,121.61664
2025-03-01 02:00:00,42.974625
2025-03-01 02:00:00,28.75401
2025-03-01 02:00:00,27.235815
2025-03-01 03:00:00,24.006617
2025-03-01 06:00:00,46.23161
2025-03-01 06:00:00,29.815386
2025-03-01 06:00:00,31.957644
2025-03-01 07:00:00,82.833046
2025-03-01 08:00:00,88.95261
2025-03-01 09:00:00,234.63712
2025-03-01 10:00:00,98.0452
2025-03-01 12:00:00,183.22845
2025-03-01 13:00:00,132.99763
2025-03-01 13:00:00,362.6973
2025-03-01 13:00:00,211.98323
2025-03-01 14:00:00,171.36725
2025-03-01 14:00:00,141.65274
2025-03-01 14:00:00,135.26283
2025-03-01 15:00:00,365.43176
2025-03-01 16:00:00,207.85872
2025-03-01 18:00:00,180.95915
2025-03-01 21:00:00,121.14815
2025-03-01 21:00:00,112.840294
2025-03-01 21:00:00,153.71178
2025-03-01 23:00:00,101.98738
2025-03-02 00:00:00,41.032562
2025-03-02 03:00:00,17.836744
2025-03-02 04:00:00,-3.4817376
2025-03-02 05:00:00,4.916266
2025-03-02 07:00:00,10.288592
2025-03-02 07:00:00,8.965536
2025-03-02 08:00:00,163.1832
2025-03-02 11:00:00,85.52455
2025-03-02 12:00:00,116.22804
2025-03-02 12:00:00,123.54204
2025-03-02 12:00:00,124.73835
2025-03-02 12:00:00,94.269905
2025-03-02 14:00:00,136.95952
2025-03-02 16:00:00,108.55593
2025-03-02 17:00:00,100.50138
2025-03-02 20:00:00,91.367256
2025-03-03 01:00:00,10.87587
2025-03-03 05:00:00,43.303383
2025-03-03 07:00:00,356.00388
2025-03-03 07:00:00,82.957565
2025-03-03 09:00:00,134.36581
2025-03-03 09:00:00,539.33514
2025-03-03 11:00:00,108.79549
2025-03-03 12:00:00,186.58293
2025-03-03 12:00:00,501.7947
2025-03-03 14:00:00,149.71083
2025-03-03 15:00:00,196.20535
2025-03-03 18:00:00,220.78435
2025-03-03 19:00:00,123.32503
2025-03-03 20:00:00,292.17828
2025-03-03 21:00:00,82.961655
2025-03-03 23:00:00,45.69636
2025-03-04 00:00:00,17.058722
2025-03-04 01:00:00,36.893856
2025-03-04 01:00:00,21.805878
2025-03-04 02:00:00,65.45815
2025-03-04 02:00:00,12.615491
2025-03-04 03:00:00,9.217319
2025-03-04 04:00:00,9.274588
2025-03-04 06:00:00,157.28596
2025-03-04 07:00:00,87.42467
2025-03-04 07:00:00,727.1147
2025-03-04 07:00:00,349.17807
2025-03-04 09:00:00,235.40154
2025-03-04 09:00:00,117.51944
2025-03-04 14:00:00,185.66895
2025-03-04 14:00:00,330.5177
2025-03-04 16:00:00,198.55853
2025-03-04 16:00:00,180.73761
2025-03-04 18:00:00,273.25656
2025-03-04 19:00:00,87.43576
2025-03-04 21:00:00,60.338802
2025-03-04 21:00:00,101.24145
2025-03-04 23:00:00,51.683105
2025-03-05 00:00:00,19.994637
2025-03-05 00:00:00,27.745358
2025-03-05 02:00:00,10.763415
2025-03-05 03:00:00,18.276155
2025-03-05 05:00:00,14.770547
2025-03-05 06:00:00,100.68105
2025-03-05 09:00:00,84.93448
2025-03-05 10:00:00,513.0373
2025-03-05 11:00:00,282.45514
2025-03-05 14:00:00,335.46512
2025-03-05 15:00:00,185.3059
2025-03-05 15:00:00,243.33372
2025-03-05 18:00:00,247.62129
2025-03-05 20:00:00,124.41485
2025-03-05 21:00:00,112.60875
2025-03-05 22:00:00,176.75919
2025-03-05 23:00:00,34.038
2025-03-06 00:00:00,25.87039
2025-03-06 01:00:00,15.321462
2025-03-06 02:00:00,11.070668
2025-03-06 02:00:00,11.948113
2025-03-06 04:00:00,22.72777
2025-03-06 05:00:00,76.409294
2025-03-06 09:00:00,121.25225
2025-03-06 10:00:00,179.59335
2025-03-06 13:00:00,173.76404
2025-03-06 13:00:00,197.74475
2025-03-06 14:00:00,580.80536
2025-03-06 15:00:00,155.71603
2025-03-06 19:00:00,156.62988
2025-03-06 21:00:00,103.39161
2025-03-06 21:00:00,99.45258
2025-03-06 22:00:00,185.53973
2025-03-06 23:00:00,48.958374
2025-03-06 23:00:00,57.36109
2025-03-07 01:00:00,17.66168
2025-03-07 02:00:00,10.199335
2025-03-07 07:00:00,330.76154
2025-03-07 13:00:00,186.95943
2025-03-07 17:00:00,305.78665
2025-03-07 19:00:00,153.73935
2025-03-07 22:00:00,103.34042
2025-03-07 22:00:00,72.03089
2025-03-07 22:00:00,119.91275
2025-03-07 23:00:00,80.88053
2025-03-08 01:00:00,34.688465
2025-03-08 05:00:00,16.92692
2025-03-08 06:00:00,26.555435
2025-03-08 06:00:00,99.184326
2025-03-08 06:00:00,29.206749
2025-03-08 09:00:00,74.61817
2025-03-08 10:00:00,115.46349
2025-03-08 12:00:00,363.32886
2025-03-08 13:00:00,132.6011
2025-03-08 13:00:00,136.53407
2025-03-08 14:00:00,163.24998
2025-03-08 14:00:00,160.04526
2025-03-08 15:00:00,173.81242
2025-03-08 16:00:00,342.04886
2025-03-08 19:00:00,143.66447
2025-03-08 20:00:00,126.26359
2025-03-08 21:00:00,142.41722
2025-03-08 21:00:00,117.34859
2025-03-08 22:00:00,235.19432
2025-03-08 22:00:00,117.53851
2025-03-08 23:00:00,114.09005
2025-03-08 23:00:00,64.73899
2025-03-09 00:00:00,41.16561
2025-03-09 01:00:00,22.034323
2025-03-09 02:00:00,28.401209
2025-03-09 04:00:00,20.835014
2025-03-09 05:00:00,30.625195
2025-03-09 06:00:00,34.111282
2025-03-09 07:00:00,94.23622
2025-03-09 08:00:00,84.48769
2025-03-09 10:00:00,365.00616
2025-03-09 12:00:00,130.53543
2025-03-09 13:00:00,187.17043
2025-03-09 13:00:00,353.25958
2025-03-09 15:00:00,146.09647
2025-03-09 15:00:00,352.64365
2025-03-09 16:00:00,132.0393
2025-03-09 16:00:00,325.94543
2025-03-09 17:00:00,180.10925
2025-03-09 19:00:00,142.18272
2025-03-09 19:00:00,312.43365
2025-03-09 22:00:00,66.05296
2025-03-10 00:00:00,22.729038
2025-03-10 02:00:00,26.205593
2025-03-10 03:00:00,6.8227367
2025-03-10 03:00:00,10.6346035
2025-03-10 04:00:00,16.566452
2025-03-10 06:00:00,80.93918
2025-03-10 08:00:00,483.29333
2025-03-10 13:00:00,105.80181
2025-03-10 14:00:00,299.47293
2025-03-10 15:00:00,168.16173
2025-03-10 17:00:00,331.9796
2025-03-10 17:00:00,325.9625
2025-03-10 21:00:00,79.51054
2025-03-11 01:00:00,11.091137
2025-03-11 07:00:00,154.73889
2025-03-11 08:00:00,100.118286
2025-03-11 09:00:00,280.26337
2025-03-11 10:00:00,97.59183
2025-03-11 12:00:00,183.84546
2025-03-11 13:00:00,119.04684
2025-03-11 13:00:00,168.67973
2025-03-11 14:00:00,120.82584
2025-03-11 16:00:00,463.77878
2025-03-11 17:00:00,351.1752
2025-03-11 19:00:00,153.30792
2025-03-11 20:00:00,112.120895
2025-03-11 23:00:00,33.61565
2025-03-11 23:00:00,54.880714
2025-03-12 00:00:00,29.524366
2025-03-12 03:00:00,12.803111
2025-03-12 07:00:00,153.82588
2025-03-12 07:00:00,389.67258
2025-03-12 09:00:00,88.308044
2025-03-12 15:00:00,196.02177
2025-03-12 17:00:00,334.36917
2025-03-12 18:00:00,198.28705
2025-03-12 19:00:00,97.30766
2025-03-12 21:00:00,102.59412
2025-03-12 22:00:00,84.06509
2025-03-13 01:00:00,25.209112
2025-03-13 03:00:00,11.542776
2025-03-13 04:00:00,12.910144
2025-03-13 05:00:00,30.354033
2025-03-13 06:00:00,51.258278
2025-03-13 06:00:00,60.80236
2025-03-13 07:00:00,167.94362
2025-03-13 10:00:00,98.89169
2025-03-13 10:00:00,541.4927
2025-03-13 11:00:00,138.52196
2025-03-13 15:00:00,210.75388
2025-03-13 19:00:00,96.41651
2025-03-14 00:00:00,29.227308
2025-03-14 02:00:00,21.99082
2025-03-14 03:00:00,11.483449
2025-03-14 03:00:00,27.879232
2025-03-14 03:00:00,16.646837
2025-03-14 15:00:00,215.46133
2025-03-14 15:00:00,253.02443
2025-03-14 16:00:00,452.44186
2025-03-14 17:00:00,310.2528
2025-03-14 18:00:00,230.29836
2025-03-14 19:00:00,398.05795
2025-03-14 20:00:00,351.66003
2025-03-14 21:00:00,121.00873
2025-03-14 22:00:00,125.22311
2025-03-15 02:00:00,31.644432
2025-03-15 04:00:00,17.309793
2025-03-15 04:00:00,29.74439
2025-03-15 04:00:00,18.063946
2025-03-15 06:00:00,51.177956
2025-03-15 06:00:00,29.437532
2025-03-15 12:00:00,210.6768
2025-03-15 12:00:00,135.64078
2025-03-15 16:00:00,185.73857
2025-03-15 16:00:00,344.80423
2025-03-15 17:00:00,137.64893
2025-03-15 19:00:00,156.11597
2025-03-15 19:00:00,137.88087
2025-03-15 19:00:00,108.5835
2025-03-15 21:00:00,304.54797
2025-03-15 23:00:00,107.82545
2025-03-16 04:00:00,18.275335
2025-03-16 05:00:00,26.169006
2025-03-16 05:00:00,23.32161
2025-03-16 06:00:00,20.685404
2025-03-16 07:00:00,71.7958
2025-03-16 15:00:00,153.95982
2025-03-16 16:00:00,564.07764
2025-03-16 17:00:00,114.657814
2025-03-16 18:00:00,247.79893
2025-03-16 21:00:00,61.068428
2025-03-17 00:00:00,28.206327
2025-03-17 01:00:00,16.947325
2025-03-17 03:00:00,8.544474
2025-03-17 06:00:00,133.76106
2025-03-17 06:00:00,46.203472
2025-03-17 06:00:00,52.079865
2025-03-17 07:00:00,241.41347
2025-03-17 09:00:00,139.70175
2025-03-17 12:00:00,159.0884
2025-03-17 12:00:00,191.39969
2025-03-17 12:00:00,168.9254
2025-03-17 13:00:00,162.42293
2025-03-17 13:00:00,141.0189
2025-03-17 14:00:00,303.97433
2025-03-17 14:00:00,110.49452
2025-03-17 15:00:00,169.90134
2025-03-17 16:00:00,159.66663
2025-03-17 16:00:00,421.39093
2025-03-17 18:00:00,226.69786
2025-03-17 19:00:00,337.75977
2025-03-17 20:00:00,99.06357
2025-03-17 22:00:00,148.34256
2025-03-17 23:00:00,52.31479
2025-03-17 23:00:00,51.03134
2025-03-18 00:00:00,18.52661
2025-03-18 02:00:00,62.609756
2025-03-18 03:00:00,10.340778
2025-03-18 03:00:00,16.198496
2025-03-18 07:00:00,388.4713
2025-03-18 08:00:00,115.05513
2025-03-18 09:00:00,87.75731
2025-03-18 11:00:00,515.97174
2025-03-18 13:00:00,192.25854
2025-03-18 13:00:00,179.32448
2025-03-18 14:00:00,188.51627
2025-03-18 19:00:00,232.60893
2025-03-18 21:00:00,90.53826
2025-03-18 21:00:00,95.803856
2025-03-18 21:00:00,96.5348
2025-03-18 22:00:00,47.337917
2025-03-18 23:00:00,57.037067
2025-03-19 01:00:00,20.615114
2025-03-19 02:00:00,10.061058
2025-03-19 03:00:00,16.345434
2025-03-19 03:00:00,18.519209
2025-03-19 04:00:00,9.682368
2025-03-19 04:00:00,21.662554
2025-03-19 05:00:00,16.534904
2025-03-19 05:00:00,52.129635
2025-03-19 09:00:00,118.652824
2025-03-19 11:00:00,184.94997
2025-03-19 12:00:00,152.39198
2025-03-19 13:00:00,143.09782
2025-03-19 14:00:00,190.69987
2025-03-19 14:00:00,170.69249
2025-03-19 15:00:00,186.92522
2025-03-19 18:00:00,412.93262
2025-03-19 19:00:00,160.03183
2025-03-19 20:00:00,114.38388
2025-03-19 21:00:00,113.134865
2025-03-19 22:00:00,83.90704
2025-03-19 23:00:00,50.574104
2025-03-20 00:00:00,28.206078
2025-03-20 01:00:00,20.673811
2025-03-20 02:00:00,12.69112
2025-03-20 02:00:00,10.822967
2025-03-20 10:00:00,127.50146
2025-03-20 10:00:00,182.11748
2025-03-20 11:00:00,289.65802
2025-03-20 12:00:00,169.03181
2025-03-20 12:00:00,214.44618
2025-03-20 13:00:00,562.0978
2025-03-20 13:00:00,145.65569
2025-03-20 14:00:00,341.60828
2025-03-20 17:00:00,411.27417
2025-03-20 18:00:00,201.86383
2025-03-20 22:00:00,89.65746
2025-03-20 22:00:00,55.79278
2025-03-20 23:00:00,65.15177
2025-03-20 23:00:00,67.269585
2025-03-21 00:00:00,29.455463
2025-03-21 01:00:00,17.797436
2025-03-21 02:00:00,14.161265
2025-03-21 03:00:00,12.022582
2025-03-21 03:00:00,21.088686
2025-03-21 03:00:00,16.43274
2025-03-21 04:00:00,11.773906
2025-03-21 05:00:00,21.727385
2025-03-21 05:00:00,72.89498
2025-03-21 07:00:00,87.88331
2025-03-21 09:00:00,88.44197
2025-03-21 13:00:00,125.39674
2025-03-21 14:00:00,174.45576
2025-03-21 14:00:00,129.93526
2025-03-21 16:00:00,200.65927
2025-03-21 16:00:00,499.74957
2025-03-21 17:00:00,305.72415
2025-03-21 19:00:00,399.47855
2025-03-21 19:00:00,151.61752
2025-03-21 20:00:00,147.51494
2025-03-21 22:00:00,230.56044
2025-03-22 00:00:00,52.166782
2025-03-22 00:00:00,39.52116
2025-03-22 00:00:00,46.706757
2025-03-22 02:00:00,25.638247
2025-03-22 02:00:00,27.719507
2025-03-22 03:00:00,56.735252
2025-03-22 04:00:00,27.551178
2025-03-22 05:00:00,14.524745
2025-03-22 06:00:00,137.12589
2025-03-22 10:00:00,581.1291
2025-03-22 11:00:00,196.64386
2025-03-22 14:00:00,170.17783
2025-03-22 16:00:00,177.35498
2025-03-22 18:00:00,173.52843
2025-03-22 19:00:00,246.31389
2025-03-22 19:00:00,173.12119
2025-03-22 21:00:00,104.86074
2025-03-22 22:00:00,135.26126
2025-03-22 22:00:00,114.93771
2025-03-22 22:00:00,234.50354
2025-03-22 23:00:00,94.913895
2025-03-22 23:00:00,64.140045
2025-03-23 00:00:00,60.621483
2025-03-23 00:00:00,72.73606
2025-03-23 03:00:00,41.312435
2025-03-23 04:00:00,15.016591
2025-03-23 06:00:00,32.66758
2025-03-23 06:00:00,19.045664
2025-03-23 09:00:00,52.182384
2025-03-23 09:00:00,119.422295
2025-03-23 13:00:00,359.08182
2025-03-23 15:00:00,162.48238
2025-03-23 16:00:00,169.57361
2025-03-23 17:00:00,519.0572
2025-03-23 21:00:00,81.23194
2025-03-23 22:00:00,133.13263
2025-03-23 23:00:00,24.726404
2025-03-23 23:00:00,48.448883
2025-03-24 01:00:00,10.121791
2025-03-24 03:00:00,15.383615
2025-03-24 04:00:00,12.737046
2025-03-24 05:00:00,14.571293
2025-03-24 08:00:00,808.54895
2025-03-24 09:00:00,111.03062
2025-03-24 09:00:00,174.47203
2025-03-24 09:00:00,141.52588
2025-03-24 09:00:00,232.75374
2025-03-24 12:00:00,137.72675
2025-03-24 15:00:00,229.7643
2025-03-24 15:00:00,369.299
2025-03-24 16:00:00,423.89728
2025-03-24 22:00:00,145.88615
2025-03-25 00:00:00,23.984169
2025-03-25 02:00:00,17.508287
2025-03-25 06:00:00,341.59927
2025-03-25 07:00:00,353.11963
2025-03-25 11:00:00,280.49725
2025-03-25 12:00:00,207.07796
2025-03-25 13:00:00,176.85751
2025-03-25 14:00:00,334.08365
2025-03-25 15:00:00,201.29305
2025-03-25 15:00:00,405.00226
2025-03-25 16:00:00,182.21262
2025-03-25 16:00:00,341.59348
2025-03-25 18:00:00,342.28708
2025-03-25 18:00:00,188.59712
2025-03-25 20:00:00,317.4648
2025-03-25 21:00:00,133.52509
2025-03-25 21:00:00,264.80914
2025-03-25 23:00:00,62.51792
2025-03-25 23:00:00,51.052357
2025-03-26 00:00:00,28.826319
2025-03-26 01:00:00,66.20505
2025-03-26 02:00:00,16.025415
2025-03-26 03:00:00,13.352393
2025-03-26 04:00:00,15.422084
2025-03-26 05:00:00,45.28077
2025-03-26 07:00:00,248.56912
2025-03-26 09:00:00,144.4853
2025-03-26 12:00:00,313.5435
2025-03-26 14:00:00,564.5909
2025-03-26 14:00:00,161.68237
2025-03-26 17:00:00,179.67259
2025-03-26 18:00:00,274.50745
2025-03-26 19:00:00,147.00911
2025-03-26 20:00:00,124.03218
2025-03-26 22:00:00,177.75378
2025-03-27 01:00:00,14.21867
2025-03-27 06:00:00,182.33943
2025-03-27 07:00:00,146.9016
2025-03-27 08:00:00,230.10652
2025-03-27 10:00:00,177.2234
2025-03-27 10:00:00,180.0513
2025-03-27 12:00:00,136.34692
2025-03-27 15:00:00,246.30003
2025-03-27 15:00:00,187.98311
2025-03-27 16:00:00,227.63611
2025-03-27 18:00:00,139.19408
2025-03-27 19:00:00,95.13853
2025-03-27 20:00:00,126.90453
2025-03-27 20:00:00,111.98897
2025-03-27 22:00:00,52.77253
2025-03-28 00:00:00,73.24672
2025-03-28 00:00:00,9.293875
2025-03-28 03:00:00,-0.6746412
2025-03-28 05:00:00,44.2688
2025-03-28 06:00:00,114.88408
2025-03-28 12:00:00,319.56393
2025-03-28 13:00:00,171.88403
2025-03-28 14:00:00,111.45252
2025-03-28 15:00:00,137.35847
2025-03-28 17:00:00,317.6661
2025-03-28 20:00:00,121.32494
2025-03-29 02:00:00,21.78946
2025-03-29 03:00:00,14.531704
2025-03-29 04:00:00,24.915882
2025-03-29 05:00:00,16.404081
2025-03-29 07:00:00,33.443066
2025-03-29 09:00:00,86.647484
2025-03-29 09:00:00,501.57022
2025-03-29 09:00:00,128.447
2025-03-29 12:00:00,168.44719
2025-03-29 13:00:00,198.92488
2025-03-29 14:00:00,158.21736
2025-03-29 16:00:00,189.25806
2025-03-29 17:00:00,316.92477
2025-03-29 18:00:00,175.74557
2025-03-29 20:00:00,128.4163
2025-03-29 20:00:00,320.49
2025-03-29 21:00:00,276.1608
2025-03-29 21:00:00,134.83565
2025-03-29 21:00:00,92.68903
2025-03-30 01:00:00,32.432796
2025-03-30 03:00:00,21.910378
2025-03-30 03:00:00,19.972242
2025-03-30 04:00:00,14.556288
2025-03-30 04:00:00,29.23282
2025-03-30 07:00:00,91.55042
2025-03-30 08:00:00,29.444775
2025-03-30 09:00:00,346.94092
2025-03-30 09:00:00,112.11428
2025-03-30 13:00:00,106.57581
2025-03-30 13:00:00,175.70087
2025-03-30 14:00:00,116.95039
2025-03-30 16:00:00,178.38445
2025-03-30 17:00:00,156.48128
2025-03-30 17:00:00,171.25581
2025-03-30 19:00:00,109.64392
2025-03-30 21:00:00,73.29195
2025-03-30 23:00:00,69.81672
2025-03-30 23:00:00,34.351128
2025-03-31 02:00:00,12.553204
2025-03-31 03:00:00,20.730917
2025-03-31 04:00:00,28.230038
2025-03-31 05:00:00,34.672047
2025-03-31 07:00:00,83.23199
2025-03-31 08:00:00,216.79285
2025-03-31 08:00:00,484.8195
2025-03-31 08:00:00,481.34
2025-03-31 10:00:00,105.96974
2025-03-31 14:00:00,293.8692
2025-03-31 14:00:00,156.31758
2025-03-31 16:00:00,456.45483
2025-03-31 19:00:00,304.66025
2025-03-31 19:00:00,107.90201
2025-03-31 21:00:00,50.44228
2025-03-31 21:00:00,90.53352
2025-03-31 22:00:00,65.55389
2025-03-31 23:00:00,46.91682
2025-03-31 23:00:00,43.30415
2025-04-01 06:00:00,161.70901
2025-04-01 07:00:00,84.89686
2025-04-01 08:00:00,793.1685
2025-04-01 08:00:00,105.74889
2025-04-01 11:00:00,105.26628
2025-04-01 11:00:00,118.389465
2025-04-01 12:00:00,163.6901
2025-04-01 16:00:00,324.93228
2025-04-01 17:00:00,328.20676
2025-04-01 19:00:00,79.758736
2025-04-01 21:00:00,102.40531
2025-04-01 21:00:00,82.360374
2025-04-01 22:00:00,64.97833
2025-04-01 23:00:00,51.747105
2025-04-02 01:00:00,18.902695
2025-04-02 02:00:00,36.106148
2025-04-02 03:00:00,7.4041886
2025-04-02 04:00:00,7.6226306
2025-04-02 07:00:00,154.64706
2025-04-02 09:00:00,237.74797
2025-04-02 09:00:00,182.3392
2025-04-02 13:00:00,178.6962
2025-04-02 14:00:00,174.44225
2025-04-02 15:00:00,223.8376
2025-04-02 17:00:00,397.6974
2025-04-02 18:00:00,250.5402
2025-04-02 19:00:00,205.79831
2025-04-02 19:00:00,81.86509
2025-04-02 21:00:00,101.93232
2025-04-02 22:00:00,76.06572
2025-04-02 22:00:00,78.1476
2025-04-03 00:00:00,33.92124
2025-04-03 01:00:00,15.015515
2025-04-03 02:00:00,9.884762
2025-04-03 02:00:00,11.568139
2025-04-03 03:00:00,56.687103
2025-04-03 04:00:00,20.408764
2025-04-03 04:00:00,9.436486
2025-04-03 04:00:00,37.02706
2025-04-03 04:00:00,8.919237
2025-04-03 05:00:00,50.161594
2025-04-03 05:00:00,21.973312
2025-04-03 05:00:00,79.298454
2025-04-03 06:00:00,48.585487
2025-04-03 07:00:00,149.22925
2025-04-03 07:00:00,724.3792
2025-04-03 08:00:00,115.134315
2025-04-03 08:00:00,215.74596
2025-04-03 10:00:00,129.81303
2025-04-03 10:00:00,128.60478
2025-04-03 11:00:00,161.64786
2025-04-03 16:00:00,192.09554
2025-04-03 17:00:00,249.29138
2025-04-03 17:00:00,368.09604
2025-04-03 18:00:00,247.07426
2025-04-03 19:00:00,83.530876
2025-04-03 20:00:00,108.51984
2025-04-03 21:00:00,59.333332
2025-04-03 23:00:00,115.4076
2025-04-04 01:00:00,16.119608
2025-04-04 03:00:00,20.575214
2025-04-04 03:00:00,18.722061
2025-04-04 06:00:00,353.60605
2025-04-04 07:00:00,305.4488
2025-04-04 07:00:00,145.1306
2025-04-04 07:00:00,144.96411
2025-04-04 08:00:00,429.9287
2025-04-04 08:00:00,92.396286
2025-04-04 08:00:00,757.99774
2025-04-04 09:00:00,249.23369
2025-04-04 10:00:00,175.23817
2025-04-04 10:00:00,125.06635
2025-04-04 11:00:00,145.4261
2025-04-04 11:00:00,129.15128
2025-04-04 17:00:00,303.16046
2025-04-04 18:00:00,134.4136
2025-04-04 20:00:00,125.76899
2025-04-04 22:00:00,117.63183
2025-04-04 22:00:00,117.089676
2025-04-04 22:00:00,102.64247
2025-04-04 23:00:00,91.62599
2025-04-05 00:00:00,52.523323
2025-04-05 02:00:00,65.94791
2025-04-05 03:00:00,19.534973
2025-04-05 05:00:00,18.01677
2025-04-05 08:00:00,177.24452
2025-04-05 08:00:00,72.46101
2025-04-05 09:00:00,101.50036
2025-04-05 10:00:00,189.8936
2025-04-05 10:00:00,118.75201
2025-04-05 12:00:00,123.8522
2025-04-05 14:00:00,133.43365
2025-04-05 14:00:00,157.60434
2025-04-05 18:00:00,168.72543
2025-04-05 23:00:00,60.6837
2025-04-06 00:00:00,56.415695
2025-04-06 01:00:00,40.349483
2025-04-06 04:00:00,19.91408
2025-04-06 05:00:00,14.222467
2025-04-06 06:00:00,22.006464
2025-04-06 09:00:00,66.45384
2025-04-06 10:00:00,96.48095
2025-04-06 12:00:00,118.363205
2025-04-06 12:00:00,547.4161
2025-04-06 13:00:00,348.62228
2025-04-06 13:00:00,547.4161
2025-04-06 14:00:00,130.50586
2025-04-06 17:00:00,195.15907
2025-04-06 17:00:00,111.56064
2025-04-06 22:00:00,52.562424
2025-04-07 01:00:00,12.84493
2025-04-07 03:00:00,25.260471
2025-04-07 04:00:00,31.607798
2025-04-07 05:00:00,13.859
2025-04-07 08:00:00,468.56577
2025-04-07 09:00:00,166.81718
2025-04-07 10:00:00,473.39746
2025-04-07 10:00:00,143.5838
2025-04-07 11:00:00,102.24344
2025-04-07 11:00:00,113.59443
2025-04-07 12:00:00,279.7074
2025-04-07 13:00:00,100.25337
2025-04-07 14:00:00,152.97151
2025-04-07 14:00:00,298.4175
2025-04-07 15:00:00,527.7216
2025-04-07 16:00:00,463.7095
2025-04-07 16:00:00,306.82642
2025-04-07 17:00:00,315.48288
2025-04-07 18:00:00,221.42087
2025-04-07 20:00:00,74.004585
2025-04-07 23:00:00,47.687485
2025-04-08 02:00:00,14.898143
2025-04-08 03:00:00,12.316699
2025-04-08 03:00:00,18.992933
2025-04-08 04:00:00,9.720834
2025-04-08 06:00:00,105.87984
2025-04-08 08:00:00,222.23918
2025-04-08 10:00:00,508.24155
2025-04-08 11:00:00,179.6616
2025-04-08 13:00:00,142.85294
2025-04-08 14:00:00,172.04842
2025-04-08 14:00:00,188.56421
2025-04-08 15:00:00,238.46304
2025-04-08 19:00:00,132.3541
2025-04-08 21:00:00,94.00041
2025-04-08 21:00:00,103.817345
2025-04-08 22:00:00,72.34724
2025-04-08 22:00:00,70.044334
2025-04-09 00:00:00,74.89759
2025-04-09 01:00:00,16.189201
2025-04-09 03:00:00,8.80467
2025-04-09 06:00:00,44.86895
2025-04-09 07:00:00,152.56332
2025-04-09 07:00:00,92.35376
2025-04-09 08:00:00,115.14533
2025-04-09 08:00:00,96.38812
2025-04-09 09:00:00,274.8224
2025-04-09 12:00:00,206.58875
2025-04-09 13:00:00,170.19531
2025-04-09 14:00:00,160.50572
2025-04-09 15:00:00,149.01978
2025-04-09 15:00:00,186.55605
2025-04-09 15:00:00,403.12735
2025-04-09 17:00:00,211.63995
2025-04-09 17:00:00,372.89243
2025-04-09 18:00:00,249.23
2025-04-09 21:00:00,62.061325
2025-04-09 23:00:00,56.780056
2025-04-10 00:00:00,34.00483
2025-04-10 01:00:00,17.243448
2025-04-10 01:00:00,20.150585
2025-04-10 02:00:00,12.674311
2025-04-10 04:00:00,37.64205
2025-04-10 04:00:00,54.074696
2025-04-10 04:00:00,10.752942
2025-04-10 06:00:00,107.053856
2025-04-10 07:00:00,387.08838
2025-04-10 07:00:00,161.40343
2025-04-10 08:00:00,807.21826
2025-04-10 11:00:00,148.17279
2025-04-10 12:00:00,169.46223
2025-04-10 13:00:00,185.29074
2025-04-10 17:00:00,252.99013
2025-04-10 18:00:00,274.06497
2025-04-10 20:00:00,113.79739
2025-04-10 20:00:00,163.60449
2025-04-10 22:00:00,87.38605
2025-04-10 23:00:00,53.78279
2025-04-11 00:00:00,23.03183
2025-04-11 00:00:00,31.73224
2025-04-11 00:00:00,38.80749
2025-04-11 02:00:00,14.981406
2025-04-11 06:00:00,54.57036
2025-04-11 08:00:00,760.23773
2025-04-11 11:00:00,190.25966
2025-04-11 11:00:00,134.4695
2025-04-11 13:00:00,186.0525
2025-04-11 14:00:00,174.12563
2025-04-11 15:00:00,208.7433
2025-04-11 16:00:00,214.1311
2025-04-11 22:00:00,217.60445
2025-04-11 23:00:00,72.82565
2025-04-12 00:00:00,68.86989
2025-04-12 03:00:00,20.33615
2025-04-12 04:00:00,16.833172
2025-04-12 04:00:00,15.147538
2025-04-12 04:00:00,50.66926
2025-04-12 05:00:00,61.76087
2025-04-12 06:00:00,135.14005
2025-04-12 07:00:00,83.62234
2025-04-12 08:00:00,112.45109
2025-04-12 08:00:00,327.41815
2025-04-12 11:00:00,107.55944
2025-04-12 12:00:00,359.05936
2025-04-12 13:00:00,131.5642
2025-04-12 15:00:00,196.53914
2025-04-12 17:00:00,576.12506
2025-04-12 19:00:00,121.52547
2025-04-13 00:00:00,38.829876
2025-04-13 00:00:00,54.979965
2025-04-13 01:00:00,30.33364
2025-04-13 01:00:00,62.9207
2025-04-13 02:00:00,24.015156
2025-04-13 02:00:00,49.783146
2025-04-13 04:00:00,20.439116
2025-04-13 08:00:00,47.27215
2025-04-13 08:00:00,80.19077
2025-04-13 08:00:00,56.21231
2025-04-13 09:00:00,184.64453
2025-04-13 13:00:00,572.02124
2025-04-13 13:00:00,187.41068
2025-04-13 14:00:00,152.74931
2025-04-13 14:00:00,218.01064
2025-04-13 15:00:00,209.84602
2025-04-13 16:00:00,115.55646
2025-04-13 16:00:00,124.884186
2025-04-13 19:00:00,111.80065
2025-04-13 19:00:00,261.94043
2025-04-13 19:00:00,161.4681
2025-04-13 21:00:00,77.19241
2025-04-13 23:00:00,39.094566
2025-04-14 00:00:00,25.628408
2025-04-14 01:00:00,39.367496
2025-04-14 01:00:00,12.086874
2025-04-14 02:00:00,17.49765
2025-04-14 02:00:00,34.466087
2025-04-14 03:00:00,0.7465098
2025-04-14 04:00:00,38.6733
2025-04-14 08:00:00,197.78087
2025-04-14 14:00:00,146.50314
2025-04-14 15:00:00,535.5573
2025-04-14 16:00:00,399.01218
2025-04-14 17:00:00,386.94107
2025-04-14 20:00:00,101.90513
2025-04-14 20:00:00,126.24909
2025-04-14 20:00:00,58.603695
2025-04-14 21:00:00,93.49506
2025-04-14 22:00:00,64.47325
2025-04-14 23:00:00,59.085484
2025-04-15 01:00:00,14.727593
2025-04-15 01:00:00,19.846813
2025-04-15 01:00:00,37.379734
2025-04-15 02:00:00,10.807165
2025-04-15 03:00:00,18.992933
2025-04-15 06:00:00,45.349285
2025-04-15 06:00:00,159.0833
2025-04-15 07:00:00,156.9323
2025-04-15 07:00:00,92.35709
2025-04-15 08:00:00,119.69788
2025-04-15 10:00:00,124.68415
2025-04-15 11:00:00,180.96648
2025-04-15 11:00:00,156.72455
2025-04-15 12:00:00,307.40283
2025-04-15 18:00:00,391.18625
2025-04-15 18:00:00,219.21625
2025-04-15 18:00:00,245.5225
2025-04-15 19:00:00,136.21152
2025-04-15 20:00:00,112.36288
2025-04-15 20:00:00,261.24374
2025-04-15 21:00:00,97.84161
2025-04-15 23:00:00,59.56885
2025-04-16 00:00:00,21.529503
2025-04-16 02:00:00,10.780542
2025-04-16 04:00:00,9.730752
2025-04-16 06:00:00,100.91042
2025-04-16 06:00:00,144.41643
2025-04-16 08:00:00,820.2331
2025-04-16 10:00:00,95.57032
2025-04-16 13:00:00,540.2437
2025-04-16 15:00:00,186.95694
2025-04-16 16:00:00,462.38126
2025-04-16 17:00:00,214.57997
2025-04-16 17:00:00,372.66626
2025-04-16 17:00:00,333.1844
2025-04-16 17:00:00,242.87936
2025-04-16 18:00:00,250.4399
2025-04-16 19:00:00,164.95888
2025-04-16 20:00:00,267.33585
2025-04-16 21:00:00,62.87995
2025-04-17 00:00:00,26.778414
2025-04-17 00:00:00,26.348492
2025-04-17 01:00:00,22.92815
2025-04-17 02:00:00,11.891587
2025-04-17 02:00:00,11.351846
2025-04-17 04:00:00,58.1994
2025-04-17 06:00:00,160.98633
2025-04-17 09:00:00,278.5642
2025-04-17 11:00:00,130.32397
2025-04-17 13:00:00,565.353
2025-04-17 13:00:00,156.4127
2025-04-17 13:00:00,195.84865
2025-04-17 15:00:00,187.10254
2025-04-17 16:00:00,331.68552
2025-04-17 16:00:00,251.27664
2025-04-17 18:00:00,335.58154
2025-04-17 18:00:00,140.93068
2025-04-17 19:00:00,318.0307
2025-04-17 22:00:00,52.535175
2025-04-17 23:00:00,70.65264
2025-04-18 02:00:00,32.202526
2025-04-18 06:00:00,43.49355
2025-04-18 09:00:00,87.724174
2025-04-18 09:00:00,248.09007
2025-04-18 11:00:00,146.9939
2025-04-18 12:00:00,138.66132
2025-04-18 13:00:00,178.44624
2025-04-18 14:00:00,164.43695
2025-04-18 15:00:00,191.19388
2025-04-18 18:00:00,132.64316
2025-04-18 22:00:00,120.88912
2025-04-18 22:00:00,224.28198
2025-04-18 23:00:00,84.49018
2025-04-19 03:00:00,22.715443
2025-04-19 05:00:00,12.96463
2025-04-19 06:00:00,101.70714
2025-04-19 06:00:00,40.942116
2025-04-19 07:00:00,103.24294
2025-04-19 09:00:00,232.38474
2025-04-19 10:00:00,112.12665
2025-04-19 11:00:00,138.34387
2025-04-19 11:00:00,141.35117
2025-04-19 15:00:00,620.1016
2025-04-19 16:00:00,177.47394
2025-04-19 19:00:00,97.30423
2025-04-19 19:00:00,141.29495
2025-04-19 19:00:00,311.0209
2025-04-19 20:00:00,104.97998
2025-04-19 20:00:00,118.31678
2025-04-19 20:00:00,99.5252
2025-04-19 21:00:00,117.55561
2025-04-19 21:00:00,128.44258
2025-04-19 21:00:00,102.612175
2025-04-19 23:00:00,104.34742
2025-04-20 03:00:00,24.276459
2025-04-20 05:00:00,11.879912
2025-04-20 06:00:00,16.799671
2025-04-20 07:00:00,16.49002
2025-04-20 07:00:00,93.226715
2025-04-20 07:00:00,56.517845
2025-04-20 10:00:00,99.78467
2025-04-20 12:00:00,160.86298
2025-04-20 12:00:00,185.387
2025-04-20 18:00:00,144.37552
2025-04-20 18:00:00,128.75911
2025-04-20 21:00:00,50.01546
2025-04-20 23:00:00,33.41978
2025-04-20 23:00:00,41.909275
2025-04-21 00:00:00,19.451252
2025-04-21 01:00:00,12.306187
2025-04-21 02:00:00,11.995253
2025-04-21 03:00:00,31.187399
2025-04-21 04:00:00,15.937261
2025-04-21 04:00:00,14.267714
2025-04-21 06:00:00,45.086735
2025-04-21 09:00:00,168.86375
2025-04-21 11:00:00,117.07433
2025-04-21 11:00:00,487.53308
2025-04-21 12:00:00,122.785835
2025-04-21 13:00:00,176.27856
2025-04-21 14:00:00,533.2573
2025-04-21 15:00:00,166.96587
2025-04-21 17:00:00,184.54774
2025-04-21 18:00:00,376.79102
2025-04-21 18:00:00,242.40514
2025-04-21 19:00:00,65.2236
2025-04-21 20:00:00,83.06999
2025-04-21 20:00:00,53.60856
2025-04-21 21:00:00,78.50205
2025-04-21 21:00:00,78.301575
2025-04-21 23:00:00,50.292812
2025-04-22 00:00:00,27.482117
2025-04-22 01:00:00,70.15791
2025-04-22 02:00:00,9.710375
2025-04-22 03:00:00,16.822891
2025-04-22 04:00:00,9.331683
2025-04-22 07:00:00,86.01954
2025-04-22 07:00:00,81.82493
2025-04-22 08:00:00,219.54965
2025-04-22 08:00:00,96.815994
2025-04-22 08:00:00,504.56592
2025-04-22 09:00:00,275.85544
2025-04-22 09:00:00,183.54352
2025-04-22 11:00:00,122.492836
2025-04-22 13:00:00,141.44794
2025-04-22 13:00:00,307.15262
2025-04-22 14:00:00,189.31754
2025-04-22 14:00:00,170.39716
2025-04-22 14:00:00,179.06805
2025-04-22 16:00:00,331.10822
2025-04-22 16:00:00,484.3507
2025-04-22 16:00:00,230.0123
2025-04-22 17:00:00,202.49121
2025-04-22 23:00:00,35.877556
2025-04-23 00:00:00,27.727215
2025-04-23 02:00:00,8.188406
2025-04-23 05:00:00,77.97894
2025-04-23 06:00:00,99.43436
2025-04-23 07:00:00,735.5745
2025-04-23 10:00:00,180.28018
2025-04-23 10:00:00,266.5475
2025-04-23 11:00:00,146.1413
2025-04-23 12:00:00,166.66689
2025-04-23 13:00:00,541.2081
2025-04-23 14:00:00,170.1905
2025-04-23 16:00:00,195.62202
2025-04-23 17:00:00,241.43546
2025-04-23 18:00:00,336.18253
2025-04-23 18:00:00,272.49155
2025-04-23 19:00:00,135.56966
2025-04-23 19:00:00,84.51143
2025-04-23 19:00:00,147.14467
2025-04-23 19:00:00,207.56046
2025-04-23 20:00:00,114.72752
2025-04-23 21:00:00,136.99512
2025-04-23 22:00:00,173.85901
2025-04-24 00:00:00,29.448435
2025-04-24 02:00:00,17.687717
2025-04-24 02:00:00,14.975136
2025-04-24 03:00:00,17.618134
2025-04-24 04:00:00,20.010357
2025-04-24 04:00:00,11.064088
2025-04-24 05:00:00,81.7074
2025-04-24 06:00:00,145.23918
2025-04-24 07:00:00,385.15997
2025-04-24 08:00:00,98.18184
2025-04-24 09:00:00,122.86286
2025-04-24 09:00:00,91.54961
2025-04-24 10:00:00,547.75146
2025-04-24 10:00:00,184.0257
2025-04-24 12:00:00,170.57838
2025-04-24 12:00:00,153.1034
2025-04-24 13:00:00,182.44447
2025-04-24 14:00:00,166.14429
2025-04-24 17:00:00,340.25665
2025-04-24 20:00:00,116.063385
2025-04-24 22:00:00,88.96827
2025-04-25 00:00:00,28.8158
2025-04-25 01:00:00,36.298374
2025-04-25 02:00:00,6.385781
2025-04-25 03:00:00,5.8391166
2025-04-25 04:00:00,5.6146383
2025-04-25 04:00:00,21.828974
2025-04-25 06:00:00,91.097664
2025-04-25 06:00:00,82.04385
2025-04-25 07:00:00,140.87955
2025-04-25 07:00:00,676.319
2025-04-25 07:00:00,139.30806
2025-04-25 09:00:00,79.36201
2025-04-25 11:00:00,287.3155
2025-04-25 12:00:00,130.29918
2025-04-25 13:00:00,148.01813
2025-04-25 15:00:00,411.3931
2025-04-25 16:00:00,189.73888
2025-04-25 16:00:00,172.59895
2025-04-25 17:00:00,330.98264
2025-04-25 18:00:00,230.18892
2025-04-25 21:00:00,138.94888
2025-04-25 22:00:00,117.73089
2025-04-25 23:00:00,72.58102
2025-04-26 01:00:00,73.2024
2025-04-26 02:00:00,58.478367
2025-04-26 05:00:00,16.323086
2025-04-26 06:00:00,23.946081
2025-04-26 06:00:00,36.54843
2025-04-26 08:00:00,112.38248
2025-04-26 08:00:00,331.17773
2025-04-26 12:00:00,610.06696
2025-04-26 12:00:00,142.89822
2025-04-26 13:00:00,192.74507
2025-04-26 13:00:00,144.52031
2025-04-26 14:00:00,621.54584
2025-04-26 15:00:00,212.2511
2025-04-26 21:00:00,112.368996
2025-04-27 03:00:00,22.99445
2025-04-27 07:00:00,177.15222
2025-04-27 08:00:00,57.135128
2025-04-27 08:00:00,45.83292
2025-04-27 09:00:00,386.76135
2025-04-27 10:00:00,88.13825
2025-04-27 11:00:00,181.94067
2025-04-27 12:00:00,108.39128
2025-04-27 12:00:00,181.90979
2025-04-27 15:00:00,176.55312
2025-04-27 16:00:00,109.42306
2025-04-27 16:00:00,310.01486
2025-04-27 18:00:00,141.46254
2025-04-27 18:00:00,218.87929
2025-04-27 19:00:00,154.90367
2025-04-27 21:00:00,73.34479
2025-04-27 21:00:00,62.30085
2025-04-27 22:00:00,35.46423
2025-04-27 22:00:00,58.13269
2025-04-28 00:00:00,26.453712
2025-04-28 03:00:00,13.216417
2025-04-28 04:00:00,12.67576
2025-04-28 05:00:00,47.95742
2025-04-28 05:00:00,41.4822
2025-04-28 08:00:00,800.49115
2025-04-28 11:00:00,162.88034
2025-04-28 14:00:00,103.41489
2025-04-28 15:00:00,193.87477
2025-04-28 15:00:00,164.78291
2025-04-28 18:00:00,371.91794
2025-04-28 21:00:00,92.276566
2025-04-28 21:00:00,79.18437
2025-04-28 22:00:00,67.491234
2025-04-28 23:00:00,52.714058
2025-04-29 03:00:00,10.69952
2025-04-29 03:00:00,13.180378
2025-04-29 12:00:00,526.73224
2025-04-29 13:00:00,166.62926
2025-04-29 14:00:00,117.48034
2025-04-29 17:00:00,383.77457
2025-04-29 17:00:00,170.38733
2025-04-29 18:00:00,271.07697
2025-04-29 20:00:00,95.70849
2025-04-29 21:00:00,53.32028
2025-04-29 22:00:00,71.81041
2025-04-29 22:00:00,66.10452
2025-04-29 23:00:00,53.79012
2025-04-30 02:00:00,10.217837
2025-04-30 03:00:00,15.193572
2025-04-30 03:00:00,59.237675
2025-04-30 04:00:00,9.637817
2025-04-30 04:00:00,14.328981
2025-04-30 06:00:00,51.127586
2025-04-30 09:00:00,273.23785
2025-04-30 10:00:00,125.26162
2025-04-30 10:00:00,173.88776
2025-04-30 11:00:00,518.428
2025-04-30 18:00:00,214.08022
2025-04-30 19:00:00,145.78827
2025-04-30 21:00:00,108.18581
2025-04-30 22:00:00,47.012463
2025-04-30 23:00:00,57.38376
2025-05-01 00:00:00,35.390965
2025-05-01 01:00:00,18.780273
2025-05-01 02:00:00,10.356161
2025-05-01 07:00:00,242.96793
2025-05-01 08:00:00,108.57259
2025-05-01 09:00:00,591.74976
2025-05-01 13:00:00,142.31715
2025-05-01 15:00:00,205.57043
2025-05-01 15:00:00,575.6463
2025-05-01 16:00:00,247.94754
2025-05-01 16:00:00,331.7272
2025-05-01 17:00:00,240.59465
2025-05-01 20:00:00,111.43257
2025-05-01 21:00:00,58.63597
2025-05-01 21:00:00,100.41933
2025-05-02 00:00:00,26.47181
2025-05-02 01:00:00,42.674084
2025-05-02 02:00:00,10.49179
2025-05-02 04:00:00,24.035082
2025-05-02 04:00:00,10.276032
2025-05-02 05:00:00,40.980526
2025-05-02 06:00:00,92.04758
2025-05-02 07:00:00,84.21322
2025-05-02 08:00:00,113.88191
2025-05-02 12:00:00,209.3608
2025-05-02 14:00:00,170.44763
2025-05-02 16:00:00,296.53723
2025-05-02 19:00:00,157.32205
2025-05-02 21:00:00,107.17182
2025-05-02 22:00:00,220.8412
2025-05-03 00:00:00,52.175808
2025-05-03 02:00:00,66.365395
2025-05-03 03:00:00,31.29555
2025-05-03 05:00:00,27.989464
2025-05-03 05:00:00,14.20538
2025-05-03 06:00:00,25.963905
2025-05-03 08:00:00,74.19025
2025-05-03 10:00:00,129.45648
2025-05-03 12:00:00,208.25972
2025-05-03 14:00:00,197.63866
2025-05-03 19:00:00,135.21362
2025-05-03 19:00:00,308.37073
2025-05-03 21:00:00,114.927
2025-05-03 22:00:00,71.91049
2025-05-04 01:00:00,-3.0241187
2025-05-04 02:00:00,25.356583
2025-05-04 02:00:00,17.711433
2025-05-04 04:00:00,7.0979886
2025-05-04 06:00:00,55.26784
2025-05-04 06:00:00,6.3396635
2025-05-04 08:00:00,21.000671
2025-05-04 09:00:00,336.7397
2025-05-04 09:00:00,36.991665
2025-05-04 10:00:00,239.75989
2025-05-04 12:00:00,532.86646
2025-05-04 13:00:00,133.28976
2025-05-04 16:00:00,162.0606
2025-05-04 18:00:00,137.25536
2025-05-04 19:00:00,88.08615
2025-05-04 22:00:00,39.572266
2025-05-04 23:00:00,-9.825364
2025-05-05 00:00:00,1.8913757
2025-05-05 04:00:00,-4.981065
2025-05-05 04:00:00,5.1808515
2025-05-05 07:00:00,671.33496
2025-05-05 07:00:00,70.07733
2025-05-05 10:00:00,472.05408
2025-05-05 10:00:00,139.44382
2025-05-05 11:00:00,248.23146
2025-05-05 13:00:00,111.246185
2025-05-05 15:00:00,142.32294
2025-05-05 16:00:00,154.78351
2025-05-05 17:00:00,313.78693
2025-05-05 18:00:00,267.5654
2025-05-05 21:00:00,58.543697
2025-05-05 21:00:00,86.34881
2025-05-05 23:00:00,4.76545
2025-05-06 01:00:00,13.213605
2025-05-06 02:00:00,33.76231
2025-05-06 04:00:00,6.6959887
2025-05-06 05:00:00,28.885595
2025-05-06 07:00:00,80.205795
2025-05-06 08:00:00,493.41162
2025-05-06 09:00:00,229.77483
2025-05-06 09:00:00,76.52353
2025-05-06 13:00:00,297.625
2025-05-06 13:00:00,159.06598
2025-05-06 14:00:00,549.8128
2025-05-06 15:00:00,234.50586
2025-05-06 17:00:00,378.66556
2025-05-06 18:00:00,236.86328
2025-05-06 20:00:00,90.084305
2025-05-06 20:00:00,84.77658
2025-05-06 22:00:00,58.49696
2025-05-06 23:00:00,30.84339
2025-05-07 04:00:00,9.066571
2025-05-07 05:00:00,78.45341
2025-05-07 05:00:00,37.35474
2025-05-07 06:00:00,354.3126
2025-05-07 10:00:00,122.77373
2025-05-07 12:00:00,119.04611
2025-05-07 15:00:00,241.83482
2025-05-07 17:00:00,332.72855
2025-05-07 17:00:00,170.86662
2025-05-07 22:00:00,71.83234
2025-05-08 00:00:00,82.181206
2025-05-08 01:00:00,14.748691
2025-05-08 01:00:00,17.188406
2025-05-08 02:00:00,10.761398
2025-05-08 05:00:00,16.72694
2025-05-08 05:00:00,18.056791
2025-05-08 06:00:00,53.821754
2025-05-08 07:00:00,376.78403
2025-05-08 07:00:00,84.0979
2025-05-08 10:00:00,268.61267
2025-05-08 10:00:00,529.21954
2025-05-08 10:00:00,124.06433
2025-05-08 12:00:00,208.32896
2025-05-08 13:00:00,195.87407
2025-05-08 17:00:00,333.29584
2025-05-08 20:00:00,119.08894
2025-05-08 22:00:00,174.46944
2025-05-08 23:00:00,48.331436
2025-05-09 00:00:00,29.27591
2025-05-09 04:00:00,10.214565
2025-05-09 07:00:00,301.11746
2025-05-09 09:00:00,112.48612
2025-05-09 12:00:00,139.33427
2025-05-09 13:00:00,165.53976
2025-05-09 16:00:00,228.87358
2025-05-09 17:00:00,442.3349
2025-05-09 17:00:00,297.794
2025-05-09 18:00:00,318.574
2025-05-09 18:00:00,240.47768
2025-05-09 18:00:00,190.10213
2025-05-09 19:00:00,86.82289
2025-05-09 20:00:00,99.115
2025-05-09 20:00:00,104.29833
2025-05-09 21:00:00,69.31677
2025-05-09 21:00:00,140.78004
2025-05-09 22:00:00,64.011086
2025-05-09 22:00:00,217.85239
2025-05-10 01:00:00,43.722374
2025-05-10 02:00:00,36.06137
2025-05-10 04:00:00,20.833063
2025-05-10 04:00:00,14.864602
2025-05-10 07:00:00,152.31732
2025-05-10 12:00:00,120.63783
2025-05-10 13:00:00,130.15468
2025-05-10 13:00:00,188.98138
2025-05-10 15:00:00,217.33084
2025-05-10 17:00:00,131.03337
2025-05-10 17:00:00,197.09279
2025-05-10 19:00:00,93.72418
2025-05-10 21:00:00,92.15393
2025-05-10 23:00:00,56.742626
2025-05-11 00:00:00,92.3305
2025-05-11 02:00:00,28.426435
2025-05-11 05:00:00,19.281878
2025-05-11 08:00:00,122.540726
2025-05-11 10:00:00,473.92047
2025-05-11 12:00:00,566.158
2025-05-11 13:00:00,131.78665
2025-05-11 13:00:00,174.2858
2025-05-11 14:00:00,124.716515
2025-05-11 14:00:00,175.65529
2025-05-11 15:00:00,122.57595
2025-05-11 15:00:00,572.93665
2025-05-11 16:00:00,166.04295
2025-05-11 16:00:00,128.11075
2025-05-11 16:00:00,322.48785
2025-05-11 17:00:00,115.95664
2025-05-11 18:00:00,156.21672
2025-05-11 19:00:00,116.32818
2025-05-11 19:00:00,66.93484
2025-05-11 20:00:00,65.15869
2025-05-12 08:00:00,216.30527
2025-05-12 09:00:00,214.37346
2025-05-12 10:00:00,88.18921
2025-05-12 11:00:00,88.46231
2025-05-12 11:00:00,477.2264
2025-05-12 12:00:00,177.07123
2025-05-12 13:00:00,86.47225
2025-05-12 15:00:00,349.44662
2025-05-12 16:00:00,458.0957
2025-05-12 19:00:00,103.14419
2025-05-12 23:00:00,21.98701
2025-05-13 04:00:00,33.257927
2025-05-13 09:00:00,112.888916
2025-05-13 09:00:00,232.2456
2025-05-13 13:00:00,299.24918
2025-05-13 14:00:00,179.87476
2025-05-13 15:00:00,396.48532
2025-05-13 16:00:00,236.41154
2025-05-13 17:00:00,342.69952
2025-05-13 18:00:00,180.99835
2025-05-13 19:00:00,187.58475
2025-05-13 21:00:00,80.00513
2025-05-13 21:00:00,83.84064
2025-05-13 23:00:00,46.513832
2025-05-14 03:00:00,9.941852
2025-05-14 05:00:00,16.211626
2025-05-14 05:00:00,42.156986
2025-05-14 07:00:00,80.35177
2025-05-14 08:00:00,223.73386
2025-05-14 10:00:00,112.56364
2025-05-14 11:00:00,119.887886
2025-05-14 12:00:00,537.5033
2025-05-14 13:00:00,135.826
2025-05-14 16:00:00,193.39145
2025-05-14 19:00:00,77.817505
2025-05-14 19:00:00,123.393745
2025-05-14 19:00:00,154.54141
2025-05-14 20:00:00,114.82146
2025-05-15 00:00:00,44.10773
2025-05-15 02:00:00,13.793553
2025-05-15 03:00:00,16.974081
2025-05-15 03:00:00,10.712674
2025-05-15 04:00:00,10.845464
2025-05-15 07:00:00,247.75076
2025-05-15 12:00:00,132.68106
2025-05-15 13:00:00,144.59885
2025-05-15 17:00:00,463.32828
2025-05-15 18:00:00,250.08224
2025-05-16 00:00:00,28.382635
2025-05-16 04:00:00,9.180581
2025-05-16 07:00:00,144.78426
2025-05-16 11:00:00,139.71507
2025-05-16 15:00:00,251.60013
2025-05-16 16:00:00,449.25122
2025-05-16 18:00:00,319.85492
2025-05-16 21:00:00,127.01634
2025-05-16 22:00:00,89.474655
2025-05-17 00:00:00,47.322163
2025-05-17 01:00:00,34.15278
2025-05-17 05:00:00,42.569836
2025-05-17 05:00:00,14.162463
2025-05-17 09:00:00,146.00104
2025-05-17 09:00:00,516.04156
2025-05-17 13:00:00,160.4071
2025-05-17 15:00:00,179.92587
2025-05-17 16:00:00,166.96944
2025-05-17 17:00:00,335.06564
2025-05-17 18:00:00,117.775536
2025-05-17 18:00:00,166.8362
2025-05-17 19:00:00,119.2249
2025-05-17 23:00:00,87.10613
2025-05-18 00:00:00,44.330334
2025-05-18 00:00:00,84.82477
2025-05-18 00:00:00,46.807602
2025-05-18 07:00:00,11.4719715
2025-05-18 07:00:00,15.735113
2025-05-18 08:00:00,48.91536
2025-05-18 08:00:00,28.928267
2025-05-18 08:00:00,38.815605
2025-05-18 11:00:00,167.28029
2025-05-18 13:00:00,173.61581
2025-05-18 14:00:00,114.17928
2025-05-18 19:00:00,73.111305
2025-05-18 20:00:00,75.08599
2025-05-18 22:00:00,105.47958
2025-05-18 22:00:00,44.260895
2025-05-19 00:00:00,18.597599
2025-05-19 00:00:00,53.653748
2025-05-19 03:00:00,8.115432
2025-05-19 03:00:00,6.629298
2025-05-19 04:00:00,5.0322943
2025-05-19 05:00:00,12.841348
2025-05-19 09:00:00,95.1806
2025-05-19 10:00:00,111.687515
2025-05-19 16:00:00,201.8338
2025-05-19 16:00:00,170.58597
2025-05-19 18:00:00,357.08365
2025-05-19 18:00:00,226.72987
2025-05-19 20:00:00,72.92331
2025-05-19 22:00:00,46.89725
2025-05-20 02:00:00,6.5761867
2025-05-20 02:00:00,7.3488812
2025-05-20 02:00:00,8.976927
2025-05-20 06:00:00,51.024708
2025-05-20 07:00:00,82.48881
2025-05-20 07:00:00,740.336
2025-05-20 08:00:00,505.01993
2025-05-20 09:00:00,596.5255
2025-05-20 09:00:00,109.38552
2025-05-20 13:00:00,160.5326
2025-05-20 14:00:00,159.84766
2025-05-20 14:00:00,326.386
2025-05-20 14:00:00,165.17674
2025-05-20 15:00:00,237.66544
2025-05-20 15:00:00,212.30101
2025-05-20 16:00:00,478.48367
2025-05-20 17:00:00,229.35709
2025-05-20 20:00:00,100.01285
2025-05-20 21:00:00,81.98353
2025-05-20 22:00:00,61.171764
2025-05-20 22:00:00,155.034
2025-05-20 23:00:00,40.6925
2025-05-21 02:00:00,8.203146
2025-05-21 02:00:00,6.5761867
2025-05-21 03:00:00,9.247811
2025-05-21 07:00:00,148.84142
2025-05-21 08:00:00,92.20698
2025-05-21 14:00:00,167.73958
2025-05-21 18:00:00,392.12112
2025-05-21 18:00:00,251.0077
2025-05-21 19:00:00,122.19746
2025-05-21 20:00:00,101.760956
2025-05-21 23:00:00,45.649254
2025-05-21 23:00:00,24.750628
2025-05-22 02:00:00,8.425513
2025-05-22 02:00:00,12.597258
2025-05-22 05:00:00,15.042965
2025-05-22 07:00:00,376.66467
2025-05-22 09:00:00,264.14954
2025-05-22 09:00:00,80.58745
2025-05-22 09:00:00,268.0452
2025-05-22 10:00:00,113.613045
2025-05-22 13:00:00,172.09056
2025-05-22 14:00:00,194.72491
2025-05-22 14:00:00,171.78433
2025-05-22 17:00:00,465.88666
2025-05-22 18:00:00,205.47366
2025-05-22 22:00:00,78.13474
2025-05-22 23:00:00,46.879856
2025-05-23 00:00:00,24.59833
2025-05-23 01:00:00,72.10372
2025-05-23 01:00:00,14.769148
2025-05-23 03:00:00,6.5100355
2025-05-23 03:00:00,8.952469
2025-05-23 05:00:00,13.9231825
2025-05-23 07:00:00,684.9361
2025-05-23 08:00:00,86.33608
2025-05-23 09:00:00,246.14279
2025-05-23 11:00:00,161.91145
2025-05-23 13:00:00,179.0238
2025-05-23 14:00:00,120.62727
2025-05-23 14:00:00,159.13217
2025-05-23 16:00:00,227.65402
2025-05-23 17:00:00,221.54912
2025-05-23 17:00:00,321.20844
2025-05-23 20:00:00,159.87775
2025-05-23 20:00:00,98.52546
2025-05-23 21:00:00,111.30689
2025-05-23 21:00:00,66.86909
2025-05-23 21:00:00,121.43725
2025-05-23 23:00:00,47.807346
2025-05-24 00:00:00,38.185516
2025-05-24 01:00:00,27.295553
2025-05-24 02:00:00,68.158806
2025-05-24 04:00:00,12.804652
2025-05-24 04:00:00,14.53292
2025-05-24 05:00:00,22.601107
2025-05-24 06:00:00,25.772865
2025-05-24 07:00:00,155.33899
2025-05-24 07:00:00,257.85983
2025-05-24 08:00:00,118.36754
2025-05-24 09:00:00,86.77686
2025-05-24 10:00:00,172.23375
2025-05-24 13:00:00,213.97124
2025-05-24 17:00:00,172.09135
2025-05-24 18:00:00,184.9347
2025-05-24 23:00:00,59.169144
2025-05-24 23:00:00,87.10077
2025-05-24 23:00:00,160.92445
2025-05-25 00:00:00,43.42389
2025-05-25 01:00:00,33.030437
2025-05-25 01:00:00,32.47801
2025-05-25 03:00:00,19.643335
2025-05-25 04:00:00,13.113347
2025-05-25 05:00:00,9.364097
2025-05-25 06:00:00,21.923813
2025-05-25 07:00:00,47.10226
2025-05-25 08:00:00,126.06643
2025-05-25 11:00:00,183.28096
2025-05-25 13:00:00,573.57324
2025-05-25 13:00:00,157.00624
2025-05-25 15:00:00,166.32997
2025-05-25 17:00:00,109.9727
2025-05-25 21:00:00,37.49686
2025-05-25 22:00:00,42.634365
2025-05-26 01:00:00,14.560699
2025-05-26 06:00:00,155.11015
2025-05-26 08:00:00,81.57618
2025-05-26 09:00:00,62.125782
2025-05-26 12:00:00,271.8556
2025-05-26 13:00:00,157.4001
2025-05-26 13:00:00,145.15654
2025-05-26 14:00:00,137.21017
2025-05-26 15:00:00,354.54382
2025-05-26 15:00:00,224.48698
2025-05-26 16:00:00,191.77754
2025-05-26 20:00:00,223.41565
2025-05-26 21:00:00,64.63279
2025-05-27 03:00:00,31.411865
2025-05-27 05:00:00,10.794564
2025-05-27 06:00:00,39.527245
2025-05-27 09:00:00,588.05164
2025-05-27 10:00:00,111.64363
2025-05-27 11:00:00,111.0769
2025-05-27 12:00:00,132.49174
2025-05-27 12:00:00,161.62029
2025-05-27 14:00:00,154.62321
2025-05-27 16:00:00,328.8076
2025-05-27 17:00:00,196.47891
2025-05-27 21:00:00,67.86302
2025-05-27 22:00:00,72.95192
2025-05-28 01:00:00,6.620142
2025-05-28 06:00:00,161.4148
2025-05-28 07:00:00,246.90184
2025-05-28 07:00:00,347.20532
2025-05-28 08:00:00,81.060104
2025-05-28 08:00:00,92.32633
2025-05-28 11:00:00,102.390015
2025-05-28 12:00:00,305.74814
2025-05-28 15:00:00,403.06177
2025-05-28 19:00:00,301.2275
2025-05-28 20:00:00,96.91233
2025-05-28 21:00:00,87.08922
2025-05-29 00:00:00,21.564493
2025-05-29 01:00:00,11.849311
2025-05-29 05:00:00,33.540897
2025-05-29 07:00:00,368.01523
2025-05-29 09:00:00,238.88878
2025-05-29 10:00:00,149.12558
2025-05-29 15:00:00,197.89001
2025-05-29 15:00:00,174.60052
2025-05-29 16:00:00,209.18044
2025-05-29 18:00:00,384.89474
2025-05-29 19:00:00,104.45163
2025-05-29 20:00:00,249.75043
2025-05-29 22:00:00,80.84518
2025-05-30 01:00:00,61.084927
2025-05-30 02:00:00,1.1069639
2025-05-30 03:00:00,5.570509
2025-05-30 06:00:00,33.01472
2025-05-30 06:00:00,37.991398
2025-05-30 09:00:00,561.97656
2025-05-30 10:00:00,513.48334
2025-05-30 10:00:00,261.6656
2025-05-30 13:00:00,545.749
2025-05-30 17:00:00,305.694
2025-05-30 17:00:00,394.1574
2025-05-30 17:00:00,434.3518
2025-05-30 18:00:00,398.758
2025-05-30 19:00:00,193.69801
2025-05-30 20:00:00,93.92447
2025-05-30 21:00:00,85.82405
2025-05-31 01:00:00,27.215826
2025-05-31 02:00:00,30.90525
2025-05-31 03:00:00,11.414437
2025-05-31 04:00:00,7.605979
2025-05-31 05:00:00,14.12222
2025-05-31 06:00:00,10.195827
2025-05-31 07:00:00,16.609488
2025-05-31 08:00:00,49.166706
2025-05-31 09:00:00,68.92496
2025-05-31 09:00:00,123.801025
2025-05-31 12:00:00,163.89775
2025-05-31 12:00:00,92.595184
2025-05-31 14:00:00,129.94112
2025-05-31 15:00:00,104.87424
2025-05-31 16:00:00,102.074425
2025-05-31 17:00:00,149.61723
2025-05-31 19:00:00,108.98921
2025-05-31 20:00:00,145.30908
2025-05-31 22:00:00,108.45527
2025-05-31 22:00:00,56.87938
2025-06-01 00:00:00,33.288498
2025-06-01 02:00:00,31.961218
2025-06-01 02:00:00,30.142313
2025-06-01 05:00:00,33.802765
2025-06-01 05:00:00,8.727191
2025-06-01 06:00:00,13.683686
2025-06-01 09:00:00,101.77271
2025-06-01 11:00:00,428.8655
2025-06-01 11:00:00,310.01923
2025-06-01 12:00:00,161.82375
2025-06-01 13:00:00,151.00316
2025-06-02 00:00:00,-10.740958
2025-06-02 00:00:00,-2.6247547
2025-06-02 02:00:00,-13.866428
2025-06-02 02:00:00,-13.660326
2025-06-02 04:00:00,-3.495694
2025-06-02 04:00:00,11.766632
2025-06-02 06:00:00,18.528152
2025-06-02 11:00:00,77.571365
2025-06-02 12:00:00,243.60951
2025-06-02 15:00:00,139.12393
2025-06-02 15:00:00,201.38484
2025-06-02 16:00:00,173.10701
2025-06-02 16:00:00,282.05704
2025-06-02 17:00:00,326.3384
2025-06-02 20:00:00,51.948086
2025-06-02 21:00:00,49.75841
2025-06-02 22:00:00,48.687035
2025-06-02 22:00:00,18.98632
2025-06-02 23:00:00,16.246145
2025-06-03 00:00:00,13.973576
2025-06-03 00:00:00,31.937258
2025-06-03 00:00:00,39.2985
2025-06-03 04:00:00,3.281158
2025-06-03 04:00:00,25.332928
2025-06-03 04:00:00,17.65109
2025-06-03 05:00:00,63.751514
2025-06-03 07:00:00,217.99382
2025-06-03 09:00:00,254.94772
2025-06-03 10:00:00,95.93411
2025-06-03 10:00:00,77.606346
2025-06-03 13:00:00,132.03545
2025-06-03 15:00:00,187.42447
2025-06-03 16:00:00,163.13986
2025-06-03 17:00:00,337.79834
2025-06-03 17:00:00,319.5506
2025-06-03 17:00:00,357.01706
2025-06-03 18:00:00,329.27353
2025-06-03 21:00:00,37.110992
2025-06-04 04:00:00,32.789215
2025-06-04 06:00:00,167.77902
2025-06-04 08:00:00,494.03925
2025-06-04 08:00:00,83.1066
2025-06-04 10:00:00,164.5611
2025-06-04 12:00:00,292.07684
2025-06-04 13:00:00,153.5963
2025-06-04 15:00:00,212.03983
2025-06-04 16:00:00,327.66876
2025-06-04 17:00:00,328.86322
2025-06-04 18:00:00,244.94727
2025-06-04 20:00:00,105.22483
2025-06-04 21:00:00,104.31213
2025-06-04 21:00:00,88.50873
2025-06-04 22:00:00,68.098656
2025-06-04 23:00:00,16.10331
2025-06-05 00:00:00,20.094505
2025-06-05 01:00:00,1.4665431
2025-06-05 02:00:00,6.025179
2025-06-05 02:00:00,5.2752624
2025-06-05 03:00:00,4.0703406
2025-06-05 06:00:00,276.0232
2025-06-05 07:00:00,144.00009
2025-06-05 07:00:00,645.85046
2025-06-05 10:00:00,100.69178
2025-06-05 11:00:00,272.86032
2025-06-05 13:00:00,101.53295
2025-06-05 14:00:00,502.57895
2025-06-05 16:00:00,407.45874
2025-06-05 17:00:00,192.34218
2025-06-05 17:00:00,329.7677
2025-06-05 18:00:00,244.75415
2025-06-05 20:00:00,93.71649
2025-06-06 01:00:00,2.244241
2025-06-06 03:00:00,26.1808
2025-06-06 03:00:00,-6.6364036
2025-06-06 03:00:00,-3.2455654
2025-06-06 03:00:00,-14.67499
2025-06-06 04:00:00,-2.7570894
2025-06-06 05:00:00,-1.239453
2025-06-06 05:00:00,29.67868
2025-06-06 08:00:00,113.78561
2025-06-06 09:00:00,60.012436
2025-06-06 10:00:00,101.94869
2025-06-06 11:00:00,473.5911
2025-06-06 11:00:00,149.18773
2025-06-06 12:00:00,307.08923
2025-06-06 12:00:00,161.17819
2025-06-06 13:00:00,117.11069
2025-06-06 13:00:00,85.80169
2025-06-06 14:00:00,189.65646
2025-06-06 15:00:00,199.34212
2025-06-06 16:00:00,277.1494
2025-06-06 16:00:00,211.924
2025-06-06 16:00:00,311.57452
2025-06-06 20:00:00,151.22992
2025-06-07 00:00:00,36.365887
2025-06-07 00:00:00,41.903976
2025-06-07 00:00:00,49.441246
2025-06-07 00:00:00,41.547424
2025-06-07 03:00:00,7.7157564
2025-06-07 03:00:00,-14.927054
2025-06-07 04:00:00,4.3064127
2025-06-07 09:00:00,223.05626
2025-06-07 09:00:00,51.82076
2025-06-07 11:00:00,333.30817
2025-06-07 11:00:00,519.83923
2025-06-07 11:00:00,86.19326
2025-06-07 12:00:00,535.22943
2025-06-07 12:00:00,162.26672
2025-06-07 12:00:00,168.06418
2025-06-07 16:00:00,155.13629
2025-06-07 16:00:00,335.7641
2025-06-07 17:00:00,117.35129
2025-06-07 18:00:00,174.05809
2025-06-07 18:00:00,175.15196
2025-06-07 22:00:00,108.54913
2025-06-07 22:00:00,61.946365
2025-06-07 23:00:00,80.129135
2025-06-07 23:00:00,80.18238
2025-06-07 23:00:00,49.96825
2025-06-08 01:00:00,31.591478
2025-06-08 03:00:00,11.080167
2025-06-08 03:00:00,-3.3510952
2025-06-08 04:00:00,-0.06077262
2025-06-08 05:00:00,-44.507633
2025-06-08 05:00:00,29.234722
2025-06-08 08:00:00,18.871786
2025-06-08 09:00:00,177.67445
2025-06-08 11:00:00,74.875984
2025-06-08 13:00:00,84.86053
2025-06-08 15:00:00,136.84038
2025-06-08 15:00:00,92.35338
2025-06-08 15:00:00,154.46506
2025-06-08 19:00:00,65.27595
2025-06-08 19:00:00,163.79364
2025-06-09 00:00:00,6.0961003
2025-06-09 03:00:00,-8.889242
2025-06-09 04:00:00,-5.5046887
2025-06-09 08:00:00,435.0594
2025-06-09 11:00:00,140.94016
2025-06-09 11:00:00,73.1848
2025-06-09 14:00:00,120.528435
2025-06-09 14:00:00,110.052444
2025-06-09 14:00:00,130.6841
2025-06-09 16:00:00,125.36881
2025-06-09 17:00:00,402.9781
2025-06-09 18:00:00,202.78719
2025-06-09 19:00:00,89.95194
2025-06-09 20:00:00,195.88757
2025-06-09 22:00:00,8.220337
2025-06-10 05:00:00,80.760254
2025-06-10 05:00:00,38.90787
2025-06-10 06:00:00,93.41628
2025-06-10 06:00:00,146.90137
2025-06-10 07:00:00,222.72913
2025-06-10 08:00:00,207.44733
2025-06-10 10:00:00,109.56075
2025-06-10 11:00:00,460.38208
2025-06-10 13:00:00,189.446
2025-06-10 14:00:00,502.5458
2025-06-10 14:00:00,141.19385
2025-06-10 14:00:00,140.78717
2025-06-10 16:00:00,190.73885
2025-06-10 17:00:00,155.6462
2025-06-10 20:00:00,91.42003
2025-06-10 22:00:00,71.277275
2025-06-10 22:00:00,111.43455
2025-06-13 02:00:00,-1.3474417
2025-06-13 03:00:00,-1.0771115
2025-06-13 09:00:00,221.2746
2025-06-13 10:00:00,110.2535
2025-06-13 11:00:00,104.28135
2025-06-13 12:00:00,96.61705
2025-06-13 16:00:00,303.7173
2025-06-13 16:00:00,424.52634
2025-06-13 17:00:00,364.40872
2025-06-13 23:00:00,58.64246
2025-06-13 23:00:00,19.405787
2025-06-14 00:00:00,46.661407
2025-06-14 00:00:00,26.488665
2025-06-14 02:00:00,-2.9633858
2025-06-14 05:00:00,13.817003
2025-06-14 06:00:00,4.316674
2025-06-14 07:00:00,130.72551
2025-06-14 08:00:00,39.32503
2025-06-14 09:00:00,100.60645
2025-06-14 09:00:00,75.46743
2025-06-14 09:00:00,53.134018
2025-06-14 11:00:00,111.497
2025-06-14 11:00:00,522.1928
2025-06-14 14:00:00,139.95132
2025-06-14 20:00:00,72.20961
2025-06-14 22:00:00,78.85277
2025-06-14 22:00:00,38.991726
2025-06-15 00:00:00,31.141811
2025-06-15 01:00:00,24.42075
2025-06-15 01:00:00,25.888668
2025-06-15 03:00:00,-40.89724
2025-06-15 05:00:00,-31.84983
2025-06-15 06:00:00,5.1147547
2025-06-15 08:00:00,32.811935
2025-06-15 08:00:00,27.909195
2025-06-15 08:00:00,97.02766
2025-06-15 09:00:00,160.01157
2025-06-15 11:00:00,461.4259
2025-06-15 12:00:00,324.26495
2025-06-15 15:00:00,137.30968
2025-06-15 17:00:00,173.48347
2025-06-15 20:00:00,54.830906
2025-06-15 21:00:00,52.69235
2025-06-15 21:00:00,20.825886
2025-06-15 22:00:00,30.29849
2025-06-15 23:00:00,-8.951194
2025-06-16 01:00:00,2.7622752
2025-06-16 04:00:00,4.8167963
2025-06-16 05:00:00,16.012178
2025-06-16 06:00:00,35.580376
2025-06-16 07:00:00,144.86298
2025-06-16 10:00:00,201.12968
2025-06-16 11:00:00,92.58417
2025-06-16 11:00:00,106.73202
2025-06-16 12:00:00,235.5811
2025-06-16 15:00:00,152.33434
2025-06-16 15:00:00,504.8128
2025-06-16 16:00:00,284.87955
2025-06-16 16:00:00,377.3014
2025-06-16 16:00:00,190.91577
2025-06-16 16:00:00,195.58647
2025-06-16 17:00:00,345.64752
2025-06-16 17:00:00,339.26514
2025-06-16 19:00:00,89.666985
2025-06-16 20:00:00,68.666336
2025-06-16 22:00:00,29.68494
2025-06-16 22:00:00,47.3176
2025-06-16 22:00:00,117.04649
2025-06-16 23:00:00,49.806896
2025-06-17 00:00:00,13.896116
2025-06-17 01:00:00,-0.46822274
2025-06-17 02:00:00,3.6091366
2025-06-17 03:00:00,3.6091366
2025-06-17 05:00:00,18.715914
2025-06-17 07:00:00,206.75426
2025-06-17 07:00:00,63.601707
2025-06-17 08:00:00,205.9692
2025-06-17 09:00:00,550.7172
2025-06-17 11:00:00,240.00188
2025-06-17 12:00:00,487.84494
2025-06-17 15:00:00,168.68298
2025-06-17 16:00:00,162.75984
2025-06-17 17:00:00,301.00204
2025-06-17 17:00:00,221.17212
2025-06-17 19:00:00,106.61439
2025-06-17 22:00:00,54.800713
2025-06-17 22:00:00,22.846525
2025-06-18 00:00:00,13.049409
2025-06-18 01:00:00,-2.1139839
2025-06-18 02:00:00,5.0829754
2025-06-18 04:00:00,-4.2034607
2025-06-18 07:00:00,66.68439
2025-06-18 08:00:00,209.90727
2025-06-18 09:00:00,543.78546
2025-06-18 11:00:00,102.89522
2025-06-18 12:00:00,193.36884
2025-06-18 13:00:00,150.64517
2025-06-18 17:00:00,338.18246
2025-06-18 17:00:00,323.7764
2025-06-18 18:00:00,238.177
2025-06-18 19:00:00,126.20188
2025-06-18 20:00:00,90.575966
2025-06-18 20:00:00,97.51649
2025-06-18 20:00:00,103.37281
2025-06-18 22:00:00,56.28376
2025-06-19 00:00:00,10.490372
2025-06-19 00:00:00,18.634148
2025-06-19 01:00:00,-3.086251
2025-06-19 02:00:00,6.6927614
2025-06-19 06:00:00,120.10832
2025-06-19 07:00:00,653.5711
2025-06-19 09:00:00,128.32872
2025-06-19 10:00:00,163.01495
2025-06-19 12:00:00,197.41359
2025-06-19 14:00:00,180.69281
2025-06-19 14:00:00,163.93788
2025-06-19 15:00:00,235.55254
2025-06-19 15:00:00,208.97551
2025-06-19 17:00:00,452.6481
2025-06-19 17:00:00,221.22786
2025-06-19 17:00:00,159.96866
2025-06-19 18:00:00,238.177
2025-06-19 21:00:00,170.81908
2025-06-19 21:00:00,84.02806
2025-06-20 06:00:00,77.48184
2025-06-20 06:00:00,129.61198
2025-06-20 06:00:00,271.21573
2025-06-20 08:00:00,402.36792
2025-06-20 10:00:00,139.85384
2025-06-20 12:00:00,158.85234
2025-06-20 14:00:00,158.71822
2025-06-20 15:00:00,509.0204
2025-06-20 16:00:00,276.69714
2025-06-20 17:00:00,174.97043
2025-06-20 19:00:00,144.86487
2025-06-20 20:00:00,88.63029
2025-06-20 20:00:00,105.6229
2025-06-20 21:00:00,76.17653
2025-06-20 22:00:00,70.20556
2025-06-20 22:00:00,141.33899
2025-06-21 00:00:00,27.697844
2025-06-21 01:00:00,25.496704
2025-06-21 04:00:00,18.033962
2025-06-21 05:00:00,-2.4550996
2025-06-21 05:00:00,-7.628995
2025-06-21 05:00:00,-0.96407384
2025-06-21 07:00:00,53.179775
2025-06-21 07:00:00,19.862883
2025-06-21 14:00:00,144.37326
2025-06-21 16:00:00,204.60536
2025-06-21 17:00:00,94.254684
2025-06-21 17:00:00,122.6715
2025-06-21 19:00:00,106.81974
2025-06-21 20:00:00,184.0126
2025-06-21 21:00:00,70.655945
2025-06-21 23:00:00,68.81367
2025-06-21 23:00:00,64.982216
2025-06-21 23:00:00,81.11343
2025-06-22 02:00:00,0.7680624
2025-06-22 02:00:00,12.67526
2025-06-22 06:00:00,-5.0767317
2025-06-22 07:00:00,2.088255
2025-06-22 07:00:00,16.322264
2025-06-22 11:00:00,78.99509
2025-06-22 11:00:00,467.25793
2025-06-22 12:00:00,348.7963
2025-06-22 13:00:00,141.83861
2025-06-22 15:00:00,210.98653
2025-06-22 17:00:00,101.62723
2025-06-22 18:00:00,123.27073
2025-06-22 18:00:00,105.99248
2025-06-22 19:00:00,104.00986
2025-06-22 19:00:00,70.05413
2025-06-22 20:00:00,53.731697
2025-06-22 20:00:00,64.42361
2025-06-22 22:00:00,32.317635
2025-06-22 23:00:00,-4.165027
2025-06-22 23:00:00,30.311062
2025-06-22 23:00:00,14.589411
2025-06-23 00:00:00,6.068464
2025-06-23 00:00:00,15.245474
2025-06-23 01:00:00,6.9296017
2025-06-23 01:00:00,6.2900333
2025-06-23 03:00:00,2.8169816
2025-06-23 03:00:00,-1.7101208
2025-06-23 04:00:00,1.5419697
2025-06-23 07:00:00,70.74423
2025-06-23 12:00:00,482.19766
2025-06-23 12:00:00,92.13318
2025-06-23 14:00:00,162.27185
2025-06-23 16:00:00,162.25784
2025-06-23 17:00:00,216.54482
2025-06-23 18:00:00,172.36214
2025-06-23 19:00:00,74.73404
2025-06-23 21:00:00,89.211555
2025-06-23 22:00:00,116.70296
2025-06-24 01:00:00,7.370017
2025-06-24 02:00:00,2.858408
2025-06-24 03:00:00,1.3460661
2025-06-24 03:00:00,2.709386
2025-06-24 04:00:00,-3.3671556
2025-06-24 07:00:00,686.15826
2025-06-24 08:00:00,85.4697
2025-06-24 12:00:00,124.72891
2025-06-24 12:00:00,154.21375
2025-06-24 16:00:00,431.85794
2025-06-24 20:00:00,90.63459
2025-06-24 21:00:00,74.46714
2025-06-24 22:00:00,64.94944
2025-06-25 00:00:00,29.960037
2025-06-25 01:00:00,12.273897
2025-06-25 01:00:00,4.3137536
2025-06-25 01:00:00,33.483856
2025-06-25 04:00:00,0.14475882
2025-06-25 06:00:00,286.1852
2025-06-25 09:00:00,65.29654
2025-06-25 12:00:00,121.51108
2025-06-25 15:00:00,506.78955
2025-06-25 15:00:00,396.5621
2025-06-25 17:00:00,193.22087
2025-06-25 21:00:00,84.33807
2025-06-25 23:00:00,48.91356
2025-06-25 23:00:00,60.475758
2025-06-26 01:00:00,5.949293
2025-06-26 02:00:00,0.4188515
2025-06-26 05:00:00,67.03988
2025-06-26 05:00:00,4.255374
2025-06-26 06:00:00,80.4362
2025-06-26 06:00:00,22.753334
2025-06-26 06:00:00,139.3882
2025-06-26 09:00:00,174.10262
2025-06-26 09:00:00,248.30432
2025-06-26 09:00:00,97.22335
2025-06-26 13:00:00,149.9663
2025-06-26 13:00:00,151.54701
2025-06-26 16:00:00,299.08893
2025-06-26 17:00:00,226.12895
2025-06-26 18:00:00,244.28053
2025-06-26 19:00:00,224.32854
2025-06-26 21:00:00,157.97884
2025-06-26 22:00:00,58.078014
2025-06-26 23:00:00,40.349407
2025-06-27 01:00:00,-14.537585
2025-06-27 01:00:00,-1.7704524
2025-06-27 02:00:00,-7.756058
2025-06-27 02:00:00,27.159616
2025-06-27 03:00:00,22.490948
2025-06-27 04:00:00,-8.080875
2025-06-27 05:00:00,12.934694
2025-06-27 06:00:00,24.788818
2025-06-27 08:00:00,62.248734
2025-06-27 09:00:00,232.05312
2025-06-27 09:00:00,147.22739
2025-06-27 10:00:00,97.15001
2025-06-27 10:00:00,86.377426
2025-06-27 14:00:00,333.94482
2025-06-27 18:00:00,219.95184
2025-06-27 19:00:00,139.26678
2025-06-27 19:00:00,118.41147
2025-06-27 20:00:00,70.07504
2025-06-27 21:00:00,76.9714
2025-06-27 22:00:00,94.99446
2025-06-28 00:00:00,39.14433
2025-06-28 00:00:00,40.92372
2025-06-28 03:00:00,-12.154655
2025-06-28 03:00:00,-6.1290684
2025-06-28 03:00:00,8.399836
2025-06-28 05:00:00,-6.9984126
2025-06-28 09:00:00,125.76725
2025-06-28 09:00:00,403.9621
2025-06-28 13:00:00,83.70576
2025-06-28 15:00:00,351.7482
2025-06-28 16:00:00,94.247536
2025-06-28 17:00:00,132.26903
2025-06-28 19:00:00,189.78629
2025-06-29 01:00:00,29.718807
2025-06-29 01:00:00,19.452187
2025-06-29 05:00:00,10.585077
2025-06-29 06:00:00,-2.5691123
2025-06-29 09:00:00,28.419258
2025-06-29 10:00:00,44.639584
2025-06-29 12:00:00,98.301025
2025-06-29 12:00:00,64.88449
2025-06-29 12:00:00,85.79667
2025-06-29 13:00:00,67.92081
2025-06-29 13:00:00,65.48595
2025-06-29 19:00:00,70.21863
2025-06-29 20:00:00,95.07297
2025-06-29 20:00:00,20.526497
2025-06-29 21:00:00,36.329323
2025-06-29 23:00:00,8.891281
2025-06-30 00:00:00,11.930223
2025-06-30 01:00:00,4.096807
2025-06-30 02:00:00,1.968219
2025-06-30 04:00:00,-6.4377613
2025-06-30 06:00:00,32.687218
2025-06-30 06:00:00,76.289856
2025-06-30 07:00:00,642.3538
2025-06-30 07:00:00,57.17199
2025-06-30 08:00:00,461.8884
2025-06-30 11:00:00,65.14915
2025-06-30 11:00:00,76.9164
2025-06-30 12:00:00,444.03592
2025-06-30 16:00:00,130.72119
2025-06-30 16:00:00,290.3844
2025-06-30 21:00:00,24.33766
2025-06-30 21:00:00,73.90631
2025-06-30 22:00:00,49.26164
2025-06-30 22:00:00,14.097212
2025-06-30 23:00:00,1.6246016
2025-07-01 01:00:00,15.305325
2025-07-01 05:00:00,70.70414
2025-07-01 05:00:00,34.986855
2025-07-01 06:00:00,85.04796
2025-07-01 06:00:00,153.1922
2025-07-01 08:00:00,81.99289
2025-07-01 09:00:00,99.847946
2025-07-01 10:00:00,155.85793
2025-07-01 13:00:00,157.85246
2025-07-01 13:00:00,132.58139
2025-07-01 16:00:00,425.68677
2025-07-02 05:00:00,74.26268
2025-07-02 07:00:00,135.49324
2025-07-02 15:00:00,177.53462
2025-07-02 17:00:00,329.56445
2025-07-02 17:00:00,457.07343
2025-07-02 18:00:00,242.75232
2025-07-02 21:00:00,91.63001
2025-07-02 22:00:00,119.20871
2025-07-02 23:00:00,50.20858
2025-07-03 00:00:00,22.820568
2025-07-03 01:00:00,40.577988
2025-07-03 04:00:00,8.359435
2025-07-03 06:00:00,90.230934
2025-07-03 08:00:00,84.08027
2025-07-03 08:00:00,221.83324
2025-07-03 10:00:00,171.6935
2025-07-03 10:00:00,113.04584
2025-07-03 12:00:00,157.22209
2025-07-03 13:00:00,513.5159
2025-07-03 19:00:00,197.8266
2025-07-03 19:00:00,145.97507
2025-07-03 20:00:00,55.977783
2025-07-03 23:00:00,43.757477
2025-07-04 00:00:00,25.850645
2025-07-04 00:00:00,34.86268
2025-07-04 02:00:00,22.792685
2025-07-04 04:00:00,9.019034
2025-07-04 06:00:00,94.09994
2025-07-04 07:00:00,289.6937
2025-07-04 11:00:00,135.98042
2025-07-04 11:00:00,276.7665
2025-07-04 12:00:00,172.9372
2025-07-04 13:00:00,143.59981
2025-07-04 15:00:00,249.03279
2025-07-04 15:00:00,223.54816
2025-07-04 16:00:00,210.15692
2025-07-04 17:00:00,226.44176
2025-07-04 18:00:00,224.18839
2025-07-04 23:00:00,75.90493
2025-07-05 02:00:00,25.576427
2025-07-05 03:00:00,12.780219
2025-07-05 04:00:00,14.695627
2025-07-05 05:00:00,13.299916
2025-07-05 06:00:00,39.147934
2025-07-05 06:00:00,22.695566
2025-07-05 06:00:00,71.81848
2025-07-05 09:00:00,71.50303
2025-07-05 09:00:00,62.299164
2025-07-05 11:00:00,95.29853
2025-07-05 11:00:00,128.49277
2025-07-05 12:00:00,132.95392
2025-07-05 13:00:00,113.305695
2025-07-05 14:00:00,114.17423
2025-07-05 14:00:00,161.4058
2025-07-05 14:00:00,207.93909
2025-07-05 17:00:00,175.86815
2025-07-05 18:00:00,173.86555
2025-07-05 19:00:00,112.61806
2025-07-05 22:00:00,178.64853
2025-07-06 01:00:00,33.374207
2025-07-06 02:00:00,30.726353
2025-07-06 03:00:00,25.432379
2025-07-06 03:00:00,36.736805
2025-07-06 05:00:00,14.762524
2025-07-06 09:00:00,319.78915
2025-07-06 10:00:00,149.37729
2025-07-06 11:00:00,83.88591
2025-07-06 12:00:00,505.77097
2025-07-06 12:00:00,171.44084
2025-07-06 19:00:00,81.27982
2025-07-06 19:00:00,101.59279
2025-07-06 19:00:00,66.35305
2025-07-06 21:00:00,42.75496
2025-07-06 22:00:00,45.025726
2025-07-06 23:00:00,31.214489
2025-07-07 00:00:00,-8.178339
2025-07-07 01:00:00,11.627502
2025-07-07 03:00:00,-9.444617
2025-07-07 05:00:00,70.57755
2025-07-07 06:00:00,144.60786
2025-07-07 08:00:00,69.895256
2025-07-07 09:00:00,504.67365
2025-07-07 10:00:00,53.466217
2025-07-07 15:00:00,138.86322
2025-07-07 17:00:00,161.39366
2025-07-08 00:00:00,19.96095
2025-07-08 02:00:00,6.3630314
2025-07-08 03:00:00,5.9220376
2025-07-08 03:00:00,13.811227
2025-07-08 05:00:00,35.823936
2025-07-08 05:00:00,16.492651
2025-07-08 06:00:00,98.35839
2025-07-08 13:00:00,95.565605
2025-07-08 14:00:00,97.3446
2025-07-08 15:00:00,177.65993
2025-07-08 19:00:00,119.67367
2025-07-08 20:00:00,215.84242
2025-07-08 22:00:00,69.4517
2025-07-08 22:00:00,70.64386
2025-07-09 00:00:00,21.002447
2025-07-09 01:00:00,1.0106745
2025-07-09 05:00:00,41.607784
2025-07-09 06:00:00,96.49658
2025-07-09 06:00:00,177.67336
2025-07-09 08:00:00,217.69974
2025-07-09 08:00:00,95.673744
2025-07-09 09:00:00,128.37517
2025-07-09 10:00:00,162.0267
2025-07-09 11:00:00,93.23749
2025-07-09 12:00:00,130.22272
2025-07-09 13:00:00,159.93436
2025-07-09 14:00:00,149.59608
2025-07-09 15:00:00,134.20413
2025-07-09 19:00:00,140.74672
2025-07-09 20:00:00,97.055695
2025-07-09 21:00:00,95.78165
2025-07-10 01:00:00,6.5784264
2025-07-10 02:00:00,10.984237
2025-07-10 03:00:00,30.055126
2025-07-10 05:00:00,22.366129
2025-07-10 14:00:00,163.92622
2025-07-10 16:00:00,440.91187
2025-07-10 17:00:00,332.7759
2025-07-10 18:00:00,132.89888
2025-07-10 20:00:00,120.512726
2025-07-10 20:00:00,158.35654
2025-07-10 22:00:00,94.857796
2025-07-10 22:00:00,80.293076
2025-07-10 23:00:00,60.381992
2025-07-11 00:00:00,27.16174
2025-07-11 03:00:00,28.821074
2025-07-11 04:00:00,16.52403
2025-07-11 05:00:00,19.540771
2025-07-11 05:00:00,16.193838
2025-07-11 05:00:00,46.84619
2025-07-11 09:00:00,117.26647
2025-07-11 10:00:00,179.3928
2025-07-11 12:00:00,217.88065
2025-07-11 14:00:00,162.40933
2025-07-11 14:00:00,183.59363
2025-07-11 14:00:00,340.66913
2025-07-11 16:00:00,446.03275
2025-07-11 17:00:00,227.94653
2025-07-11 18:00:00,196.83928
2025-07-11 18:00:00,126.09741
2025-07-11 18:00:00,226.56274
2025-07-11 19:00:00,84.63584
2025-07-11 23:00:00,73.94493
2025-07-12 01:00:00,32.70686
2025-07-12 03:00:00,58.811092
2025-07-12 09:00:00,138.18411
2025-07-12 10:00:00,576.2203
2025-07-12 11:00:00,105.43364
2025-07-12 13:00:00,611.6649
2025-07-12 14:00:00,127.2404
2025-07-12 15:00:00,175.83334
2025-07-12 19:00:00,112.47914
2025-07-12 22:00:00,128.7629
2025-07-12 22:00:00,93.392204
2025-07-12 23:00:00,90.9396
2025-07-13 01:00:00,66.27128
2025-07-13 03:00:00,40.01061
2025-07-13 04:00:00,15.210175
2025-07-13 07:00:00,66.14455
2025-07-13 08:00:00,42.38425
2025-07-13 09:00:00,81.332146
2025-07-13 10:00:00,97.47663
2025-07-13 13:00:00,152.34631
2025-07-13 13:00:00,141.23705
2025-07-13 14:00:00,350.0736
2025-07-13 14:00:00,216.20175
2025-07-13 15:00:00,349.42743
2025-07-13 15:00:00,118.3557
2025-07-13 16:00:00,171.07239
2025-07-13 17:00:00,169.59164
2025-07-13 17:00:00,122.46448
2025-07-13 18:00:00,145.53606
2025-07-13 21:00:00,77.14292
2025-07-14 01:00:00,12.628691
2025-07-14 04:00:00,7.53625
2025-07-14 07:00:00,330.6561
2025-07-14 08:00:00,105.82227
2025-07-14 08:00:00,90.02406
2025-07-14 10:00:00,183.16122
2025-07-14 11:00:00,465.01657
2025-07-14 14:00:00,151.25938
2025-07-14 15:00:00,113.99398
2025-07-14 18:00:00,143.95427
2025-07-14 19:00:00,54.59101
2025-07-14 20:00:00,79.67849
2025-07-14 21:00:00,67.755165
2025-07-15 01:00:00,14.901785
2025-07-15 01:00:00,59.635883
2025-07-15 08:00:00,103.24238
2025-07-15 09:00:00,574.58093
2025-07-15 10:00:00,488.6363
2025-07-15 17:00:00,362.2937
2025-07-15 19:00:00,108.27173
2025-07-15 21:00:00,87.97939
2025-07-15 22:00:00,142.34895
2025-07-15 22:00:00,52.42227
2025-07-16 01:00:00,5.3310585
2025-07-16 02:00:00,8.546962
2025-07-16 04:00:00,6.1880426
2025-07-16 04:00:00,3.1686764
2025-07-16 07:00:00,78.00415
2025-07-16 08:00:00,801.49725
2025-07-16 09:00:00,172.9049
2025-07-16 11:00:00,259.3311
2025-07-16 12:00:00,115.07496
2025-07-16 14:00:00,169.15692
2025-07-16 16:00:00,223.31328
2025-07-16 19:00:00,76.80133
2025-07-16 21:00:00,99.897316
2025-07-17 00:00:00,32.249004
2025-07-17 01:00:00,15.083265
2025-07-17 07:00:00,76.34661
2025-07-17 09:00:00,113.30069
2025-07-17 09:00:00,266.1845
2025-07-17 11:00:00,169.57709
2025-07-17 13:00:00,171.78008
2025-07-17 15:00:00,565.79987
2025-07-17 18:00:00,190.07887
2025-07-17 21:00:00,55.77095
2025-07-17 22:00:00,78.481476
2025-07-17 22:00:00,66.415955
2025-07-17 23:00:00,58.266216
2025-07-17 23:00:00,43.31459
2025-07-17 23:00:00,102.81173
2025-07-18 00:00:00,15.492914
2025-07-18 03:00:00,10.772472
2025-07-18 05:00:00,111.48844
2025-07-18 06:00:00,40.942062
2025-07-18 06:00:00,78.729
2025-07-18 07:00:00,134.44643
2025-07-18 08:00:00,750.6149
2025-07-18 13:00:00,166.34592
2025-07-18 15:00:00,573.8248
2025-07-18 17:00:00,191.90489
2025-07-18 17:00:00,438.70276
2025-07-18 20:00:00,68.8526
2025-07-18 21:00:00,120.37706
2025-07-18 22:00:00,97.60526
2025-07-19 03:00:00,19.355745
2025-07-19 05:00:00,16.652308
2025-07-19 06:00:00,69.684364
2025-07-19 07:00:00,37.167427
2025-07-19 10:00:00,149.67386
2025-07-19 12:00:00,148.99994
2025-07-19 14:00:00,357.67572
2025-07-19 16:00:00,584.3412
2025-07-19 17:00:00,130.37881
2025-07-19 18:00:00,118.12309
2025-07-19 22:00:00,92.59073
2025-07-19 23:00:00,51.34813
2025-07-20 00:00:00,48.415062
2025-07-20 01:00:00,56.899315
2025-07-20 02:00:00,24.06921
2025-07-20 03:00:00,18.188704
2025-07-20 12:00:00,144.78581
2025-07-20 12:00:00,157.21489
2025-07-20 13:00:00,208.77051
2025-07-20 13:00:00,154.62946
2025-07-20 14:00:00,116.4885
2025-07-20 15:00:00,156.93085
2025-07-20 16:00:00,132.26416
2025-07-20 16:00:00,110.4536
2025-07-20 17:00:00,133.6862
2025-07-20 17:00:00,314.9597
2025-07-20 19:00:00,248.81831
2025-07-20 21:00:00,60.58416
2025-07-20 22:00:00,53.89643
2025-07-21 00:00:00,6.278951
2025-07-21 01:00:00,11.977381
2025-07-21 01:00:00,8.17653
2025-07-21 01:00:00,8.356881
2025-07-21 02:00:00,9.12999
2025-07-21 04:00:00,29.080933
2025-07-21 06:00:00,88.47807
2025-07-21 06:00:00,335.52292
2025-07-21 07:00:00,73.49195
2025-07-21 08:00:00,212.74518
2025-07-21 09:00:00,96.21548
2025-07-21 11:00:00,468.11774
2025-07-21 11:00:00,90.68989
2025-07-21 12:00:00,149.79446
2025-07-21 12:00:00,258.79996
2025-07-21 14:00:00,101.1935
2025-07-21 14:00:00,149.90753
2025-07-21 15:00:00,160.59668
2025-07-21 16:00:00,169.7137
2025-07-21 17:00:00,177.7685
2025-07-21 20:00:00,95.245186
2025-07-21 21:00:00,200.40857
2025-07-22 00:00:00,13.137059
2025-07-22 01:00:00,15.601851
2025-07-22 02:00:00,58.527477
2025-07-22 03:00:00,5.174876
2025-07-22 03:00:00,7.828481
2025-07-22 03:00:00,7.344579
2025-07-22 03:00:00,5.3321733
2025-07-22 04:00:00,35.629387
2025-07-22 06:00:00,50.445644
2025-07-22 09:00:00,110.572815
2025-07-22 10:00:00,500.33395
2025-07-22 12:00:00,130.03317
2025-07-22 17:00:00,456.8018
2025-07-22 17:00:00,345.83777
2025-07-22 17:00:00,370.0181
2025-07-22 17:00:00,247.78305
2025-07-22 18:00:00,265.91223
2025-07-22 21:00:00,99.80964
2025-07-22 21:00:00,88.92899
2025-07-22 21:00:00,88.893845
2025-07-22 22:00:00,68.94819
2025-07-22 22:00:00,65.09465
2025-07-23 01:00:00,15.351061
2025-07-23 02:00:00,52.622814
2025-07-23 03:00:00,29.286179
2025-07-23 06:00:00,134.9337
2025-07-23 06:00:00,346.66678
2025-07-23 07:00:00,76.46326
2025-07-23 09:00:00,81.61725
2025-07-23 12:00:00,301.41812
2025-07-23 12:00:00,523.5559
2025-07-23 17:00:00,248.48962
2025-07-23 18:00:00,188.11453
2025-07-23 19:00:00,143.67151
2025-07-23 20:00:00,108.00403
2025-07-23 21:00:00,98.27916
2025-07-23 21:00:00,235.38017
2025-07-23 22:00:00,69.416595
2025-07-24 01:00:00,20.194645
2025-07-24 01:00:00,11.976695
2025-07-24 02:00:00,11.67661
2025-07-24 03:00:00,17.27491
2025-07-24 05:00:00,21.06303
2025-07-24 06:00:00,103.623634
2025-07-24 07:00:00,734.75244
2025-07-24 08:00:00,114.523445
2025-07-24 08:00:00,827.78937
2025-07-24 09:00:00,142.94261
2025-07-24 09:00:00,270.12173
2025-07-24 09:00:00,115.68082
2025-07-24 11:00:00,144.91513
2025-07-24 13:00:00,175.75775
2025-07-24 13:00:00,562.9056
2025-07-24 14:00:00,163.26549
2025-07-24 16:00:00,247.3596
2025-07-24 17:00:00,252.65369
2025-07-24 18:00:00,336.91467
2025-07-24 18:00:00,215.6202
2025-07-24 19:00:00,314.33405
2025-07-24 20:00:00,64.27346
2025-07-24 20:00:00,112.35424
2025-07-24 21:00:00,247.98436
2025-07-24 21:00:00,110.40159
2025-07-24 22:00:00,179.85748
2025-07-24 22:00:00,97.785866
2025-07-25 00:00:00,25.717342
2025-07-25 02:00:00,15.805772
2025-07-25 02:00:00,4.2696824
2025-07-25 06:00:00,176.24225
2025-07-25 07:00:00,139.8203
2025-07-25 08:00:00,421.74615
2025-07-25 13:00:00,173.47958
2025-07-25 15:00:00,184.50613
2025-07-25 18:00:00,321.11365
2025-07-25 18:00:00,430.9898
2025-07-25 21:00:00,103.04666
2025-07-25 23:00:00,83.40303
2025-07-26 00:00:00,52.604366
2025-07-26 06:00:00,99.258
2025-07-26 06:00:00,140.1309
2025-07-26 06:00:00,22.59377
2025-07-26 07:00:00,99.212555
2025-07-26 10:00:00,180.95473
2025-07-26 10:00:00,590.16846
2025-07-26 11:00:00,118.58307
2025-07-26 12:00:00,178.7964
2025-07-26 14:00:00,637.6702
2025-07-26 14:00:00,214.72318
2025-07-26 16:00:00,605.4433
2025-07-26 17:00:00,182.4323
2025-07-26 17:00:00,207.8255
2025-07-26 20:00:00,113.24665
2025-07-26 20:00:00,96.605225
2025-07-26 20:00:00,153.26663
2025-07-26 20:00:00,268.88547
2025-07-26 21:00:00,137.20265
2025-07-26 21:00:00,111.48986
2025-07-26 23:00:00,70.530014
2025-07-26 23:00:00,54.559578
2025-07-27 00:00:00,48.1417
2025-07-27 03:00:00,25.271519
2025-07-27 04:00:00,18.003693
2025-07-27 09:00:00,395.62622
2025-07-27 10:00:00,125.295204
2025-07-27 14:00:00,148.30043
2025-07-27 16:00:00,525.83246
2025-07-27 18:00:00,137.93423
2025-07-27 18:00:00,84.4766
2025-07-27 23:00:00,31.371624
2025-07-28 02:00:00,8.006147
2025-07-28 03:00:00,8.151261
2025-07-28 05:00:00,27.904913
2025-07-28 06:00:00,113.22109
2025-07-28 07:00:00,78.8584
2025-07-28 10:00:00,147.93985
2025-07-28 11:00:00,107.51947
2025-07-28 12:00:00,495.99072
2025-07-28 12:00:00,115.96405
2025-07-28 15:00:00,162.38147
2025-07-28 16:00:00,288.23264
2025-07-28 16:00:00,200.42627
2025-07-28 17:00:00,364.73557
2025-07-28 17:00:00,202.50594
2025-07-28 18:00:00,272.18048
2025-07-28 23:00:00,46.083523
2025-07-29 01:00:00,12.618813
2025-07-29 03:00:00,30.880354
2025-07-29 03:00:00,8.235988
2025-07-29 06:00:00,39.505142
2025-07-29 07:00:00,345.941
2025-07-29 07:00:00,143.84377
2025-07-29 09:00:00,577.2979
2025-07-29 16:00:00,325.1535
2025-07-29 16:00:00,332.84503
2025-07-29 20:00:00,90.25161
2025-07-29 23:00:00,50.472446
2025-07-29 23:00:00,45.26554
2025-07-30 01:00:00,15.305536
2025-07-30 01:00:00,8.349625
2025-07-30 02:00:00,10.877982
2025-07-30 03:00:00,13.156673
2025-07-30 03:00:00,8.1318
2025-07-30 04:00:00,10.738956
2025-07-30 05:00:00,115.57247
2025-07-30 08:00:00,113.452194
2025-07-30 08:00:00,495.44882
2025-07-30 09:00:00,108.53784
2025-07-30 12:00:00,137.86357
2025-07-30 12:00:00,154.83519
2025-07-30 12:00:00,199.22758
2025-07-30 15:00:00,193.75902
2025-07-30 17:00:00,200.25629
2025-07-30 18:00:00,210.79651
2025-07-30 18:00:00,265.0313
2025-07-30 20:00:00,107.442635
2025-07-30 23:00:00,25.501465
2025-07-30 23:00:00,52.54828
2025-07-31 01:00:00,20.447136
2025-07-31 04:00:00,16.172655
2025-07-31 05:00:00,76.75796
2025-07-31 06:00:00,133.79263
2025-07-31 07:00:00,239.76318
2025-07-31 09:00:00,111.854355
2025-07-31 11:00:00,173.28322
2025-07-31 12:00:00,161.07892
2025-07-31 13:00:00,306.40155
2025-07-31 14:00:00,332.41855
2025-07-31 17:00:00,236.75807
2025-07-31 20:00:00,62.37677
2025-07-31 21:00:00,102.886635
2025-07-31 21:00:00,98.945274
2025-07-31 21:00:00,136.10303
2025-07-31 21:00:00,56.752182
2025-07-31 22:00:00,82.3797
