DateTime,Detector_ID,Lane,hour,day,dayofweek,month,year,is_weekend,Direction
2024-10-01 04:00:00,0.0,66.532074,69.255936,-3.3328254,9.105,-6.9000525,-3.0580382,-1.449105,-2.1311677
2024-10-01 06:00:00,0.0,-21.129114,104.38021,-1.054211,22.064825,2.9408598,-1.9862225,4.4671474,-10.070006
2024-10-01 09:00:00,0.0,-2.3852565,-109.234764,-1.5378755,9.351986,-5.1354065,-1.6104661,0.49281684,1.8924214
2024-10-01 12:00:00,0.0,-5.7014046,-111.25125,-1.4874331,4.4895477,0.2797126,-0.8662589,0.4035994,2.2828093
2024-10-01 12:00:00,0.0,-1.6289756,170.5588,4.3077645,22.810238,9.234808,1.9470613,5.2241426,-7.8032656
2024-10-01 13:00:00,0.0,-4.530618,-102.97804,-4.533211,7.7269845,3.8896303,-0.30955982,0.4535027,1.9850758
2024-10-01 16:00:00,0.0,-13.056608,97.75367,-0.28069863,13.313629,-8.848377,-0.78143746,1.3938141,-4.062469
2024-10-01 20:00:00,0.0,-46.99252,30.18956,2.2785172,3.8015668,0.09070766,-1.2012748,0.8871869,-15.305411
2024-10-01 21:00:00,0.0,-39.55183,-43.50487,-2.6850505,0.85681826,4.600446,0.26716694,0.6686945,-9.05712
2024-10-01 23:00:00,0.0,-20.941008,-95.97636,-5.335115,-11.138904,-14.395696,-6.522793,0.17355476,-5.349133
2024-10-02 00:00:00,0.0,-22.084587,-110.59501,2.7931092,2.0255525,-11.537626,-4.3826733,0.24323905,-2.4971614
2024-10-02 00:00:00,0.0,-39.82178,-54.00242,-6.0125127,-15.8165655,-3.7122426,-4.2434716,-5.2838807,-9.655846
2024-10-02 01:00:00,0.0,-17.730179,-27.823446,-3.8361247,-13.692616,5.67413,-0.4642602,0.7024847,-8.612857
2024-10-02 03:00:00,0.0,-8.210814,67.69548,4.575269,-84.97716,15.350412,1.4956135,-38.213318,-10.318547
2024-10-02 04:00:00,0.0,-0.3308612,110.826515,-1.7409652,19.570198,-3.119376,-3.036535,3.814999,-9.697221
2024-10-02 05:00:00,0.0,-0.64794683,159.29834,6.203332,23.30946,-0.3029186,-1.8842568,4.2907424,1.2452152
2024-10-02 05:00:00,0.0,-63.59965,57.144463,-11.061048,-4.953721,-6.7596226,-7.7569375,-2.5539382,-16.60891
2024-10-02 06:00:00,0.0,21.436682,-134.75334,3.8631601,-13.397069,-13.652776,-2.9543352,-0.46158662,-2.7568161
2024-10-02 06:00:00,0.0,-53.14257,36.636845,-1.0010122,-12.229634,9.227723,-1.3908328,0.73864764,-15.77722
2024-10-02 06:00:00,0.0,-16.016556,159.99277,0.37027338,11.128389,5.6996164,-2.9059696,6.6382976,-7.864682
2024-10-02 07:00:00,0.0,26.40772,-153.92387,-1.1262585,9.496045,-1.8803494,-0.88912445,0.48557323,-3.2792115
2024-10-02 14:00:00,0.0,-86.948875,9.320822,-1.6385112,19.681763,-23.06471,-7.964436,2.4598029,-8.346165
2024-10-02 15:00:00,0.0,-67.48575,33.147015,-2.585528,9.486339,4.8525343,-3.9719176,2.243577,-6.9112988
2024-10-02 15:00:00,0.0,161.59155,68.70002,-14.134789,16.881329,-4.5753593,-4.5941715,1.30896,24.835854
2024-10-02 17:00:00,0.0,70.66827,88.458084,1.0360206,1.1570718,8.662256,-0.65645206,-0.9756525,-1.6138076
2024-10-02 23:00:00,0.0,-57.414314,84.97667,0.5572944,12.545381,-9.07278,-2.629622,1.2667626,-3.5797963
2024-10-02 23:00:00,0.0,-66.577545,125.2308,-2.7731748,15.747057,7.2118,-1.8819137,2.718391,1.0021416
2024-10-02 23:00:00,0.0,23.747215,73.872826,12.012015,22.360508,-16.29152,-3.1582952,3.5270507,-12.998666
2024-10-03 00:00:00,0.0,-27.1939,-35.30163,1.5560921,17.155155,-4.208697,-3.990202,0.5545092,-7.841201
2024-10-03 01:00:00,0.0,-4.9260306,-101.01117,-0.19591732,1.8348151,-12.669728,-1.6955935,0.26434264,1.5919836
2024-10-03 02:00:00,0.0,6.61427,-8.819868,-2.4990723,14.572612,0.4449688,-3.834467,3.1694415,3.022439
2024-10-03 03:00:00,0.0,-4.825763,73.06764,-3.1554008,-11.871103,-6.4660177,-6.1463404,-0.30138922,-17.605286
2024-10-03 04:00:00,0.0,-73.49836,14.079856,8.070024,1.6437136,-10.386133,-2.46311,3.0570517,-9.3447485
2024-10-03 04:00:00,0.0,2.23075,-109.37109,0.5243447,-10.328329,1.0233499,-0.40252587,-0.5554492,-5.4118795
2024-10-03 04:00:00,0.0,-55.512535,90.70374,-6.8991933,-45.165005,2.041746,-4.0325103,-9.634356,-0.37415355
2024-10-03 05:00:00,0.0,-0.95733184,-116.26343,-1.086799,7.605364,6.0107174,1.7828948,0.97664016,1.7545166
2024-10-03 11:00:00,0.0,-35.947323,-80.427864,-4.354135,3.884479,3.921056,-2.8699262,-0.11172934,16.119297
2024-10-03 14:00:00,0.0,-18.062174,6.4376054,0.95167947,-3.3889387,-3.413944,-1.0519829,-3.1232367,-5.5680923
2024-10-03 17:00:00,0.0,-0.40725788,155.98973,-5.3029423,25.642418,8.625171,-0.34506953,4.5077047,1.5179702
2024-10-03 19:00:00,0.0,224.84233,139.83717,6.312653,4.4136214,5.3556604,0.43843013,-0.16155913,39.249214
2024-10-03 20:00:00,0.0,-8.94736,47.260357,-1.5127721,8.548374,2.9318328,-2.489944,-0.008033693,-16.14897
2024-10-03 21:00:00,0.0,-36.196503,-38.66648,-10.378896,-32.23532,10.993535,-5.0073066,0.45173344,17.487888
2024-10-03 21:00:00,0.0,-8.508369,50.546947,3.0442839,3.7881036,-6.338355,-0.16592102,-0.22841291,-15.423009
2024-10-03 22:00:00,0.0,-65.30815,49.34173,-0.73988545,11.832351,2.3976862,-2.2391124,1.4325217,-11.048086
2024-10-03 23:00:00,0.0,-44.736958,68.07593,6.7914834,-24.238003,-7.5010223,-2.2413142,-10.528282,-13.888856
2024-10-03 23:00:00,0.0,-54.14782,84.49222,0.8603231,-9.577757,-2.4852448,-4.478078,1.6464486,-2.6731699
2024-10-04 02:00:00,0.0,-33.047337,-13.250593,-9.480896,-30.204947,12.145216,-3.3334365,-1.5502559,-7.6899023
2024-10-04 03:00:00,0.0,-61.581806,73.56269,-0.029801778,9.7953415,-0.2185576,-3.009435,1.2812346,38.044643
2024-10-04 04:00:00,0.0,-16.01186,-114.410965,-1.6341887,3.9184954,-14.444022,-7.351515,0.4005126,-5.847344
2024-10-04 05:00:00,0.0,43.58561,-72.539925,-2.1916568,-22.276342,-5.245102,-2.1656606,-11.476472,-4.616438
2024-10-04 05:00:00,0.0,-31.347425,31.926765,-9.354085,-13.147236,-17.291262,-5.205276,0.78522503,-14.609768
2024-10-04 06:00:00,0.0,-59.401237,-15.742147,3.3002083,-21.636591,11.003427,-0.30317277,-10.226129,-2.553682
2024-10-04 07:00:00,0.0,27.86771,-73.94892,-0.6547284,20.0691,1.9510063,-0.47659203,0.38544512,-4.0247827
2024-10-04 09:00:00,0.0,44.46847,4.755068,-3.7624285,15.096468,-11.815238,-0.6049033,1.1256437,-0.18101756
2024-10-04 09:00:00,0.0,-9.358454,48.591618,-8.588914,0.037696958,-20.32676,-5.0788026,-0.21252067,-14.744673
2024-10-04 11:00:00,0.0,4.1801105,168.75233,1.1114755,11.349017,-4.1830235,-6.188709,5.464519,-8.02178
2024-10-04 13:00:00,0.0,30.496964,132.66673,3.238694,34.579098,4.73911,0.24942543,10.8425865,-11.45992
2024-10-04 13:00:00,0.0,31.82139,-31.08123,-3.2885165,-17.829948,-1.8291199,-0.86018527,0.98003674,-0.4079081
2024-10-04 16:00:00,0.0,93.42054,174.6363,20.14038,11.450641,-16.996044,-2.4264712,4.0885754,1.0123492
2024-10-04 21:00:00,0.0,210.35448,149.57649,-11.912134,-4.4786124,-30.997313,-4.1793895,0.037426837,25.065655
2024-10-04 21:00:00,0.0,222.93707,141.29013,4.580084,23.076094,-26.814878,-11.127112,5.904576,42.126575
2024-10-04 22:00:00,0.0,231.97089,129.58331,2.3257833,19.332388,17.727932,6.5299835,-1.661146,38.92793
2024-10-04 22:00:00,0.0,-9.9327135,51.032646,-0.40816236,9.12685,6.176335,-1.0999814,-0.075604916,-16.49869
2024-10-04 22:00:00,0.0,-4.760364,73.19135,0.6224073,-16.131372,2.6787846,-2.468411,0.2812847,-14.98773
2024-10-04 23:00:00,0.0,148.64034,-4.8709655,2.6880589,3.6750243,-12.932039,-0.3089469,-3.0032823,28.388147
2024-10-05 00:00:00,0.0,0.05368875,-126.09767,4.490797,-9.569427,3.8494122,-1.5025924,-0.47004727,-5.2059093
2024-10-05 02:00:00,0.0,1.5600483,-86.36104,5.8171477,9.729242,9.058237,3.2343237,1.9430301,6.8331747
2024-10-05 02:00:00,0.0,-6.756729,68.02388,-1.6693758,-0.16229072,-18.564692,-2.5321574,0.4080854,-14.656723
2024-10-05 04:00:00,0.0,-84.61145,31.700968,-14.396473,11.629096,-12.044476,-1.3947829,2.4832141,-8.746319
2024-10-05 04:00:00,0.0,-77.58981,95.61997,0.84505683,20.434109,-14.715233,-8.598535,2.2427588,-7.014213
2024-10-05 08:00:00,0.0,-31.04905,-99.32325,-5.7733593,5.4514217,6.9019084,-2.5072513,0.87454134,-8.424331
2024-10-05 08:00:00,0.0,-14.185261,-61.760735,-8.26027,-29.215273,11.596431,-2.390871,0.28203273,-6.2543707
2024-10-05 08:00:00,0.0,-6.7435937,0.59047925,-3.3602622,3.7340724,4.54257,2.4455323,0.85280055,-11.8975115
2024-10-05 09:00:00,0.0,-13.767723,52.621704,1.0125071,2.6799793,-5.757194,-4.9112678,0.14751515,-15.593231
2024-10-05 10:00:00,0.0,-29.111134,-102.86005,2.6901524,-13.216688,2.7966037,-2.4741273,-0.9915161,12.69761
2024-10-05 11:00:00,0.0,-22.712183,-112.61169,0.13446788,3.9427657,-3.5369961,-2.063839,0.40121314,-6.110207
2024-10-05 13:00:00,0.0,-51.24138,-51.2278,0.7817724,9.979076,-2.4706194,-3.330186,1.9127868,-12.206128
2024-10-05 15:00:00,0.0,-73.86637,54.69376,3.4711957,-3.8344738,0.5706874,-2.9695253,2.913992,39.13993
2024-10-05 15:00:00,0.0,-45.828987,-3.8989842,3.3679218,13.630726,9.446079,-3.7695537,0.6296526,25.193607
2024-10-05 18:00:00,0.0,-43.97843,-17.619936,-10.839459,-32.17063,9.6527815,-4.929208,-0.6219851,18.345572
2024-10-05 18:00:00,0.0,1.3036337,-62.562874,-6.6539536,16.108877,-15.549988,-1.8065692,0.21037856,-6.5434966
2024-10-05 18:00:00,0.0,-38.58946,-113.50021,-1.0730231,0.6949086,3.1680045,-2.3499963,-0.16645095,15.13512
2024-10-05 19:00:00,0.0,-4.2576694,-20.676497,-6.11235,8.980825,9.080676,-4.829806,0.52920014,-10.133993
2024-10-05 21:00:00,0.0,-8.101988,70.591736,-0.7327273,3.9411626,10.124623,-1.4758675,0.30753633,-16.766245
2024-10-05 21:00:00,0.0,1.2727926,53.18823,0.4265038,0.9572549,-2.8570461,-3.845235,-0.41630405,-16.515963
2024-10-05 21:00:00,0.0,184.89212,139.95177,0.85625935,5.125462,17.625639,5.350554,-1.2254871,15.3995905
2024-10-06 01:00:00,0.0,0.41026962,-122.80543,-1.9879264,1.2347504,-3.397471,-2.3111556,-0.42023343,-6.253749
2024-10-06 04:00:00,0.0,-24.196646,-111.52368,1.1853578,5.5275598,-2.3218038,-2.8172145,0.20092903,-5.846545
2024-10-06 09:00:00,0.0,-26.95533,93.97257,-1.323683,-11.916724,9.721639,-1.6846879,1.9249647,-12.923104
2024-10-06 09:00:00,0.0,34.43721,-34.729557,-0.5589764,4.7440915,5.524627,2.5846212,-1.7024482,-2.5698955
2024-10-06 10:00:00,0.0,-41.692554,89.801865,-4.9412374,17.694374,2.941744,-2.9940596,3.106156,-1.002416
2024-10-06 11:00:00,0.0,84.36102,112.26349,6.9161897,5.9567327,-8.450141,-2.5301247,2.1996586,-0.9215974
2024-10-06 11:00:00,0.0,32.30565,-144.16179,0.61502475,0.4443918,-13.136016,-2.9253519,-1.3997773,-2.4526305
2024-10-06 15:00:00,0.0,-58.22093,41.706997,-0.56491005,7.289324,2.5799167,-1.1941762,0.91694736,-16.156727
2024-10-06 15:00:00,0.0,210.4306,141.0689,3.8007739,5.442927,-34.102303,-10.192351,-1.0732167,38.425964
2024-10-06 18:00:00,0.0,-21.850592,-101.1152,-1.9297938,-0.00739533,-3.3232446,-2.7084267,-1.0155716,-2.0986977
2024-10-06 19:00:00,0.0,-43.64323,-13.926761,-0.93618476,10.390221,-13.220198,-5.9121866,0.876558,22.852068
2024-10-06 22:00:00,0.0,214.56456,108.660255,5.6658273,-23.141865,-0.25338256,1.0411388,-1.8142756,34.06641
2024-10-06 23:00:00,0.0,-21.265352,50.78469,-3.2827,4.205209,-11.226236,-5.4452252,-0.2798189,-6.7597804
2024-10-06 23:00:00,0.0,-23.570637,20.201237,3.5381863,-23.029833,7.9939523,-1.0056568,-3.9934895,-12.539798
2024-10-06 23:00:00,0.0,-34.568558,-15.125133,-8.749971,10.272159,-12.639411,-0.031414285,0.37440443,-9.069162
2024-10-07 01:00:00,0.0,18.988089,-87.680695,-6.259597,-27.630085,1.6426024,-2.5864239,0.5945517,-2.977328
2024-10-07 02:00:00,0.0,152.51724,-0.87436175,-29.559397,1.6245487,4.4015164,8.939323,1.0511452,23.371632
2024-10-07 02:00:00,0.0,23.223366,-134.55661,-3.313856,-12.378884,1.1822604,3.1957464,-0.6007447,-2.5391793
2024-10-07 02:00:00,0.0,1.2652979,-125.02712,3.5174446,-7.0771604,0.66927767,-0.8452758,0.54214144,-5.8518496
2024-10-07 02:00:00,0.0,300.2109,268.67804,-5.2065606,50.971886,31.05245,6.255705,18.044973,50.84905
2024-10-07 04:00:00,0.0,0.96326005,-116.36456,-1.6716515,7.440038,4.440338,0.86735505,-0.63105,-6.236289
2024-10-07 08:00:00,0.0,-14.559038,80.72545,-1.070875,-7.9203305,7.063624,-2.9439242,-2.5508206,-16.512592
2024-10-07 11:00:00,0.0,231.2501,109.54374,5.5435014,-4.8855505,1.6767025,2.2936256,-15.226557,35.746914
2024-10-07 12:00:00,0.0,-11.446242,72.13142,5.263414,-13.85339,-2.9390326,-2.6603253,-7.1433916,-3.1621208
2024-10-07 14:00:00,0.0,-53.296898,29.122553,-12.640509,-11.456281,-6.590805,-2.9508219,0.7978087,-1.1917518
2024-10-07 18:00:00,0.0,5.10346,-107.7426,-3.8939433,11.333074,3.562581,-0.63611585,1.8190575,-7.80612
2024-10-07 20:00:00,0.0,-5.464741,108.67932,-0.41463038,21.02974,9.384943,-0.3762442,3.5419843,-10.387675
2024-10-07 21:00:00,0.0,29.248957,-95.82979,0.7408479,10.753537,-17.468517,-4.158654,-1.1637033,-2.0535147
2024-10-07 22:00:00,0.0,-24.476986,-103.99065,0.8447089,6.381154,-3.148076,-2.9387543,0.80599064,-8.298741
2024-10-07 23:00:00,0.0,-21.538424,-26.282188,-2.5365038,3.7430754,-10.681513,-5.419992,3.3353071,-13.074419
2024-10-07 23:00:00,0.0,-15.171919,-81.574585,-7.0081263,-33.498302,-12.237321,-4.036643,-3.0067568,-2.0362568
2024-10-08 01:00:00,0.0,-41.09404,-14.895943,-0.33149093,2.1347501,3.5879402,1.697141,-1.6025041,-10.031706
2024-10-08 04:00:00,0.0,231.25014,132.13019,-0.70695806,30.117596,-3.9662888,3.2405171,5.9695463,41.763115
2024-10-08 05:00:00,0.0,26.785152,-130.09286,-1.9138526,3.4968512,-5.8412538,-1.1899865,1.1556699,-6.157402
2024-10-08 06:00:00,0.0,-21.811436,-110.27294,0.06987844,3.6471846,-12.255652,-6.6619368,0.008183305,-2.8152382
2024-10-08 06:00:00,0.0,-8.86339,47.940598,1.1311312,-15.418899,4.2541013,-2.30289,-0.088296026,-15.598984
2024-10-08 08:00:00,0.0,-16.497467,-44.812847,0.21599029,7.9518266,-19.140572,-8.97039,-0.32284966,-2.1859844
2024-10-08 08:00:00,0.0,-24.253178,-112.09474,1.7382704,1.3222039,-3.5077927,-1.7859597,0.24622178,-2.581033
2024-10-08 08:00:00,0.0,-30.036762,107.606705,4.1524487,-8.994211,-6.1687913,-6.919597,2.4534757,-9.004034
2024-10-08 10:00:00,0.0,-7.7176166,118.276436,-6.5014763,-57.622982,4.414494,-2.2420003,-14.490242,-11.605357
2024-10-08 10:00:00,0.0,-65.84727,82.52124,0.3592641,-22.141111,-19.115654,-10.272624,-5.8128843,-14.180757
2024-10-08 11:00:00,0.0,-26.77303,-107.88374,-0.8723763,2.0266154,8.151313,0.5066394,-0.18884972,-3.125437
2024-10-08 12:00:00,0.0,-12.191486,-98.234,0.14701714,-12.518354,2.304837,-1.2481512,-1.0674859,-5.1019135
2024-10-08 14:00:00,0.0,-97.775024,48.702885,0.44125584,16.317339,-4.3900905,-2.5980377,3.1909778,-9.39147
2024-10-08 14:00:00,0.0,39.000034,45.539867,2.7556462,6.0241194,6.7095437,0.26916546,1.4916857,-7.166247
2024-10-08 15:00:00,0.0,-73.718895,13.324317,12.770007,6.2630053,-13.795003,-5.4392037,1.3582419,-12.169644
2024-10-08 19:00:00,0.0,-31.772745,-24.001423,-0.16979128,1.3155935,4.8996043,2.1518314,0.8859351,-9.287664
2024-10-08 20:00:00,0.0,-59.21261,39.65852,-3.5882213,1.2541897,-9.692609,-4.780242,0.89862907,-15.937626
2024-10-08 22:00:00,0.0,-49.66241,-4.5179505,3.0798774,9.881319,6.5777373,0.687853,0.7128676,-12.63489
2024-10-08 22:00:00,0.0,-7.692134,97.57196,-7.365116,-16.116331,-18.382738,-2.540554,-1.393417,-1.5967989
2024-10-09 00:00:00,0.0,41.938503,-18.977005,8.382744,-0.17283933,3.3692148,1.6921952,0.49851555,-1.1953089
2024-10-09 06:00:00,0.0,192.0458,139.13947,2.8373086,16.715406,21.007174,4.9047427,-1.1073318,16.256046
2024-10-09 06:00:00,0.0,-34.054356,60.12407,-8.958381,6.0054607,-5.0028734,-0.984996,0.5743485,-15.991196
2024-10-09 07:00:00,0.0,4.5373416,-80.136055,-5.453023,2.256611,-17.03648,-9.096429,1.3379914,-6.010223
2024-10-09 07:00:00,0.0,-28.856329,-83.90152,-2.254319,-5.71195,-3.675821,-4.5690284,0.09448342,13.504177
2024-10-09 08:00:00,0.0,-6.69329,74.92548,1.4468366,-11.427094,-0.2720063,-2.2591932,0.27935123,-17.333897
2024-10-09 10:00:00,0.0,30.10371,132.29388,-4.1999006,34.422245,10.488317,-2.1311345,10.857585,-11.401172
2024-10-09 14:00:00,0.0,-1.921904,-94.85046,-3.3860726,-1.7398665,-7.025685,-3.239887,0.5151169,-6.2523685
2024-10-09 15:00:00,0.0,-6.693713,-97.478874,2.099009,0.0718165,-3.0672977,-2.9933636,-1.161268,0.1572819
2024-10-09 16:00:00,0.0,-2.76313,-114.22043,-1.5560867,4.3665056,-2.2222884,-0.9627698,0.5488546,1.8271333
2024-10-09 16:00:00,0.0,-1.8017817,-90.934135,2.0630398,8.144675,0.7608917,-1.8594556,1.7377591,6.03949
2024-10-09 19:00:00,0.0,-25.126595,-111.212326,-3.2313259,6.0733957,-0.66190875,0.17392816,-0.04614038,-6.099964
2024-10-09 20:00:00,0.0,-14.282236,63.865005,-11.563968,6.44347,-38.61594,-3.112565,4.9880385,-10.3801
2024-10-09 21:00:00,0.0,-28.017694,-32.75998,3.2437208,17.917868,3.3072658,-2.2661169,0.12425174,-3.927916
2024-10-10 00:00:00,0.0,0.1903639,-88.40193,4.4061136,-14.102141,6.4155293,-0.43657592,0.4938123,-6.278389
2024-10-10 03:00:00,0.0,-29.875746,-24.391415,2.1805964,1.1063775,0.1448333,0.093906745,0.5840984,-0.7455486
2024-10-10 05:00:00,0.0,-38.485832,36.529415,1.9823592,18.620846,9.837138,1.6475009,4.532525,-18.440014
2024-10-10 07:00:00,0.0,-22.660305,-112.68227,-0.042717185,2.5804975,-0.18818863,1.0292464,0.14082064,-5.9309154
2024-10-10 11:00:00,0.0,-50.84343,80.68161,-18.238735,-33.97564,-4.284084,-1.1307552,-5.954718,-11.508955
2024-10-10 12:00:00,0.0,-42.774754,71.30242,-1.5000501,-22.168524,5.3439875,-1.0642465,-11.357392,-14.608961
2024-10-10 14:00:00,0.0,71.140015,222.54474,-3.5037484,29.182701,10.228763,-2.8409111,14.942065,-9.098232
2024-10-10 15:00:00,0.0,-32.207043,-40.455368,-2.930488,-26.088264,11.649362,0.024392817,-0.8564867,-6.8485703
2024-10-10 16:00:00,0.0,-40.402534,24.013258,15.523816,7.9058123,15.8556,7.1375813,1.1794789,-0.07660303
2024-10-10 17:00:00,0.0,8.472359,-33.128807,-8.199186,-6.5382304,-3.3286698,0.9678942,3.9232354,-11.110695
2024-10-10 21:00:00,0.0,-25.060024,-115.0499,1.9555864,6.64316,1.1123164,-0.8287634,0.19469868,-5.8345733
2024-10-10 23:00:00,0.0,72.6646,228.28972,2.3969765,46.7244,9.401185,-2.801249,14.929767,-9.716748
2024-10-11 02:00:00,0.0,143.69986,97.77352,-5.84927,8.394067,-2.8659763,2.4316173,-2.9025664,14.37006
2024-10-11 05:00:00,0.0,-21.800823,-99.25925,-0.95237213,-7.756574,2.185257,-1.1133775,-2.145963,-7.3355994
2024-10-11 05:00:00,0.0,-29.550692,-26.23016,1.5982337,-15.148678,1.0044525,-0.59764594,0.617139,-1.5469282
2024-10-11 06:00:00,0.0,96.1484,-210.13467,4.220218,4.70212,-8.117571,-0.06645481,0.5622738,16.564016
2024-10-11 08:00:00,0.0,93.84949,183.49739,0.43672222,17.155708,5.392414,-1.3325899,4.3835235,0.31456894
2024-10-11 09:00:00,0.0,246.46547,137.20143,-1.2189867,29.51504,23.426182,5.3133764,6.271669,41.59391
2024-10-11 10:00:00,0.0,-27.524542,104.21007,2.0924873,12.413128,-2.6409512,-3.493411,2.3547177,-8.209553
2024-10-11 13:00:00,0.0,-43.99308,31.695095,1.5710993,10.490886,1.2472577,-1.531384,-0.22554433,-15.963646
2024-10-11 14:00:00,0.0,-31.865566,-57.807716,4.276865,-17.953793,14.626208,0.49911848,0.46522462,-7.1486263
2024-10-11 15:00:00,0.0,0.5335502,-107.04398,-5.3534393,-2.2977276,-12.428928,-6.322162,0.06782222,-4.994251
2024-10-11 18:00:00,0.0,23.72637,-126.9167,-0.29499197,-8.327187,2.471889,-0.06333783,-0.15563548,-1.9576098
2024-10-11 18:00:00,0.0,-21.686771,-114.21698,-1.1076933,6.9577994,2.8802814,-0.29553342,0.29617947,-6.2503514
2024-10-11 19:00:00,0.0,110.70513,-175.6113,-5.196465,15.571432,-0.89263725,3.5646594,2.4213002,22.130507
2024-10-11 19:00:00,0.0,-18.755526,-91.00452,1.7190949,-0.59495515,-4.416521,-2.5850685,0.39261883,-6.204114
2024-10-11 20:00:00,0.0,-0.6297888,-64.781204,1.7282045,9.532464,3.0376832,-1.765479,0.35797107,-6.5668883
2024-10-11 21:00:00,0.0,-21.225311,-118.509514,-2.1957912,5.915428,0.72253203,-0.7453534,0.6241084,-5.9264326
2024-10-11 22:00:00,0.0,23.959583,-133.20718,1.7700118,-14.816987,-14.14546,-3.0779884,-0.46876916,-2.661676
2024-10-11 22:00:00,0.0,149.40471,-63.491432,0.23854956,10.9702635,5.6272674,1.9273567,1.0276095,23.594954
2024-10-12 02:00:00,0.0,-24.371546,-113.46702,-1.9815136,5.1101336,4.5487404,0.26370484,0.18594754,-5.9941273
2024-10-12 06:00:00,0.0,-99.84443,97.29706,-1.1521113,27.276081,8.950955,-6.419197,5.4447412,49.80896
2024-10-12 08:00:00,0.0,-13.359788,92.451614,3.9382358,-5.2755027,4.830159,-0.90010303,-1.1152788,-2.3189757
2024-10-12 11:00:00,0.0,-85.981674,81.5622,1.385736,13.316338,-2.6730776,-5.3694468,1.5605843,31.960917
2024-10-12 13:00:00,0.0,-14.988165,103.078636,-2.19888,13.534876,2.8253734,-2.4939458,1.8477955,-4.0502505
2024-10-12 14:00:00,0.0,49.86211,31.831331,-6.047502,-31.815214,-21.245314,-3.8776994,-3.9357257,-3.504944
2024-10-12 15:00:00,0.0,-101.41943,93.72192,-4.392498,29.396292,1.4826299,-4.9240575,5.349679,47.78686
2024-10-12 16:00:00,0.0,-1.4983821,39.310028,0.31711894,11.094769,7.4211273,-1.171888,-0.09409009,-15.5239935
2024-10-12 16:00:00,0.0,-24.008018,-99.116516,0.83600533,1.4891032,0.9105644,-0.80718446,-0.31170177,-6.207238
2024-10-12 17:00:00,0.0,-27.515965,91.23587,1.8149948,8.177722,-16.269522,-3.4571183,3.9936557,-10.386661
2024-10-12 18:00:00,0.0,174.98244,71.586784,19.469536,5.963048,25.689224,12.468256,0.7332502,24.235498
2024-10-12 19:00:00,0.0,-52.010017,65.27128,15.382868,5.8790174,14.7494755,5.271174,1.242334,-0.83840775
2024-10-12 20:00:00,0.0,-11.700534,53.39443,2.0878987,2.7556818,0.8116338,-1.5106509,0.15131867,-15.666207
2024-10-12 22:00:00,0.0,-31.407265,-20.641811,2.469663,1.6232233,11.996159,-0.7112088,0.76428884,-8.402591
2024-10-12 22:00:00,0.0,149.55283,-15.390564,3.8177326,15.260489,-13.194715,0.303234,1.1602591,27.776873
2024-10-13 00:00:00,0.0,2.9000034,-43.64075,-14.266149,-26.395273,5.8765626,-1.2662742,-0.10267137,-6.2464023
2024-10-13 01:00:00,0.0,-42.103615,-54.141228,-0.97856903,11.238855,2.820307,0.7618901,1.7574134,-12.542336
2024-10-13 02:00:00,0.0,-80.454346,92.7031,3.078251,-9.737318,7.4740357,-3.799876,-5.8790727,33.60926
2024-10-13 03:00:00,0.0,11.9771185,-24.4428,3.2453535,17.38986,10.480752,1.8318505,4.560463,-14.290589
2024-10-13 04:00:00,0.0,-64.985344,72.82114,12.257609,0.8216777,12.62277,3.3651114,-5.898043,35.09443
2024-10-13 05:00:00,0.0,-26.260698,102.51496,5.537428,-5.155285,-10.465442,-2.0228405,1.7967436,-9.985851
2024-10-13 09:00:00,0.0,-80.238785,95.49781,2.7523813,14.4984,-15.605387,-5.9036517,2.1711478,-6.2702866
2024-10-13 09:00:00,0.0,-35.192207,-33.045452,-5.616651,4.2347894,-7.3423634,-5.79173,-1.2668958,-7.844648
2024-10-13 10:00:00,0.0,238.93073,177.5043,-4.2915044,3.936079,4.9287124,0.48270348,1.1538656,38.4711
2024-10-13 11:00:00,0.0,-21.133665,-111.8961,-0.17762767,4.004581,-3.4251273,-1.7676392,0.414523,-6.4138403
2024-10-13 14:00:00,0.0,141.78563,-56.826412,1.8203319,-17.788458,-16.69995,-0.27917108,1.0240763,21.635134
2024-10-13 18:00:00,0.0,-3.5641134,93.78474,-0.13183971,17.95223,-9.575587,-2.5420656,2.8846433,-2.6051977
2024-10-13 18:00:00,0.0,-23.996693,-87.6688,1.5130483,-20.041548,6.399898,-0.9944386,-3.9790015,-6.728939
2024-10-13 20:00:00,0.0,-2.970969,103.74138,-3.777736,9.538464,-17.368559,-11.186418,3.7608457,-10.5296545
2024-10-13 20:00:00,0.0,-18.264153,2.2460935,-3.5467093,-10.462506,-26.231077,-1.7235867,1.1974709,-2.2930431
2024-10-13 21:00:00,0.0,-9.3777895,80.92078,3.775313,7.1411,8.527466,0.45670593,6.2369456,-13.591689
2024-10-13 22:00:00,0.0,-15.424057,75.18758,-2.0848236,8.448897,0.9846894,0.25462008,0.62198603,-5.695748
2024-10-14 05:00:00,0.0,-47.712772,-7.1052065,1.2081652,11.226796,-7.741649,-2.6061094,0.8337805,-12.211758
2024-10-14 06:00:00,0.0,76.52618,105.38088,2.14872,8.465123,3.075659,-1.1693704,0.04119754,-1.6047233
2024-10-14 06:00:00,0.0,-58.613358,-50.499435,0.42494833,13.5850935,3.371182,-2.6915557,1.7568184,-4.8199387
2024-10-14 06:00:00,0.0,217.14061,100.78284,7.484698,0.13478968,-10.721589,1.390583,-1.2386024,36.616302
2024-10-14 07:00:00,0.0,-65.09295,81.78135,2.5298145,-18.356823,1.0333341,-0.18887194,-5.694049,-13.971321
2024-10-14 08:00:00,0.0,-74.44092,107.39887,1.5258815,7.974033,0.9395234,-1.6372623,2.7091963,9.277339
2024-10-14 11:00:00,0.0,62.940926,67.82572,-0.7406627,-19.169744,9.056005,-0.54824746,-1.4571798,-0.3875444
2024-10-14 11:00:00,0.0,-30.92933,27.758814,4.0857306,9.802431,4.6117625,-2.6716242,1.9361992,-11.681874
2024-10-14 13:00:00,0.0,-24.878954,-28.00412,-2.5623074,17.034824,9.880481,-0.010045974,3.645576,-13.723554
2024-10-14 14:00:00,0.0,-26.4978,-108.9827,-0.7296632,0.35947117,6.244875,-1.2652812,-0.19109012,-3.111376
2024-10-14 14:00:00,0.0,-10.243779,114.27627,2.382753,-30.156225,8.498876,-1.1274526,-9.5416155,-3.721384
2024-10-14 15:00:00,0.0,-54.08018,39.990196,-3.420542,10.481275,-15.211704,-1.6964742,0.62449676,-16.115866
2024-10-14 18:00:00,0.0,228.55142,139.6188,-0.7307875,4.001275,6.7658143,3.1621857,-1.0132658,39.113953
2024-10-14 19:00:00,0.0,-60.236065,81.05386,0.89175373,-8.721,0.5216384,-2.0939772,-4.383189,-1.9237342
2024-10-14 20:00:00,0.0,-33.713108,60.601894,0.21346581,-12.896248,3.8362446,-1.6668961,0.7642261,-15.282124
2024-10-14 20:00:00,0.0,-96.83764,48.56822,-6.118585,-1.0628285,-9.502093,-7.5467443,3.3940709,-9.743683
2024-10-14 21:00:00,0.0,222.43498,171.07774,6.259422,16.760466,2.2169087,-0.32491678,4.0161576,34.258064
2024-10-14 22:00:00,0.0,-94.25892,20.492558,2.1718524,3.9821174,9.217841,-2.0769522,3.455791,-10.39231
2024-10-15 00:00:00,0.0,269.67004,190.8608,4.256675,52.840908,4.566846,0.76710826,15.634636,48.233074
2024-10-15 00:00:00,0.0,-16.378584,-109.85137,-3.8304343,2.0871632,2.7342978,-1.5257808,-0.08231713,-6.331309
2024-10-15 00:00:00,0.0,-66.0367,15.07939,-2.0086434,-26.966196,6.647744,-0.1912858,-8.252711,-10.333314
2024-10-15 00:00:00,0.0,-63.122623,44.671764,-2.198429,11.96916,5.512605,-6.1023,1.035614,36.71311
2024-10-15 02:00:00,0.0,28.859646,-158.69402,1.4477911,7.2653556,7.342261,-0.23647013,0.53749007,-3.4586203
2024-10-15 03:00:00,0.0,223.68033,163.16145,11.192085,-18.176313,-4.2982697,1.7319138,1.8748963,35.605846
2024-10-15 03:00:00,0.0,-4.5236735,-111.942444,-1.2051439,7.2097774,-1.5139261,-2.7089818,0.46649545,1.7717159
2024-10-15 05:00:00,0.0,35.478214,-39.99337,4.133533,-21.4366,15.701596,-0.6119978,-1.7368263,-2.0966768
2024-10-15 05:00:00,0.0,-28.19078,-32.368702,0.21247426,12.235772,-3.6585248,2.6170168,3.1815026,-13.121805
2024-10-15 06:00:00,0.0,-33.02099,30.313332,-0.7505284,12.665898,-14.523797,-4.849383,1.9003358,-12.150681
2024-10-15 08:00:00,0.0,-4.9214606,163.81297,-11.098535,3.3937218,-25.408112,-3.9808314,5.812272,-7.252726
2024-10-15 09:00:00,0.0,-21.065756,76.96123,1.2135835,16.012318,-1.4918104,-3.6522427,0.8726686,-12.024046
2024-10-15 10:00:00,0.0,-13.949955,-104.14168,2.7839086,-6.5618663,-11.0604105,-3.9691389,-0.14558688,-5.409795
2024-10-15 11:00:00,0.0,-20.243292,-120.44048,1.5602188,5.8497763,1.9018625,0.7865177,0.5990524,-5.955046
2024-10-15 12:00:00,0.0,25.109972,-103.86219,1.3456447,20.32331,4.2379656,-0.25597003,0.44255826,-3.018091
2024-10-15 12:00:00,0.0,-70.34321,47.189373,0.05977825,-25.619797,-2.5979729,-5.0106807,-2.4921367,35.36527
2024-10-15 14:00:00,0.0,225.97353,167.1308,-31.137821,4.246043,-11.560965,0.83127606,1.5383347,36.619953
2024-10-15 16:00:00,0.0,-35.789925,-8.468843,-0.43558395,-12.610606,9.007583,-1.2755545,0.4252268,-0.93879956
2024-10-15 17:00:00,0.0,-2.13377,-120.38037,-6.2219167,1.1120331,-13.2037525,-4.778385,-0.5318373,-5.7825437
2024-10-15 17:00:00,0.0,93.92456,-204.92105,1.3850942,-17.303339,1.8905656,1.196477,0.31681427,14.133784
2024-10-15 21:00:00,0.0,-16.279182,-110.060486,4.365098,3.052552,-2.7403822,-0.61442363,-0.19358736,-6.2041693
2024-10-15 22:00:00,0.0,-46.458515,29.101955,-2.291131,3.7490025,-3.5239167,-3.9182441,0.8739253,-15.200705
2024-10-15 23:00:00,0.0,78.219986,102.524994,-7.841811,4.6166196,-16.09674,0.43973783,-0.27537656,-0.2441149
2024-10-16 00:00:00,0.0,-3.8953292,-112.50256,-0.9482657,7.85127,8.636163,-0.7301666,0.51723886,2.0221558
2024-10-16 02:00:00,0.0,-5.306487,57.609123,-1.3803152,-34.348427,-6.0959005,-5.0441866,-3.1217873,-13.801248
2024-10-16 02:00:00,0.0,2.184163,-87.00212,0.33791602,9.299937,7.3501506,1.4925778,1.947662,6.5275335
2024-10-16 03:00:00,0.0,-27.95346,-15.943465,-2.501316,4.5593796,-5.686405,-2.042226,0.83247656,-9.757917
2024-10-16 05:00:00,0.0,-31.465298,-18.026323,0.7559484,9.776282,11.100826,-0.67206424,0.69261384,-8.868992
2024-10-16 07:00:00,0.0,-54.468334,45.40535,-1.1721318,8.746226,6.2138004,-2.7619653,0.7223677,-1.6341879
2024-10-16 08:00:00,0.0,-15.436144,-117.59073,-1.8994246,6.360035,0.86068404,-0.23919633,0.25063497,-5.856777
2024-10-16 10:00:00,0.0,-55.418194,56.615414,-13.809697,-20.364489,-21.37115,-12.499644,-2.0218225,-14.990428
2024-10-16 17:00:00,0.0,-5.2104235,-85.0766,0.8076074,5.5343904,-11.811173,-3.372529,1.1909163,-1.8932338
2024-10-16 19:00:00,0.0,-57.96665,-15.012713,3.559276,-21.803368,2.3384464,-2.1276226,-10.031097,-2.3689828
2024-10-16 20:00:00,0.0,-46.551537,-49.8957,-0.24446797,9.512584,8.647529,-1.3543495,2.029572,-12.596985
2024-10-16 21:00:00,0.0,-66.273834,72.458755,-5.904463,13.85486,1.3534276,-3.0316365,2.47694,22.00285
2024-10-16 21:00:00,0.0,-109.49918,38.255566,3.6646745,19.31525,-0.9863758,-4.8736606,2.9501576,41.469078
2024-10-16 23:00:00,0.0,-28.357906,37.105537,10.046009,8.329932,11.965475,5.002548,-0.37339523,-7.451714
2024-10-17 00:00:00,0.0,-38.929596,-5.571756,1.1008624,9.754959,6.2047486,-2.7807071,-1.0510874,24.945229
2024-10-17 04:00:00,0.0,-18.393026,-13.925083,1.9355949,9.601642,-8.73344,-2.1557543,0.7410752,-9.811514
2024-10-17 05:00:00,0.0,-83.58933,98.97726,3.6471937,-7.920057,-13.047708,-4.2399454,2.21059,17.475256
2024-10-17 07:00:00,0.0,-57.81049,26.767948,4.480751,14.738616,-5.4644933,-3.1939487,1.6606199,-14.2427845
2024-10-17 11:00:00,0.0,-59.337444,58.940514,-4.909907,3.000025,-7.588335,-6.078608,-2.219373,-17.24569
2024-10-17 12:00:00,0.0,-16.86106,-88.5129,7.1334476,-7.092655,10.655066,2.6708646,0.46248615,-5.494758
2024-10-17 14:00:00,0.0,-17.124493,94.19722,-0.78187644,-20.61474,-17.25507,-10.899883,-6.5756445,-14.553685
2024-10-17 15:00:00,0.0,-42.503586,89.028336,1.4542406,17.771307,-5.224211,-5.2238245,2.9820755,-1.5551699
2024-10-17 17:00:00,0.0,-15.950657,71.0652,-1.9618831,-12.595647,4.5466285,-2.2020676,-7.082938,-3.6038966
2024-10-17 18:00:00,0.0,-23.08802,52.06641,3.3383377,-14.304336,4.523736,-1.7757691,-0.23242763,-6.849619
2024-10-17 21:00:00,0.0,-25.844416,-111.961525,-5.5526276,1.5151786,2.5538473,-4.5657043,0.24824016,-5.8121347
2024-10-18 03:00:00,0.0,284.65268,258.08405,5.323889,52.99535,2.0139723,1.2142303,16.988644,50.21583
2024-10-18 03:00:00,0.0,-54.91521,37.573532,-2.673893,2.7359185,6.7458377,0.10454849,0.7067338,-15.803031
2024-10-18 04:00:00,0.0,28.573235,-81.31675,-1.4611347,12.039177,2.3083768,2.3191946,0.4057357,-3.0525715
2024-10-18 07:00:00,0.0,-59.87362,10.102057,-10.27137,-36.54832,9.932755,-3.2708085,-4.4797235,-12.6713085
2024-10-18 09:00:00,0.0,-19.349806,-29.209696,-1.9749675,4.550096,-20.874578,-10.188188,-1.6473595,-8.103658
2024-10-18 11:00:00,0.0,8.352393,-14.644188,-0.5463338,13.96222,-15.219997,-6.015907,2.9227989,1.8327746
2024-10-18 11:00:00,0.0,-13.10788,98.20141,3.443763,-7.9785547,-2.7994063,-1.3509576,-3.9188838,-3.903156
2024-10-18 12:00:00,0.0,-15.130279,-99.51759,0.38563633,-1.3303547,-6.357062,-1.3543239,-0.59850967,-5.534269
2024-10-18 12:00:00,0.0,-42.452583,32.583378,17.514486,5.764168,16.532627,7.4380116,-0.27711666,-15.1374235
2024-10-18 13:00:00,0.0,-20.603674,-24.563978,-2.9776664,1.0086553,10.367718,0.22198887,-3.821184,-4.7443447
2024-10-18 14:00:00,0.0,-35.821316,-100.40603,-7.5419354,0.06752827,-12.913571,-8.363736,-0.6392902,13.330138
2024-10-18 14:00:00,0.0,-24.232471,-111.790985,-0.6837782,4.1011925,-1.0254756,1.2537282,-0.030500885,-6.2563596
2024-10-18 14:00:00,0.0,-60.620876,63.59888,-8.746864,-21.094612,-7.626725,-4.8827243,-4.950917,28.360693
2024-10-18 14:00:00,0.0,-2.074885,-114.14405,-1.7743789,5.333456,-1.4011673,1.6108577,0.9060845,2.0169313
2024-10-18 18:00:00,0.0,-57.437332,72.631195,2.0381436,-16.024101,-5.772929,-3.9599423,1.3211744,35.53051
2024-10-18 20:00:00,0.0,-25.728369,-98.30411,-5.626957,2.4026158,2.2558432,-3.716806,1.5701722,-8.203332
2024-10-18 22:00:00,0.0,-25.930058,-106.97923,-3.2009475,5.0954714,-0.22430055,-0.7031034,-0.1898794,-2.9492717
2024-10-18 22:00:00,0.0,-21.971066,-112.929245,-3.6112611,7.8473077,3.2694676,-0.18589152,0.4010715,-6.3758764
2024-10-18 23:00:00,0.0,61.95037,69.39176,-3.0473497,-19.79601,-5.1792183,-2.3411894,-1.4635369,-0.027905572
2024-10-18 23:00:00,0.0,-43.388836,-50.25035,-4.455579,-4.9769855,11.059455,-2.065061,-0.00535251,18.717278
2024-10-19 03:00:00,0.0,-18.335005,-51.270714,-0.9684519,6.270934,1.1334257,-1.412178,-1.4093072,-7.171649
2024-10-19 05:00:00,0.0,-56.73141,93.793686,0.99605036,-27.008617,-16.5589,-9.773511,-9.370185,-1.4201323
2024-10-19 05:00:00,0.0,-101.65489,38.199856,-4.8321214,14.002752,-27.283932,-4.3231864,2.3844483,-6.1397057
2024-10-19 06:00:00,0.0,12.412768,64.57268,12.425378,-3.882573,7.904358,1.058922,5.0565686,-18.22013
2024-10-19 07:00:00,0.0,-21.302582,55.630486,2.041922,6.862529,-1.2946533,-3.0770104,-0.23972622,-8.341635
2024-10-19 09:00:00,0.0,7.229983,-6.3702836,1.344395,-0.63448745,0.48323455,-2.3300796,3.2021909,3.440699
2024-10-19 11:00:00,0.0,-12.207855,158.764,3.967835,4.300173,-10.581901,-5.3018355,5.9019117,-8.7073345
2024-10-19 13:00:00,0.0,-24.999084,-100.73354,-1.2441245,-4.1499805,3.5910501,-0.26747268,-1.949808,-6.0694404
2024-10-19 14:00:00,0.0,-19.71423,64.304596,0.17087683,-1.9545763,-0.75553817,2.6997256,0.44980073,-7.1440735
2024-10-19 16:00:00,0.0,-4.412742,108.63874,-5.6047945,21.210855,6.7635922,-1.9170578,3.5183663,-9.914729
2024-10-19 16:00:00,0.0,-40.326084,31.85609,0.25032592,-12.260461,3.6313822,-1.7433827,-0.24239096,-14.758874
2024-10-19 16:00:00,0.0,64.17216,67.50775,-2.787548,3.7170472,4.3935366,-0.66079074,-1.4185224,-1.2132144
2024-10-19 18:00:00,0.0,-3.3661916,-57.637783,7.134795,9.370236,-2.2407424,-1.5516813,0.35608497,-6.5149026
2024-10-19 19:00:00,0.0,2.307149,-132.72589,-1.9718934,5.021877,3.6570623,-1.0151575,0.13542691,-5.876902
2024-10-19 22:00:00,0.0,-1.6508379,-127.22494,-5.1002216,5.091614,-13.736078,-5.446048,-0.028614882,-5.2882032
2024-10-19 23:00:00,0.0,-25.185575,52.570545,-1.0366201,5.5230517,2.9225354,-1.4236555,-0.25952542,-8.091275
2024-10-20 00:00:00,0.0,-17.654974,12.591844,-0.65583897,-27.240046,-8.667745,-4.1449656,-3.8743734,-11.01232
2024-10-20 00:00:00,0.0,2.140291,-103.51954,0.12584144,-7.7880006,0.95738494,0.96077824,-4.3570266,-6.9821744
2024-10-20 00:00:00,0.0,90.70264,209.63123,0.18787198,22.515694,9.69256,-3.1605194,14.015225,-9.035879
2024-10-20 02:00:00,0.0,-44.486668,-5.5769224,-6.9361115,13.353932,9.642256,-3.0436037,0.4401583,24.331448
2024-10-20 02:00:00,0.0,135.41644,92.59602,6.173722,-8.027484,-12.606215,0.99769646,-3.0609827,9.784563
2024-10-20 04:00:00,0.0,-79.23493,88.64762,2.987362,12.985121,-13.6643915,-0.4326531,1.5223789,-7.4152503
2024-10-20 05:00:00,0.0,-30.29016,-17.80409,-0.10698702,15.034071,-3.1163504,-3.3322837,0.38988632,-2.3467913
2024-10-20 05:00:00,0.0,-22.045233,-105.14245,-1.938076,9.67567,0.57667685,-0.5195618,0.81805915,-8.196286
2024-10-20 07:00:00,0.0,-18.575628,-13.831886,1.3770672,10.103456,-3.0914276,-0.95524913,0.76441646,-9.807762
2024-10-20 07:00:00,0.0,81.18112,97.86974,2.645757,12.059614,12.847019,1.266061,3.7814326,-1.1444004
2024-10-20 09:00:00,0.0,-23.103533,-70.75411,0.09770328,4.0963383,-6.1445317,-1.7382208,1.0168189,-2.0270097
2024-10-20 10:00:00,0.0,-43.364452,-34.610897,4.6920958,10.322799,-9.7957,-2.4351668,0.67713875,-9.956882
2024-10-20 11:00:00,0.0,-1.7511888,61.962,2.2574987,0.9183722,4.029162,-2.700717,0.10169496,-16.91745
2024-10-20 12:00:00,0.0,26.419062,-87.68111,-0.6126027,-3.164229,-10.112502,-0.9185729,0.6076907,-2.6383674
2024-10-20 13:00:00,0.0,-25.354595,-98.568825,1.7927514,0.52872217,4.256446,-0.79099,-0.14735435,-2.1597803
2024-10-20 14:00:00,0.0,-24.802736,-109.362366,8.1698065,8.186413,9.990694,5.090791,0.04685233,-6.4954348
2024-10-20 15:00:00,0.0,211.10162,106.92531,-0.5179405,-25.199505,-8.781476,0.7844018,-1.8439412,33.80358
2024-10-20 16:00:00,0.0,-30.115997,-90.40852,3.6794376,-19.175253,-3.6777315,-1.7134686,-3.0932732,15.042157
2024-10-20 16:00:00,0.0,-20.075552,-110.11156,-3.5378141,-7.353142,-0.41902965,1.9744895,0.5324266,-5.149664
2024-10-20 17:00:00,0.0,-2.3855557,177.27612,-1.8206377,26.904608,-6.5138097,-5.0821505,6.579129,-5.9039574
2024-10-20 21:00:00,0.0,-59.010757,73.04764,-13.998721,-10.93774,-23.76378,-6.1642876,-1.6739415,1.7887523
2024-10-21 01:00:00,0.0,-69.4458,48.904152,-5.654952,9.813598,-17.55691,-9.832598,2.870789,39.384594
2024-10-21 02:00:00,0.0,32.861305,-48.391296,-0.23484755,13.260463,-4.4726825,-1.1085,0.8863686,-2.5964086
2024-10-21 04:00:00,0.0,-29.311872,-15.637025,2.4274178,-22.694397,4.2643957,-3.027379,-1.3429121,-2.1907995
2024-10-21 04:00:00,0.0,234.32643,136.25868,4.37286,-13.879999,10.197157,5.231267,6.2780023,39.028374
2024-10-21 06:00:00,0.0,-34.933975,-103.804085,0.45619065,7.9343634,5.834494,-1.5437983,0.7881445,-5.46581
2024-10-21 07:00:00,0.0,-23.033224,114.71486,2.2117496,-35.443203,4.9380507,-2.8181713,-13.311512,-14.615164
2024-10-21 08:00:00,0.0,57.416565,91.29237,2.1410286,-17.705355,-8.459725,-3.0084329,3.2700593,-1.5105094
2024-10-21 09:00:00,0.0,-96.08873,17.673697,1.0201652,19.633114,6.9970174,-2.4311345,3.480056,-10.953737
2024-10-21 10:00:00,0.0,-25.258244,-98.09551,1.2406235,4.3695197,0.60281986,-2.0920506,-0.4135935,-2.7495992
2024-10-21 14:00:00,0.0,-14.579529,-67.436226,1.4245077,4.1145244,10.994999,-1.2689985,0.3356553,-6.445906
2024-10-21 16:00:00,0.0,-18.56035,103.943054,-2.8300567,16.992205,-2.4517233,-4.058839,4.427265,-9.342787
2024-10-21 20:00:00,0.0,-78.74771,90.23054,3.2524564,11.247297,2.6207678,-2.7769887,2.2985296,-8.28686
2024-10-21 22:00:00,0.0,167.66531,85.54148,9.084505,-25.779533,-0.41991305,-1.3801357,-1.3599706,30.97772
2024-10-21 23:00:00,0.0,-67.18288,14.939889,0.5434811,-28.222548,9.211389,-1.3090668,-8.14167,-10.325895
2024-10-21 23:00:00,0.0,-27.4464,-39.83562,-4.8127484,7.387156,-11.447243,-1.2100153,-0.6902486,-6.8166356
2024-10-22 00:00:00,0.0,-19.140448,-21.45074,-5.9991436,-0.3856315,-10.521006,-2.2828403,0.5206631,-9.010602
2024-10-22 03:00:00,0.0,0.36744255,159.40076,2.1753244,22.344856,-4.626487,-0.9183575,4.0850573,1.2027138
2024-10-22 03:00:00,0.0,-36.078045,-105.696045,0.32686612,-0.5702858,3.791315,1.2349653,-0.39265063,15.25035
2024-10-22 03:00:00,0.0,-16.05624,-113.09788,-0.13779867,7.3267226,-3.3732991,0.44670835,-0.088185616,-5.968703
2024-10-22 04:00:00,0.0,145.83842,95.98214,1.8231888,7.7289557,3.253881,-1.6992717,-2.8072927,12.409713
2024-10-22 08:00:00,0.0,223.58762,123.438286,-2.7050755,1.3958589,19.831247,2.937494,-1.5770702,39.223457
2024-10-22 08:00:00,0.0,-1.1681631,158.08624,-3.438594,18.370493,2.229905,-0.9490396,4.1527495,2.1785798
2024-10-22 09:00:00,0.0,219.5262,138.15956,4.171607,24.457575,-26.87717,-12.471059,5.914372,42.159714
2024-10-22 11:00:00,0.0,195.82654,16.467844,6.79878,-85.56906,-2.445647,-1.0739353,-39.809147,18.919971
2024-10-22 12:00:00,0.0,-62.202248,87.198746,-11.574316,-27.168837,-18.395512,-13.663147,-7.428832,-1.2627889
2024-10-22 13:00:00,0.0,143.16608,-53.226494,1.4602205,4.2906785,-11.7018175,4.92634,1.1401721,22.444088
2024-10-22 14:00:00,0.0,-15.9370165,116.43064,-12.3064375,-43.17909,-8.358831,-8.02889,-14.450584,-13.297147
2024-10-22 15:00:00,0.0,-24.704254,-91.03848,0.53160256,-8.803078,0.5375227,-1.1798217,-4.0440755,-7.079329
2024-10-22 15:00:00,0.0,-23.883879,-88.215195,-8.2769165,-0.54756397,-1.5431117,-0.7821772,0.046589922,-5.8809385
2024-10-22 15:00:00,0.0,-64.32789,44.70372,-2.422741,4.4011264,-3.507654,-2.0752869,0.9109163,36.146706
2024-10-22 18:00:00,0.0,-22.29309,-119.70301,3.344597,8.649693,-1.1945783,-1.076172,0.73116446,-6.1390095
2024-10-22 20:00:00,0.0,-15.69465,-12.341368,-14.228003,-25.380135,3.9665236,-0.26354176,-1.0864054,-7.7452855
2024-10-23 01:00:00,0.0,-70.834724,26.856052,-1.2217003,-44.219563,7.5845437,-3.2383804,-13.631456,30.687057
2024-10-23 04:00:00,0.0,-24.612797,-43.973213,1.9539932,8.7789545,-6.3358693,-1.616666,0.20540135,-2.8512561
2024-10-23 05:00:00,0.0,-27.257893,-25.928291,-5.1092324,-18.135012,-14.845965,-6.7240562,0.40068272,-1.3863643
2024-10-23 06:00:00,0.0,96.00912,-202.81212,-1.5456675,6.0917544,-8.62154,-1.5421829,0.41626376,15.195233
2024-10-23 06:00:00,0.0,-62.46483,44.686127,0.3031897,12.745543,-12.268373,-7.6544824,0.99682796,37.926395
2024-10-23 07:00:00,0.0,-36.6652,-120.17207,-0.59212226,4.2861075,4.5265145,-1.5233991,-0.012726633,15.196293
2024-10-23 11:00:00,0.0,-9.537397,-12.838298,3.8685925,-17.887072,-18.661901,-8.072571,0.83814114,-11.720017
2024-10-23 13:00:00,0.0,-9.123449,112.985306,0.41461244,-27.885326,0.6276053,0.15046209,-10.037084,-3.0571702
2024-10-23 14:00:00,0.0,43.766083,23.845379,-8.785438,-19.331728,10.740835,-0.5817277,-13.995254,-5.311287
2024-10-23 14:00:00,0.0,-6.236139,-105.99527,-6.2709956,-21.87828,7.4519258,-0.5530265,-2.4330628,-0.16170998
2024-10-23 14:00:00,0.0,-99.45978,97.267235,1.1315982,21.828743,7.706702,-2.3167472,5.558269,49.614437
2024-10-23 14:00:00,0.0,-21.824461,-116.05915,4.9002566,8.470188,-3.5266776,-1.2573298,0.6816335,-5.9491143
2024-10-23 14:00:00,0.0,61.073265,41.3468,-0.7009236,-1.6914617,-12.260223,-4.5073915,-4.14908,-4.7993135
2024-10-23 15:00:00,0.0,97.81403,191.02838,0.56700575,24.282064,-12.822252,-3.3018432,4.6837587,1.6523774
2024-10-23 20:00:00,0.0,85.04144,114.36915,-2.6289418,11.529727,0.63655,1.1504894,2.4153035,-1.3923548
2024-10-24 00:00:00,0.0,-28.389492,-84.576485,0.012445904,0.061336275,2.5604372,1.2191749,0.33696738,-6.353293
2024-10-24 01:00:00,0.0,-38.308197,48.057373,0.26929078,9.026937,-4.992168,-0.64132226,0.3293133,-16.016243
2024-10-24 03:00:00,0.0,182.30498,82.08253,-16.36386,-71.37663,-14.959625,-8.283905,-15.02438,32.6656
2024-10-24 04:00:00,0.0,-51.947884,31.130426,0.5828304,8.601577,-14.5951395,-10.157011,0.7392789,-2.8450682
2024-10-24 04:00:00,0.0,-22.146868,-106.31265,0.4155554,5.6753387,-3.0294533,-1.9543828,-0.10035426,-6.208479
2024-10-24 07:00:00,0.0,-18.229542,-95.0004,0.61657614,-4.8339496,-6.8686867,-1.0889869,-1.9049951,-7.1385064
2024-10-24 11:00:00,0.0,-2.4530597,-110.91998,-0.5033149,5.2758274,8.766031,0.54174715,0.5127697,2.75629
2024-10-24 11:00:00,0.0,22.12378,-149.21687,2.5200458,-9.368816,-0.66182655,-0.33272064,0.18590368,-1.9988174
2024-10-24 15:00:00,0.0,-33.98145,-9.608752,-0.28212327,3.2902274,2.9232812,5.526878,0.8001522,-10.647966
2024-10-24 16:00:00,0.0,-23.835037,-123.59939,12.4473295,5.550708,12.109334,5.9885893,0.5817319,-5.948294
2024-10-24 16:00:00,0.0,-38.444843,-19.419632,2.4760523,17.358309,-4.8673224,-2.724978,0.60036767,23.293814
2024-10-24 18:00:00,0.0,27.714687,-84.04577,1.909171,-18.341978,1.917701,6.1332045,0.41060057,-3.0136042
2024-10-24 18:00:00,0.0,-25.030756,-114.09853,0.4962806,5.3755035,5.127037,-0.8166622,0.20166369,-5.8825035
2024-10-24 19:00:00,0.0,103.23798,-202.26973,-8.16867,8.323029,7.929832,3.399239,0.46087253,17.164356
2024-10-24 22:00:00,0.0,-12.193854,110.85095,-11.317958,-32.456745,4.0236797,-3.9724824,-11.067597,-3.352461
2024-10-24 22:00:00,0.0,-22.976603,-71.295044,-0.54280674,7.6780906,-5.50981,-2.1973746,0.55971384,-6.1292405
2024-10-25 01:00:00,0.0,-33.993565,-123.7082,1.6193972,5.842387,3.7052596,-3.0979164,-0.07677668,15.126186
2024-10-25 04:00:00,0.0,-80.769104,55.38632,-1.015427,11.493009,3.0677536,-5.5335207,2.8618515,40.208813
2024-10-25 04:00:00,0.0,-52.485634,47.8555,-1.2938446,4.831592,6.7950754,-1.0836816,0.9320608,-15.754908
2024-10-25 04:00:00,0.0,-20.59857,-119.2267,0.23368937,5.395,-0.45872366,0.023687527,0.6172582,-5.925493
2024-10-25 04:00:00,0.0,-98.55957,32.347324,0.4705794,18.412012,-1.8553624,-5.744383,3.43076,42.574352
2024-10-25 06:00:00,0.0,156.15878,136.19658,0.50656974,9.092121,-38.011623,-18.999882,-1.7957106,15.567484
2024-10-25 07:00:00,0.0,93.06981,-210.55214,1.4792634,-15.400457,2.028882,1.1031436,0.5287712,13.464317
2024-10-25 09:00:00,0.0,-9.919408,92.23862,-0.63690007,11.823917,1.5027996,0.59943366,2.877492,-1.7078536
2024-10-25 14:00:00,0.0,0.91307366,-128.11906,0.11528359,5.1783056,-2.2165425,-2.4266384,-0.21621728,-6.1669497
2024-10-25 16:00:00,0.0,140.08922,94.6871,-1.444433,-5.9977026,-4.401103,0.9344144,-3.5399594,9.5935
2024-10-25 17:00:00,0.0,-31.283636,-97.08954,-1.8227994,5.0648236,-3.219031,-2.217582,0.84312373,-8.225347
2024-10-25 17:00:00,0.0,-40.509987,90.87624,1.1122905,12.966972,-0.94551873,-0.5234485,2.8373122,-0.31870422
2024-10-25 19:00:00,0.0,222.56615,141.74442,5.6300473,-22.111553,0.37958837,1.0968069,-1.0385338,36.24604
2024-10-25 19:00:00,0.0,-57.10736,133.71425,-2.2359455,15.119164,7.3849244,-2.47968,3.6728334,2.3444502
2024-10-25 20:00:00,0.0,-54.112823,-50.151806,1.3197942,9.166604,1.433408,-0.7002371,1.9779915,-12.328184
2024-10-25 20:00:00,0.0,-41.93467,-16.571186,4.6112895,-14.777933,1.7132823,1.7308357,0.74787116,21.46563
2024-10-25 22:00:00,0.0,165.09074,-5.4218616,9.257694,-140.43451,-1.7284794,2.0758882,-39.26054,18.975548
2024-10-25 23:00:00,0.0,99.04358,-218.43329,2.4844205,10.484347,-0.36884028,-0.5184958,0.8116906,15.951393
2024-10-25 23:00:00,0.0,-6.9711046,-119.89774,6.108931,5.944397,13.6869955,5.969469,0.68301105,1.6691253
2024-10-26 03:00:00,0.0,-7.038081,112.99569,4.9020557,-44.561478,0.7931779,-0.76406235,-10.510316,-2.4872448
2024-10-26 04:00:00,0.0,-52.77543,31.299646,2.9192424,-8.242717,-3.8848307,-6.0602174,0.7507848,-1.063456
2024-10-26 04:00:00,0.0,-26.606647,-115.41597,1.7351182,6.277766,1.4231689,-1.6709031,0.3837546,-2.7579117
2024-10-26 05:00:00,0.0,-57.819904,40.057674,2.3152254,7.160638,3.8100073,-2.8558314,0.72183055,-16.737413
2024-10-26 07:00:00,0.0,-20.323845,79.56022,-0.70166016,14.6681185,2.6335692,0.35017827,0.9727881,-12.103879
2024-10-26 08:00:00,0.0,-34.19162,20.461016,1.1933936,-1.989116,-3.6981256,-1.3089023,-4.320061,-12.41198
2024-10-26 09:00:00,0.0,-23.628084,-105.91689,-1.9070332,-7.4887376,1.7686496,-1.2583147,0.05142521,-1.6946499
2024-10-26 10:00:00,0.0,-43.12156,-25.79947,-1.5269809,10.712784,3.0971894,-2.3328688,0.59775406,-10.330185
2024-10-26 13:00:00,0.0,-23.893787,-92.815475,0.05493926,-4.516202,-15.90678,-7.7993875,-0.89191765,-5.9392905
2024-10-26 14:00:00,0.0,-18.807863,-30.757622,-1.129279,3.60146,-7.6929617,-2.0497313,0.7132267,-8.781111
2024-10-26 15:00:00,0.0,41.54958,-73.12958,0.39768994,-23.849516,-5.556825,-2.3021271,-11.533941,-4.6354
2024-10-26 18:00:00,0.0,-73.08222,109.14364,2.7330174,12.682086,2.588997,-2.2632635,2.397618,11.635498
2024-10-26 19:00:00,0.0,-10.400548,69.51416,-10.928209,1.0474002,-8.651086,-8.838605,-0.032391608,-16.557447
2024-10-26 22:00:00,0.0,-42.61152,-53.342537,0.61970896,14.557344,4.2477727,-0.87820184,1.8832062,-12.417929
2024-10-26 23:00:00,0.0,-41.56611,90.57026,1.872701,11.45803,3.7700732,-1.6965946,2.9793031,-0.18502693
2024-10-27 05:00:00,0.0,37.347565,12.385175,4.34583,-54.231884,-5.956904,-1.0468556,-12.920614,-6.1260734
2024-10-27 06:00:00,0.0,-35.09578,18.429216,5.629777,11.038261,12.571934,-0.13605465,1.699145,-11.8680105
2024-10-27 08:00:00,0.0,-43.166393,106.94402,3.0338206,-60.559364,-4.690218,-3.8747146,-16.802221,-13.672828
2024-10-27 10:00:00,0.0,217.29878,146.57716,-0.86283964,14.806089,-31.926428,-18.217098,4.607041,38.811916
2024-10-27 10:00:00,0.0,-16.226887,11.869779,-1.7168502,11.041475,7.4970636,-1.034939,1.0807288,-4.624972
2024-10-27 11:00:00,0.0,224.03285,123.84307,-4.066151,-3.2953804,14.548497,3.831341,-1.6267068,38.157867
2024-10-27 12:00:00,0.0,-43.582157,22.78442,-7.1472363,6.970766,2.9157517,-1.7276138,1.5432214,-14.506961
2024-10-27 14:00:00,0.0,56.158077,43.162525,-2.1365342,-3.7730157,3.414195,-0.3637982,-4.1631093,-4.859373
2024-10-27 15:00:00,0.0,-32.424355,-64.91048,6.20469,16.130547,16.062788,0.6693162,0.4077452,-6.9763455
2024-10-27 16:00:00,0.0,-57.44214,76.18888,4.764737,-10.725007,8.494815,-5.44928,-2.5946856,0.57271206
2024-10-27 17:00:00,0.0,27.780003,-147.7064,0.9070586,0.557054,4.1287627,-0.27083525,-0.9319875,-2.2735276
2024-10-27 17:00:00,0.0,-76.18076,98.547325,-12.393438,13.03582,-4.383016,-0.30166167,2.3684545,-7.426362
2024-10-27 17:00:00,0.0,-44.10594,-50.954166,4.97002,11.752761,8.336803,2.9749045,1.9375328,-12.84819
2024-10-27 20:00:00,0.0,-22.613096,-110.39287,-1.2520963,2.8363392,-2.2297072,-1.295906,0.26094732,-5.8221316
2024-10-27 22:00:00,0.0,35.656845,46.55101,-1.0992227,23.80387,-2.6182008,-2.5544765,6.132961,-14.854153
2024-10-28 00:00:00,0.0,-75.34622,103.73718,3.1119335,-9.12926,1.2228059,-2.0990381,2.7098985,11.595919
2024-10-28 01:00:00,0.0,-66.21072,49.80463,1.602114,10.308714,1.2759014,-3.1880903,1.4103259,-11.104258
2024-10-28 01:00:00,0.0,-41.63394,24.189634,4.3864655,9.801529,9.519855,2.2464347,1.543919,-15.05695
2024-10-28 02:00:00,0.0,-49.348743,62.643898,-2.45501,4.471839,1.8499886,-2.6616518,0.9195711,-0.4742689
2024-10-28 08:00:00,0.0,-13.275319,-72.909424,-4.081507,-12.555542,5.3929086,0.05507998,0.40200517,-6.076393
2024-10-28 10:00:00,0.0,-12.204494,76.162605,2.4378376,-42.80499,-1.4002655,-2.234559,-9.823115,-14.502083
2024-10-28 12:00:00,0.0,-16.5392,6.6288795,-2.05243,3.6935263,8.441748,1.4004455,0.96811783,-4.4744735
2024-10-28 13:00:00,0.0,-8.756056,72.40961,4.78872,-34.070503,5.8776155,-0.90728134,-7.042304,-0.59747076
2024-10-28 15:00:00,0.0,26.938454,-148.83943,2.4732547,0.4824145,6.6093082,0.8868698,-0.7975018,-2.297434
2024-10-28 16:00:00,0.0,-25.803385,-114.59273,0.4984401,6.647781,6.1694274,-0.6664599,-0.028286815,-6.1880617
2024-10-28 16:00:00,0.0,-89.81574,55.118484,-3.118204,20.458763,2.350167,-4.841434,4.216013,-17.978209
2024-10-28 17:00:00,0.0,-0.41994578,-65.175354,2.380407,10.218975,-2.6339598,0.47407144,0.38945928,-6.5921454
2024-10-28 18:00:00,0.0,-27.977604,99.79647,4.1475134,11.831254,8.178714,1.9590461,1.95292,-12.309403
2024-10-28 20:00:00,0.0,-83.1687,100.42075,3.7640548,-9.758415,-5.5472436,-4.133289,2.1698632,17.222109
2024-10-28 20:00:00,0.0,-74.47069,78.14997,3.5954518,-22.151375,-1.2522546,-3.9350355,-3.5186038,35.70095
2024-10-29 00:00:00,0.0,-22.958847,-44.30237,0.78111714,9.444077,-4.862425,-2.3365664,0.5463186,-6.5743575
2024-10-29 01:00:00,0.0,-38.966965,48.662163,-3.2609901,9.6421,0.60844696,0.9238342,0.33803788,-16.444471
2024-10-29 03:00:00,0.0,98.67221,-191.7414,2.9440577,-17.475883,-2.0020404,-0.3981205,-0.3914866,15.301916
2024-10-29 05:00:00,0.0,-14.732362,-52.713066,2.3934827,-0.8102683,-6.2945814,-1.3391845,0.51617855,-6.8165197
2024-10-29 07:00:00,0.0,28.200562,-81.24815,0.1756388,-1.8640299,-0.23716384,2.6927109,0.43131167,-2.2574656
2024-10-29 09:00:00,0.0,24.001202,-142.05453,-8.680895,-10.563355,-0.547325,0.6790042,0.02096859,-2.2890098
2024-10-29 10:00:00,0.0,-12.215246,-73.17985,0.68908197,7.8075876,-6.2111287,-1.6822503,0.6009558,-6.2875147
2024-10-29 14:00:00,0.0,-39.766106,106.299164,2.1442478,-62.070847,-14.626738,-8.474814,-16.989162,-13.633015
2024-10-29 14:00:00,0.0,125.19976,-102.790535,1.3971541,28.242529,-7.8607025,1.4867883,0.6007586,22.584072
2024-10-29 16:00:00,0.0,-58.724697,59.308052,-8.265216,-24.850317,-0.504354,-4.1462226,-2.4256008,-14.866246
2024-10-29 16:00:00,0.0,-49.735336,50.58739,0.93602604,6.9457397,4.235156,-3.0581229,0.972129,-16.529736
2024-10-29 17:00:00,0.0,-20.278322,25.429987,5.430114,-6.9864764,-7.5648823,-4.0698066,-4.5521426,-6.6976395
2024-10-29 18:00:00,0.0,-59.253933,61.29871,-0.22804496,-0.6091686,3.5817547,-1.286506,-2.435523,-16.81424
2024-10-29 19:00:00,0.0,-18.187975,98.98977,3.4000738,-3.2911894,4.9644303,-1.8891159,4.4087563,-10.441463
2024-10-29 20:00:00,0.0,144.7183,-48.520943,-6.754701,-19.766262,1.5627506,2.3119566,0.9972617,21.96011
2024-10-29 20:00:00,0.0,-98.59755,48.15016,1.6368916,16.628428,6.3966517,-1.5574638,3.218566,-9.565081
2024-10-29 20:00:00,0.0,70.58364,99.74365,3.120967,-24.545656,2.482984,-0.48322794,-0.038919527,-0.5057344
2024-10-29 22:00:00,0.0,-11.471501,-17.054308,0.33654237,8.984413,3.9547882,-1.0461026,1.290108,-3.9543982
2024-10-30 00:00:00,0.0,-32.093727,-74.53302,-2.367212,-15.646584,4.154767,-0.2102327,0.08485387,15.170777
2024-10-30 00:00:00,0.0,-23.368584,-35.987152,0.8268938,14.383197,-17.920803,-9.157117,0.54552406,-7.8609104
2024-10-30 01:00:00,0.0,-41.541435,106.577065,0.6638132,-45.06526,-13.302962,-7.811634,-16.858803,-14.054029
2024-10-30 07:00:00,0.0,230.59158,123.97166,0.26014772,20.169704,0.7342139,2.369698,5.9698157,41.022034
2024-10-30 07:00:00,0.0,93.35425,191.69873,-9.183728,22.700937,4.351201,1.6025351,4.8707294,0.90979934
2024-10-30 08:00:00,0.0,-35.244663,-63.03731,1.8351684,8.627543,2.0814774,-1.0671159,0.45468637,-6.6015058
2024-10-30 09:00:00,0.0,88.51416,-172.81752,2.5063345,-16.336004,-6.816738,-0.412938,-0.8924127,14.409864
2024-10-30 11:00:00,0.0,-12.159118,-21.915821,-1.5150341,6.281384,-8.863163,-6.816336,1.0108601,-3.8760626
2024-10-30 13:00:00,0.0,22.748137,-155.31268,1.353721,5.677263,1.9471604,-0.79740334,0.09303577,-3.779981
2024-10-30 17:00:00,0.0,-25.847637,-108.76536,-4.9549932,3.8125792,-3.8936043,-5.25095,0.0468906,-2.7845404
2024-10-30 17:00:00,0.0,-24.38409,-113.64198,1.3947582,6.0311804,1.9630724,-1.3458208,-0.03607368,-6.0344586
2024-10-30 18:00:00,0.0,148.06395,-49.434723,-0.059467897,-23.509853,3.9315286,4.690131,1.071428,21.882679
2024-10-30 18:00:00,0.0,-34.383392,18.978539,-10.4904375,9.330469,-1.7257056,-1.1115671,1.6097486,-11.912766
2024-10-30 18:00:00,0.0,33.56392,-41.105785,1.9640132,6.09891,-6.5814395,-1.1092848,-2.2642972,-2.1078722
2024-10-30 22:00:00,0.0,-26.189901,-111.720924,1.337163,5.4873896,-3.3135555,-3.110708,0.0013139839,-2.8098016
2024-10-31 00:00:00,0.0,98.24414,-201.1255,0.29945877,3.4090643,-8.988575,1.7148398,0.34396338,16.993977
2024-10-31 00:00:00,0.0,-11.249437,-32.205154,-0.17333853,12.082013,5.2270675,0.37022418,1.376472,-3.3822956
2024-10-31 01:00:00,0.0,-46.30913,58.286407,-6.886922,7.0102563,-18.508509,-1.5414078,1.1013377,-15.043052
2024-10-31 02:00:00,0.0,-26.208479,-19.08479,-3.034282,7.8763437,-11.141338,-8.7150545,0.51929796,-2.855172
2024-10-31 02:00:00,0.0,-40.172558,64.46834,-7.510818,-18.614597,8.899736,-3.078164,-0.7634511,-15.978785
2024-10-31 05:00:00,0.0,2.4649231,159.37323,-2.762746,21.095884,-3.0620859,-1.904847,4.150428,1.4650654
2024-10-31 05:00:00,0.0,-64.84062,118.77299,0.35811642,-4.9127584,-4.447297,-5.6479216,2.821975,0.9285293
2024-10-31 05:00:00,0.0,-31.005653,-51.242447,8.286935,-24.12275,10.744326,3.9844668,-9.697403,-10.140793
2024-10-31 05:00:00,0.0,-34.394566,6.6877556,0.6992465,1.9035544,7.0711274,-1.9341303,-1.3677804,-1.1461389
2024-10-31 06:00:00,0.0,-24.264198,-105.436104,-0.9425924,5.4551435,0.36421597,-1.4840366,-0.09364692,-6.223677
2024-10-31 06:00:00,0.0,-24.319683,-94.647675,2.4458983,-10.110198,1.1348791,-0.8236306,-0.4802864,-1.6849973
2024-10-31 10:00:00,0.0,-60.67578,-10.856128,-6.766205,-27.366865,-3.678362,-5.783923,-8.834155,-8.173636
2024-10-31 11:00:00,0.0,-7.807602,-25.571142,-0.8222109,11.987939,13.310694,-1.5977437,0.39915958,-9.726431
2024-10-31 12:00:00,0.0,-11.437447,-33.268814,5.1767616,12.45421,-8.721527,-0.8138724,1.4263442,-3.1586113
2024-10-31 15:00:00,0.0,-55.429314,-49.800858,4.0130525,11.609184,8.540875,2.0370145,2.1476998,-12.84791
2024-10-31 16:00:00,0.0,-24.349054,95.44308,-5.292025,20.533365,-23.634573,-1.4961492,3.7867367,-11.567192
2024-10-31 18:00:00,0.0,1.6543783,-75.98779,1.2761449,-24.626335,-19.980595,-9.070081,-1.4422293,-5.978605
2024-10-31 18:00:00,0.0,-40.575615,50.979237,0.9370383,8.470812,6.68527,-1.8489524,0.44026947,-16.461676
2024-10-31 19:00:00,0.0,226.3191,170.88345,8.409533,-19.053007,-8.762343,-0.7921633,4.118967,36.289944
2024-10-31 20:00:00,0.0,-6.7176766,5.2810736,5.6846232,-21.223175,-17.809696,-3.577707,-2.9051745,-3.4669728
2024-10-31 21:00:00,0.0,63.537758,53.676582,-0.10268746,9.374817,11.344038,-0.8190784,-1.180528,-3.0149024
2024-10-31 21:00:00,0.0,97.86652,-207.55981,-3.6587763,3.2261384,-0.941965,5.4954658,0.50600654,16.105747
2024-10-31 22:00:00,0.0,52.840836,-39.327904,5.286877,16.810095,4.090357,-3.6604252,4.27302,-6.198783
2024-10-31 22:00:00,0.0,225.57509,170.79848,6.651219,-18.028305,-1.8724575,-0.098932296,4.100915,36.150543
2024-10-31 23:00:00,0.0,219.4768,160.18202,2.7358322,13.926329,-10.717877,0.43136144,-0.49655485,31.51746
2024-11-01 00:00:00,0.0,-21.882172,29.18915,2.4161737,-2.8081188,-3.9877133,-1.4029058,-4.7358527,-7.3489575
2024-11-01 03:00:00,0.0,-25.814781,-111.53135,1.0958536,3.281324,-3.180803,-3.117004,0.0024518664,-2.9040167
2024-11-01 05:00:00,0.0,-35.496677,-120.28964,3.7421548,7.205949,-4.6759453,-2.7025244,-0.0002106065,15.148987
2024-11-01 06:00:00,0.0,27.162922,139.7762,-23.804703,14.563457,-71.740105,-5.6933026,9.849286,-4.121311
2024-11-01 06:00:00,0.0,108.052666,-173.61836,0.432995,8.81211,15.90501,0.76979107,1.3399177,18.611063
2024-11-01 06:00:00,0.0,76.98935,105.026436,1.5788234,0.37470603,4.6648984,1.4491571,-0.04326204,-1.1766908
2024-11-01 08:00:00,0.0,217.11641,122.362274,5.173574,-24.025917,12.110812,2.769291,-1.6436611,35.918194
2024-11-01 10:00:00,0.0,-32.13853,-115.87684,-2.28102,4.6207814,3.2829232,-3.0974956,-0.06288182,15.399645
2024-11-01 12:00:00,0.0,22.02025,-105.722855,-5.4223104,-25.1129,2.4527674,-0.010237155,-1.2628006,-1.3353055
2024-11-01 13:00:00,0.0,-46.22419,29.049545,-2.9451451,-10.47881,5.6602726,-1.2571254,0.9521225,-14.705705
2024-11-01 15:00:00,0.0,-82.357056,64.08464,1.1899688,11.130814,-4.8784366,-5.1011553,0.9574769,38.01361
2024-11-01 17:00:00,0.0,-11.522674,-48.41302,-1.164196,16.564316,2.857896,1.2047048,0.9372093,-4.4719973
2024-11-01 18:00:00,0.0,-11.399259,-31.267561,0.59037894,9.302898,5.395747,1.2593342,1.3854252,-3.3674686
2024-11-01 19:00:00,0.0,-23.67659,-107.06514,0.73353815,1.1300448,1.1079841,0.08878004,-0.09736836,-6.238169
2024-11-02 00:00:00,0.0,-34.333534,48.9226,-1.4419334,4.93946,-12.328441,-6.9663215,0.6533294,-16.154312
2024-11-02 00:00:00,0.0,-12.80253,51.901787,3.2603104,7.1726484,12.924489,-0.07241789,0.15234011,-15.9955635
2024-11-02 00:00:00,0.0,-76.05624,15.582121,3.166224,10.04899,4.699775,-2.1717975,1.7400773,-13.360043
2024-11-02 02:00:00,0.0,3.3086433,-7.9242654,7.7836533,-4.7830315,6.8229847,0.7306861,3.3752143,2.133997
2024-11-02 03:00:00,0.0,79.04263,-215.67632,0.3497653,7.7050676,-33.355415,-17.920784,0.72672,15.708716
2024-11-02 03:00:00,0.0,-34.600666,-13.914225,-1.413347,9.343622,-8.355258,-1.535171,0.24830876,-2.52441
2024-11-02 03:00:00,0.0,40.959503,40.462643,0.25072223,15.947928,13.685086,-1.181537,6.454532,-13.308357
2024-11-02 05:00:00,0.0,-32.385426,-64.43199,1.5320581,-14.4420805,8.992734,-1.1156054,0.2844708,-6.98229
2024-11-02 08:00:00,0.0,2.7702923,34.50656,-2.460664,10.422632,4.33117,-3.542796,0.19386207,-14.9143095
2024-11-02 09:00:00,0.0,114.99643,-134.43837,5.9873395,16.857334,-6.353246,-0.9688028,-2.1084628,18.207687
2024-11-02 12:00:00,0.0,-20.71104,-115.10238,2.5862982,4.608453,-13.170381,-4.8355074,0.735745,-6.222855
2024-11-02 12:00:00,0.0,27.855898,-83.739075,3.9835126,-20.825981,15.987656,1.7789783,0.47233793,-3.376771
2024-11-02 13:00:00,0.0,-61.825798,69.74601,-9.950699,-10.033975,-5.6867747,-6.734039,-3.969959,-15.41508
2024-11-02 19:00:00,0.0,49.20834,102.25461,-15.838428,8.113743,13.126168,-6.7051396,11.056494,-10.012907
2024-11-02 21:00:00,0.0,-45.1581,12.644824,9.078533,1.0642643,12.781365,4.169722,-1.7803634,-12.835729
2024-11-02 21:00:00,0.0,-24.292469,51.811607,0.048048526,2.0360682,0.7598188,-0.93550205,-0.24233226,-7.7344637
2024-11-03 00:00:00,0.0,28.259382,-80.38236,-4.3782706,11.061988,4.1719913,0.2586889,0.72625524,-2.9524682
2024-11-03 01:00:00,0.0,-22.380985,1.0643612,3.465012,-19.499994,9.357373,-0.7356929,-1.7589098,-10.263109
2024-11-03 03:00:00,0.0,-22.936388,-107.05964,1.8727564,6.2117276,3.801087,-1.4261749,0.8167747,-8.297302
2024-11-03 04:00:00,0.0,-60.72008,25.900953,1.9662645,9.937987,5.2902493,-1.8430693,0.495188,-15.6270895
2024-11-03 04:00:00,0.0,-12.515566,86.346794,-0.24271972,-23.275948,-16.876184,-10.223898,-2.3159194,-15.175945
2024-11-03 05:00:00,0.0,219.55084,167.58252,-3.3594544,-23.60678,-0.101820394,-0.67653286,4.055732,35.22704
2024-11-03 05:00:00,0.0,1.868853,-8.597985,-1.0200027,11.679289,2.5403695,-1.739197,3.16241,2.4450696
2024-11-03 05:00:00,0.0,-51.78182,46.529503,-9.933411,-26.463697,-0.77011436,-4.3037596,-2.3654103,-14.13127
2024-11-03 06:00:00,0.0,-58.391304,88.090836,0.9960033,9.236046,4.6284895,-4.3190293,1.6948303,-3.7551713
2024-11-03 08:00:00,0.0,-42.057156,87.009895,-2.7561235,9.538543,-20.065289,-4.616467,2.5261357,0.64332676
2024-11-03 08:00:00,0.0,2.864668,49.172817,3.0947611,-21.306597,7.8272557,-1.9211569,-0.39494634,-16.253935
2024-11-03 08:00:00,0.0,-34.32474,-125.153465,2.1056128,6.7217903,3.6801534,-3.1042483,0.39917165,15.148557
2024-11-03 09:00:00,0.0,-64.9553,44.16085,-1.6221286,13.856764,1.0008837,-4.623901,0.96482337,37.71163
2024-11-03 10:00:00,0.0,-39.349728,21.531116,-4.2609563,12.305739,-5.937814,-4.612087,-0.013805732,-15.3611765
2024-11-03 12:00:00,0.0,41.141945,39.640842,5.776371,17.667442,5.4492702,-1.4580851,6.059832,-12.917458
2024-11-03 14:00:00,0.0,-25.382788,-99.929146,2.3392258,-3.61212,1.7749459,-0.32900682,-1.5388654,-5.7155423
2024-11-03 14:00:00,0.0,64.67021,129.25218,2.3733552,41.36876,2.6397626,-1.8043282,10.660098,-10.816238
2024-11-03 15:00:00,0.0,-21.84083,-68.009285,1.1363696,-3.2479692,2.9066448,-1.8301243,1.2053826,-1.5264502
2024-11-03 15:00:00,0.0,85.440254,114.14794,-2.628015,11.386168,0.6427339,1.1152095,2.402943,-1.3859048
2024-11-03 16:00:00,0.0,17.521166,58.872295,-11.463384,8.410671,-37.678795,-3.025619,2.9547472,-10.354567
2024-11-03 18:00:00,0.0,-20.713293,-75.53011,-11.14338,-5.756849,-2.7554047,-0.84340024,0.3354862,-1.3548551
2024-11-03 18:00:00,0.0,-17.14422,-24.836626,-1.6319526,11.518548,-17.466959,-6.619847,0.7434561,-8.968829
2024-11-03 19:00:00,0.0,-55.40218,44.492065,-0.3193742,9.1713295,8.657026,-3.0780838,0.7448934,-1.5329244
2024-11-03 21:00:00,0.0,-55.01501,88.86133,-3.0301893,9.359534,-3.88086,-5.1240425,1.5899243,-3.9705472
2024-11-03 21:00:00,0.0,-13.590395,55.741253,8.622511,10.200778,-6.2702656,-2.5902567,0.0071281753,-15.842279
2024-11-03 22:00:00,0.0,-23.291763,-48.280396,0.34430686,0.528671,-0.21207058,0.7769341,0.52045447,-6.783406
2024-11-03 23:00:00,0.0,-31.64038,-113.66647,2.433319,-5.3304725,0.26116577,-1.054907,0.4305618,14.0903845
2024-11-03 23:00:00,0.0,-22.915697,-25.280796,2.2951248,0.020219967,7.0398974,-0.20271127,3.7115998,-13.502967
2024-11-03 23:00:00,0.0,-59.18845,62.71955,1.3218,-3.013416,1.1590388,-0.746933,-2.4809783,-16.951
2024-11-04 01:00:00,0.0,-81.67689,91.44869,1.2741892,-10.439135,5.3764586,-4.23364,-6.212781,33.073456
2024-11-04 02:00:00,0.0,-13.955599,98.70146,8.986681,9.853169,-6.995294,-2.458345,1.180974,-4.2785544
2024-11-04 05:00:00,0.0,-9.734055,119.196396,-4.4177666,-56.6497,2.3519893,-2.7941308,-14.087763,-10.409774
2024-11-04 05:00:00,0.0,-96.095276,41.857857,0.04070173,12.327651,9.236893,-2.3261416,3.1501236,-9.64287
2024-11-04 08:00:00,0.0,-84.41278,70.33011,-2.6626148,1.3797013,-3.2756796,-5.7091546,-2.2003582,39.21203
2024-11-04 09:00:00,0.0,164.49084,9.798216,9.233996,-136.05763,-2.246138,-1.0982149,-36.403385,20.689968
2024-11-04 12:00:00,0.0,6.0566626,-99.27762,0.8101927,-3.186755,1.263709,-0.67118174,1.735337,-7.5174675
2024-11-04 14:00:00,0.0,66.51316,71.12429,-0.06820058,6.987575,-0.59560704,-1.9596624,-1.382267,-2.0485208
2024-11-04 15:00:00,0.0,206.11238,168.44708,-5.545241,-21.991352,0.4842666,-0.84364516,4.027197,26.39729
2024-11-04 15:00:00,0.0,-53.492836,38.962807,-4.0174913,6.5626554,-14.449063,-1.5274335,0.6287668,-16.441904
2024-11-04 17:00:00,0.0,167.785,-34.378483,-1.1894759,22.321077,2.1034122,4.474063,7.6945434,31.497362
2024-11-04 18:00:00,0.0,81.23912,182.31133,-3.119549,-11.697787,-21.880127,-3.3305523,4.3798895,0.654546
2024-11-04 19:00:00,0.0,-61.10774,46.21258,1.0805622,8.572144,-3.1247988,-4.519141,0.9078767,-16.138748
2024-11-05 00:00:00,0.0,4.230487,-8.368699,-2.8069282,13.385375,1.8516028,-1.8373343,3.6548488,2.8551939
2024-11-05 00:00:00,0.0,-83.73127,73.35293,3.020553,-17.055887,-0.8127656,-3.2872372,-2.3930776,34.911526
2024-11-05 01:00:00,0.0,-24.915703,-48.937572,2.118635,-2.0381062,-5.570599,-2.0484524,0.21986674,-2.4779453
2024-11-05 03:00:00,0.0,93.85185,-214.16301,2.793164,-13.4432,9.618937,2.0856385,0.7639867,14.814801
2024-11-05 04:00:00,0.0,-58.644497,74.65031,-1.0959817,-1.3702925,1.4081336,-2.9239283,-2.2977362,-0.86621976
2024-11-05 05:00:00,0.0,86.72812,181.56604,-4.036776,-9.114102,1.9760044,-0.46121868,4.6998677,0.9108125
2024-11-05 06:00:00,0.0,125.76497,-15.285913,-0.8147267,11.820959,-54.81912,-19.730051,1.1110892,27.536789
2024-11-05 08:00:00,0.0,-24.44583,-111.493935,-2.1069458,6.621602,0.10437517,-1.5039862,-0.048839547,-5.9861717
2024-11-05 08:00:00,0.0,95.47751,185.87085,-6.0872154,21.223932,-1.5357741,1.1638,4.4296365,0.16169122
2024-11-05 09:00:00,0.0,218.8364,128.927,3.268356,1.796138,1.3261685,-0.23703554,-1.6018684,39.18399
2024-11-05 13:00:00,0.0,-21.345472,-117.0012,0.23117661,2.3135123,1.9422227,1.4317006,0.43161422,-6.262173
2024-11-05 13:00:00,0.0,-67.05711,15.820599,0.8976518,-8.258988,3.8308554,-1.2423086,-4.577661,-13.539386
2024-11-05 13:00:00,0.0,-38.082047,-22.874704,5.588673,-39.18488,-3.6445966,-2.6182685,-5.665575,-7.5799575
2024-11-05 18:00:00,0.0,-20.919514,-101.15802,4.6592727,-6.946275,9.296681,2.1372511,-2.0566075,-7.262725
2024-11-05 18:00:00,0.0,-17.444847,-17.64785,1.5346361,-2.0580213,-8.077966,-1.7205843,-3.4382787,-3.2864585
2024-11-05 18:00:00,0.0,8.887238,96.17318,0.47428715,26.6197,2.3216686,-0.8822235,6.1778955,-13.69399
2024-11-05 23:00:00,0.0,-80.03731,65.60723,16.77401,13.17177,15.407638,4.572401,1.0828027,37.647755
2024-11-06 05:00:00,0.0,41.246872,2.1729393,-0.83073604,4.071306,-10.256416,0.8145788,1.0462631,0.5753723
2024-11-06 05:00:00,0.0,-9.722628,62.779472,0.7371205,-6.8997583,-4.854794,-6.0656047,-3.0620735,-14.820086
2024-11-06 05:00:00,0.0,225.2489,106.900536,-3.2837334,-2.596284,-3.1684237,4.6678796,-15.207465,35.556385
2024-11-06 07:00:00,0.0,59.93953,52.925507,5.318899,-17.350512,8.495518,0.26157027,-1.2032486,-1.3810575
2024-11-06 11:00:00,0.0,1.4343547,-91.04008,-0.028272424,3.350694,0.15957437,-0.069286376,0.3694876,-6.140979
2024-11-06 11:00:00,0.0,81.394325,-205.43365,2.1163728,6.872356,-36.049133,-18.114687,0.3286163,17.05502
2024-11-06 12:00:00,0.0,-76.80564,95.97232,12.814021,-7.4822483,11.814826,2.8018477,-6.3902335,33.517475
2024-11-06 12:00:00,0.0,-47.43106,-6.6054115,-4.030677,-17.324625,0.39860505,-0.36680406,0.47767183,-11.36089
2024-11-06 20:00:00,0.0,-58.73807,-16.591578,2.9147508,-21.443457,4.2763147,-2.4911275,-9.594372,-2.3315954
2024-11-06 22:00:00,0.0,62.001877,55.655357,0.012149182,10.037297,-2.9767694,-1.1518897,-1.1239103,-2.586093
2024-11-06 22:00:00,0.0,-43.50117,22.415298,-13.970205,-13.450778,-6.019285,-1.1331047,1.3138846,-13.896328
2024-11-06 23:00:00,0.0,-14.615219,87.82143,-6.846839,-40.57037,3.9228444,-3.6282187,-6.815077,-11.531797
2024-11-07 01:00:00,0.0,-85.60644,18.861736,-2.5929346,14.193051,6.330644,-2.6616318,3.7765934,-13.620913
2024-11-07 03:00:00,0.0,3.2827363,53.65121,-1.3078856,2.0544078,1.8086746,-1.9932376,-0.43998188,-15.906821
2024-11-07 04:00:00,0.0,102.98927,-220.34708,-3.3627923,6.225731,12.276798,2.1271744,0.7408063,15.583387
2024-11-07 05:00:00,0.0,-48.861767,-6.774062,7.804216,-0.42556843,0.06487806,-1.3072586,0.4224386,23.578173
2024-11-07 06:00:00,0.0,5.719403,47.619427,-10.427945,-26.063997,-8.619963,-8.809761,-10.843888,-13.516764
2024-11-07 13:00:00,0.0,-32.123055,-120.21101,-1.0152473,5.5088296,-12.340994,-6.8959823,0.5121527,15.06369
2024-11-07 18:00:00,0.0,-28.34988,-35.908123,-8.634991,-5.2221694,-6.5524454,1.9751515,3.0941513,-11.256587
2024-11-07 20:00:00,0.0,-12.954477,53.17825,2.822788,9.674162,2.334082,-1.6559886,0.18936016,-16.022331
2024-11-07 21:00:00,0.0,88.08556,208.55415,-5.264556,19.098106,-14.656444,-13.95446,14.098648,-9.646303
2024-11-07 22:00:00,0.0,-39.465477,28.603764,-7.9285064,-9.658653,-18.616488,-9.757581,-0.18757027,-14.81762
2024-11-07 22:00:00,0.0,53.63368,26.432405,5.449277,2.5024848,13.246462,-1.0708067,-2.383493,-0.24068637
2024-11-07 23:00:00,0.0,-53.326195,41.50576,-7.026344,-10.357207,-11.530775,-0.49724212,0.5217247,-15.06085
2024-11-08 01:00:00,0.0,-13.8300905,97.72454,0.9286176,-8.050993,5.7488017,0.1148116,-3.7114317,-3.7078073
2024-11-08 03:00:00,0.0,-66.17792,113.907845,0.9104593,20.966415,-15.0310135,-2.6652775,2.209007,-0.13558234
2024-11-08 03:00:00,0.0,-20.017267,-12.968908,1.0311888,0.6829605,-1.8454565,-1.404671,-1.9543258,-9.655903
2024-11-08 03:00:00,0.0,-45.628223,-4.51036,0.41617763,12.61667,8.965054,-0.87843555,0.67893344,25.296227
2024-11-08 04:00:00,0.0,217.45897,162.85034,-0.800421,12.703337,-31.887812,-18.200052,4.065829,40.294678
2024-11-08 04:00:00,0.0,204.76355,155.7418,-24.367386,-13.374395,-47.08345,-5.5327783,2.6306753,32.637775
2024-11-08 05:00:00,0.0,-15.85917,-28.647781,2.455203,-0.014729515,-6.260912,-0.96642596,-3.7769144,-3.5199492
2024-11-08 07:00:00,0.0,5.532923,-8.485957,-1.9985062,11.0853615,-4.683709,-2.4711406,3.2339509,2.2347622
2024-11-08 08:00:00,0.0,229.59747,138.3044,4.6180887,-2.9213486,9.769031,1.7885962,-1.1140497,36.68354
2024-11-08 17:00:00,0.0,-13.548586,104.79907,-0.7343723,16.012562,2.908899,-0.42003462,1.5816852,-4.394439
2024-11-08 17:00:00,0.0,26.558222,-154.8843,-3.34749,4.626984,1.1342429,1.6232551,0.4017653,-3.3671048
2024-11-08 17:00:00,0.0,-93.736664,58.459686,1.3411156,15.090613,5.2419305,-3.177573,4.3881907,-19.607367
2024-11-08 19:00:00,0.0,-15.991978,-76.959724,0.3628146,-0.22387135,-16.06085,-6.6779113,0.9324881,-6.427668
2024-11-08 19:00:00,0.0,108.15002,-172.3569,-0.8898566,16.689396,-15.497469,1.3182259,1.911836,20.904896
2024-11-08 21:00:00,0.0,-27.35601,-33.147404,5.0730143,11.008208,6.524191,-2.2799973,3.7316132,-13.371044
2024-11-08 22:00:00,0.0,17.83366,181.9107,3.6870205,9.054192,-13.229426,-7.1863017,5.364316,-6.913465
2024-11-09 00:00:00,0.0,-32.045807,-100.34918,-3.2520616,8.273694,-0.62425846,0.3042526,0.7854293,-8.360242
2024-11-09 01:00:00,0.0,-30.048038,-51.648956,1.5030134,-22.71129,3.8003113,-1.0800762,-9.097659,-10.02429
2024-11-09 05:00:00,0.0,-49.246994,-6.295035,1.0860726,8.702975,5.7251024,0.65898967,0.8575023,-12.925489
2024-11-09 06:00:00,0.0,-61.897884,15.799769,0.059702463,-10.169733,-14.096093,-7.367795,-4.487124,-13.4513235
2024-11-09 06:00:00,0.0,139.24574,101.95566,8.380481,9.026868,-37.640392,-16.919935,-3.6410062,15.256875
2024-11-09 07:00:00,0.0,-15.248621,-118.79451,0.6287951,2.5127947,4.465512,-0.50475645,0.20680717,-5.8120594
2024-11-09 07:00:00,0.0,25.838308,-140.02818,0.38687152,2.5077572,7.819046,-0.19796646,-0.07635389,-3.0243804
2024-11-09 08:00:00,0.0,-58.396725,72.64351,-0.24209869,8.98038,-0.941461,-1.4913095,1.4024855,39.00125
2024-11-09 08:00:00,0.0,-21.248966,-121.08426,-0.032926362,8.401653,2.5817115,-0.6181289,0.59717876,-5.7980294
2024-11-09 08:00:00,0.0,-8.130186,-61.333748,-1.4543623,-12.429859,1.3156483,-0.41376582,1.0086651,-1.7530447
2024-11-09 11:00:00,0.0,-28.33574,-37.392902,-13.600316,-21.381235,3.6078231,-0.8756971,-0.14940198,-6.2791934
2024-11-09 11:00:00,0.0,-66.067055,49.893074,-2.2169847,15.796341,4.282182,-2.5454202,1.4744005,-10.167063
2024-11-09 14:00:00,0.0,-77.319565,76.958336,3.1301496,-17.31429,-4.8602104,-5.9383583,-3.1986964,36.80433
2024-11-09 17:00:00,0.0,-35.786106,-8.139395,1.0304104,11.940966,10.524059,-0.99412906,0.7679959,-9.713708
2024-11-09 18:00:00,0.0,-14.348451,-105.96668,-0.4654814,-9.662631,-0.06876374,0.04562075,-0.12252779,-5.3106956
2024-11-09 21:00:00,0.0,-54.523903,55.132107,1.126841,-7.032205,-3.1516442,-4.1777043,-3.4877167,-14.8547735
2024-11-09 21:00:00,0.0,-7.2238803,-57.426598,-1.8339245,13.011021,6.7394557,1.9164608,1.1398747,-3.079553
2024-11-10 01:00:00,0.0,-18.709557,164.56792,-6.7776833,24.789642,5.001585,-1.4281666,6.073637,-7.4976764
2024-11-10 02:00:00,0.0,-28.397717,-97.518,2.0965898,-4.529554,1.7515945,-1.2294515,-2.022224,-3.3412905
2024-11-10 07:00:00,0.0,41.677715,41.93482,1.8382076,14.980247,9.069835,-1.1257874,6.4893765,-13.198722
2024-11-10 09:00:00,0.0,-49.59918,-5.4990273,-0.3208199,8.661697,11.074884,-0.5784656,0.5377648,-11.515647
2024-11-10 09:00:00,0.0,63.47979,102.173386,-6.3084717,22.094675,2.9018967,0.5745116,3.455998,-1.2424096
2024-11-10 11:00:00,0.0,-39.615078,-51.77038,-2.8450973,7.2045245,-16.7144,-9.717145,1.5466208,-12.044759
2024-11-10 11:00:00,0.0,89.3272,-211.81198,-9.739941,10.411484,-14.703527,-6.3997736,0.5626658,16.40197
2024-11-10 11:00:00,0.0,-1.426993,110.17698,2.2859545,20.973362,0.12055282,-0.20726262,3.753555,-10.355705
2024-11-10 11:00:00,0.0,28.142786,-135.80573,0.5714667,3.2516375,-13.3664465,-3.004348,-0.14727047,-2.8899467
2024-11-10 11:00:00,0.0,-22.844496,-104.755424,-2.073262,0.828469,3.2881923,0.038616497,0.04916753,-6.21709
2024-11-10 12:00:00,0.0,-56.230316,27.455116,-0.14999269,-11.757043,5.0762897,-0.8583438,0.70472884,-14.802684
2024-11-10 14:00:00,0.0,-21.313393,-111.430725,1.675729,4.4334025,-4.9469695,1.0324049,0.62061477,-5.9776745
2024-11-10 15:00:00,0.0,-62.96202,78.603935,-7.498079,-26.303219,-11.223222,-2.5781238,-3.1064456,-12.939553
2024-11-10 16:00:00,0.0,-99.81941,97.2175,0.07312739,25.502056,-4.456251,-6.2863092,5.5582356,51.166264
2024-11-10 19:00:00,0.0,-50.009617,49.585407,5.6430306,-6.679532,-2.904672,-2.363886,0.97948426,-15.390181
2024-11-10 21:00:00,0.0,-42.480694,37.542793,-0.4403977,-1.1165769,6.2636085,-2.028648,0.54378784,-16.211115
2024-11-11 02:00:00,0.0,216.32745,136.49498,-5.9677877,7.568927,-21.888056,0.6527963,-0.49041736,37.770218
2024-11-11 02:00:00,0.0,-42.693924,103.33376,-8.430002,-67.72389,0.009586006,-4.513661,-16.924234,-11.300784
2024-11-11 05:00:00,0.0,-24.915289,-106.04338,-3.306314,5.835072,-0.635919,0.44051144,-0.1275245,-6.247361
2024-11-11 06:00:00,0.0,-57.276157,39.09755,1.7754816,18.11355,-10.900205,-1.0852045,3.100255,-17.577984
2024-11-11 07:00:00,0.0,-65.78115,74.48705,2.6790974,13.981643,5.5611973,-4.062998,2.200121,24.054302
2024-11-11 08:00:00,0.0,-11.416023,-69.595024,-0.6725552,-7.847276,-15.928422,-7.272203,0.96018344,-5.8314157
2024-11-11 09:00:00,0.0,-38.493694,22.392298,1.0030129,-12.041916,-0.14452904,2.1541977,-0.15446277,-14.371726
2024-11-11 10:00:00,0.0,-94.427155,18.06039,-6.69043,18.150425,5.3716516,-1.759855,3.491311,-10.490516
2024-11-11 12:00:00,0.0,76.60305,104.682076,-4.138023,-0.30722076,0.9057423,2.8568096,-0.00445934,-0.6990393
2024-11-11 15:00:00,0.0,-2.266267,-116.05151,-0.42756075,5.6588173,8.702157,0.63402873,0.56404024,2.1702259
2024-11-11 16:00:00,0.0,84.53104,147.026,1.5854065,-45.728897,1.4645593,-1.1593454,-11.432652,0.9148203
2024-11-11 17:00:00,0.0,-72.64622,105.94609,-1.5907805,18.007156,-11.563119,-8.717116,2.423284,11.738302
2024-11-11 18:00:00,0.0,-69.88369,71.52267,-5.7007117,-31.612444,0.65240186,-7.251156,-3.3804264,27.444288
2024-11-11 18:00:00,0.0,-62.287724,60.38091,1.7659936,-13.85096,-5.970749,-3.3386595,1.4410913,-12.890488
2024-11-11 18:00:00,0.0,-54.60733,49.738552,1.2994233,-0.11925796,-3.0242655,-3.9031549,-2.2945642,-17.250847
2024-11-11 18:00:00,0.0,-24.19281,-106.10175,0.19634622,2.686873,-6.6093984,-2.2163093,0.19627628,-5.653915
2024-11-11 19:00:00,0.0,-51.831734,48.18426,-1.1364027,-19.29341,-19.746649,-11.243059,-2.2448535,-16.55671
2024-11-11 20:00:00,0.0,213.16527,124.519455,-6.6916313,-19.398859,7.412032,0.28829935,-1.6445395,35.400105
2024-11-11 22:00:00,0.0,-23.081232,-109.384735,2.117961,-6.3291473,2.6987453,-1.3155434,0.2045752,-5.1106787
2024-11-11 22:00:00,0.0,-50.09878,48.0736,2.6287134,3.704861,-4.9466352,-2.891915,0.954281,-16.135458
2024-11-11 22:00:00,0.0,-22.341217,-100.54338,0.857377,-0.21093178,-2.268285,-2.435164,-0.6309903,-1.8162073
2024-11-11 22:00:00,0.0,-89.543274,18.494747,-0.1202047,18.233055,9.915941,-2.5924091,3.924328,-14.449172
2024-11-11 23:00:00,0.0,-9.891251,85.65855,1.2128875,8.752389,4.5513897,-1.4680793,2.8611352,-3.4310102
2024-11-12 00:00:00,0.0,103.304375,-225.25468,0.0038405135,9.239029,15.34272,1.4606035,0.84878474,16.397968
2024-11-12 01:00:00,0.0,-65.13647,41.83652,1.3478351,-1.4252055,1.0263546,-0.79612774,-1.2936988,-16.744331
2024-11-12 02:00:00,0.0,-19.115364,97.57767,5.939441,-3.9497685,4.283997,-1.5383077,4.31794,-10.217981
2024-11-12 03:00:00,0.0,-24.812218,-96.59265,2.542913,-3.32922,-2.9100912,-2.1181645,-0.9845394,-6.007668
2024-11-12 04:00:00,0.0,13.431228,17.269363,1.8574922,-63.58539,1.9490871,-1.3853874,-27.429522,-7.229075
2024-11-12 05:00:00,0.0,223.59326,167.75287,-2.0302103,7.3595634,8.21069,-1.4737719,2.1882305,32.804752
2024-11-12 06:00:00,0.0,-23.80922,-105.75298,-0.106557816,1.6260283,-7.3344164,-0.2803941,0.25293863,-2.038626
2024-11-12 06:00:00,0.0,-22.224283,-93.31348,2.1280475,-9.463241,-0.23698041,-0.48661393,-0.31384736,-5.382855
2024-11-12 07:00:00,0.0,65.78433,85.7239,-0.28124577,-23.667612,7.776325,-0.12614384,-1.0375227,-0.21873331
2024-11-12 10:00:00,0.0,-58.1005,52.650723,-1.392537,-13.89047,-15.524284,-7.1697965,0.9837546,34.638683
2024-11-12 10:00:00,0.0,-14.509897,-62.285618,-1.8788815,-3.2992713,8.9239025,1.1390532,-0.27359125,-6.621176
2024-11-12 13:00:00,0.0,-21.759657,-86.367355,2.2617617,-7.0206223,-3.638127,-2.7149675,-0.018010337,-1.061076
2024-11-12 13:00:00,0.0,-26.69345,109.01726,-0.05929318,14.3202,-4.469854,-5.545601,2.38586,-8.826104
2024-11-12 14:00:00,0.0,-37.65004,67.01209,-1.5438201,-17.167112,-4.5881987,-4.0711646,-1.2595842,-16.186913
2024-11-12 15:00:00,0.0,-62.61949,40.09694,-3.7969315,0.7773279,-4.9685874,-4.541544,-1.2993381,-17.094372
2024-11-12 19:00:00,0.0,177.54483,138.6984,3.0753756,1.0151138,-3.7478957,-0.46036178,-1.5729362,15.1866665
2024-11-12 21:00:00,0.0,-74.432976,50.126797,0.20433375,12.189586,10.959684,-3.620139,2.9490342,40.589985
2024-11-12 21:00:00,0.0,216.62921,110.34511,-3.5716,8.879215,2.9461162,-1.0060076,-1.5702549,37.031708
2024-11-12 23:00:00,0.0,3.0801697,-73.57674,-0.95872873,21.055428,1.0872734,-1.3761094,0.40300527,-6.8328605
2024-11-12 23:00:00,0.0,-2.1605139,158.54634,0.64977103,20.979258,3.23796,-1.1610737,4.0803742,1.4524674
2024-11-13 07:00:00,0.0,-23.747177,-113.80316,2.2866492,3.9762075,4.094542,-1.4251038,0.09729396,-6.4016767
2024-11-13 07:00:00,0.0,-4.0153265,86.82348,-9.753052,15.111344,-18.844685,-0.45880488,2.1306682,-2.064627
2024-11-13 11:00:00,0.0,-16.868315,-71.08575,0.52632725,4.989703,-6.499929,-2.224256,-3.2446373,-2.9895601
2024-11-13 11:00:00,0.0,-0.52005774,-117.62831,-0.4113592,-0.6248431,1.7015468,-0.15337467,-0.599103,-6.2744064
2024-11-13 13:00:00,0.0,1.7275631,-116.77702,1.2331495,-0.66125274,0.17761299,-0.21805725,-0.65527475,-6.0891604
2024-11-13 14:00:00,0.0,-2.5616775,-113.402596,-5.1999245,8.339519,-9.428444,-0.32665634,0.31684256,1.2569282
2024-11-13 18:00:00,0.0,-16.372068,91.97525,-2.2279494,-16.454145,-4.1840267,-5.106413,-6.4748545,-14.03216
2024-11-13 21:00:00,0.0,-48.39688,51.5301,0.5861157,4.736942,1.4967045,-0.856472,0.9755687,-15.963675
2024-11-14 00:00:00,0.0,-76.07412,75.86831,3.6952329,-19.976921,-15.570638,-7.752903,-3.1703286,36.075397
2024-11-14 01:00:00,0.0,38.078693,-21.492516,2.8654447,-18.318419,3.2948287,0.19330709,-2.3139489,-0.5096416
2024-11-14 02:00:00,0.0,-66.250984,29.375664,-3.6941383,13.308777,-18.591738,-10.9674225,2.0068254,-5.1681495
2024-11-14 04:00:00,0.0,-65.049194,41.99068,0.22624922,-2.2920485,4.820829,-1.7188419,-1.3279389,-16.865889
2024-11-14 04:00:00,0.0,49.44007,16.78949,-2.5958695,10.529911,10.438533,1.8770161,0.91241145,-0.4494903
2024-11-14 05:00:00,0.0,-20.64299,-109.4327,2.3805447,-8.441801,2.9799817,-0.29744652,0.29220808,-5.460564
2024-11-14 07:00:00,0.0,-38.810646,51.37738,-0.26533067,9.148502,2.753489,0.5736784,0.4846863,-16.77134
2024-11-14 08:00:00,0.0,65.64021,101.480576,-4.9463396,19.7474,8.244961,0.19761334,3.1760497,-1.3835448
2024-11-14 09:00:00,0.0,-20.820127,-11.317221,1.116278,-22.728197,-13.174046,-5.2762547,-1.792543,-9.593767
2024-11-14 11:00:00,0.0,-46.368713,66.57853,2.1646218,11.397458,-2.496698,-2.8333607,1.3253187,-16.102371
2024-11-14 14:00:00,0.0,-40.931515,-42.41497,10.247078,1.9598382,19.271322,6.559883,0.53259814,-8.76778
2024-11-14 14:00:00,0.0,-50.445896,18.181084,-6.015231,-29.800936,1.3679104,-1.5827428,-2.014897,23.620327
2024-11-14 16:00:00,0.0,-63.74502,71.89746,-0.07892467,3.8825912,6.346644,-1.0298195,2.225263,20.354393
2024-11-14 16:00:00,0.0,100.6375,-211.0334,-0.8428757,5.4538493,4.6889253,1.4264808,0.4506621,15.932544
2024-11-14 17:00:00,0.0,222.99591,153.70462,-19.669098,15.069065,14.223488,-2.301345,-0.23454955,30.039694
2024-11-14 19:00:00,0.0,-21.551353,76.113846,2.66796,14.111213,2.186461,-1.6822733,1.0233803,-12.345118
2024-11-14 20:00:00,0.0,13.622276,17.384417,0.91369444,-65.1731,-17.146446,-10.046493,-27.718372,-7.4007196
2024-11-14 21:00:00,0.0,-20.342272,-40.141506,1.2593508,-23.604313,-6.2146845,-3.2456942,-0.5346326,-2.0243294
2024-11-15 01:00:00,0.0,24.169653,-149.60089,-0.6329184,1.1666564,-13.585891,-0.14163038,0.24167517,-2.5878718
2024-11-15 01:00:00,0.0,24.83941,-133.89717,0.1748778,-10.5298815,1.3588463,-0.7446783,-0.4404384,-1.104282
2024-11-15 04:00:00,0.0,-63.23523,86.80623,1.9907919,-35.136738,-1.0081751,-2.3781042,-5.8732715,-14.353548
2024-11-15 04:00:00,0.0,-53.922398,74.38303,2.8411636,-18.622765,-4.7946534,-3.4695857,-3.392301,-17.050503
2024-11-15 07:00:00,0.0,89.51371,184.36812,1.8347411,-11.073815,-14.05727,-3.5269556,4.5897913,2.585348
2024-11-15 08:00:00,0.0,-83.38286,17.346664,0.7788907,16.040314,-13.311631,-9.214266,3.8608298,-14.1781025
2024-11-15 09:00:00,0.0,-8.18127,47.81342,-3.5775936,-12.925447,1.6666185,-2.803473,-0.03935682,-15.561465
2024-11-15 09:00:00,0.0,-16.212584,-119.37743,0.36017555,4.8934,4.8847294,-1.0146747,0.19546592,-5.8267293
2024-11-15 09:00:00,0.0,-1.4118303,156.66687,7.4908667,20.312187,8.3561125,2.7635283,4.0801735,1.0970445
2024-11-15 09:00:00,0.0,176.25526,142.92834,2.225612,-7.86305,-5.5110292,-1.5561806,-1.0441376,21.43766
2024-11-15 10:00:00,0.0,-74.377815,62.908638,-3.6602793,-9.6355505,-25.815006,-4.1204658,-2.3605928,30.729553
2024-11-15 11:00:00,0.0,-25.012695,-94.36731,0.49725464,6.041768,6.711723,-0.6254301,-0.39359862,-6.2084913
2024-11-15 13:00:00,0.0,-62.905,67.0512,-6.780858,0.8385374,-30.645172,-5.36228,1.6263593,24.101023
2024-11-15 13:00:00,0.0,24.132553,-136.52785,1.4156617,3.1446824,-2.2738,-1.3477944,-0.27230784,-2.8629107
2024-11-15 14:00:00,0.0,-13.801584,-107.62341,-3.9909863,-11.928204,-13.762913,-6.4778314,0.06569483,-5.091713
2024-11-15 16:00:00,0.0,64.775375,87.30528,0.17057367,-21.18697,0.7754178,0.13572744,-0.92309827,-0.089539364
2024-11-15 18:00:00,0.0,-96.07611,16.7324,-2.5830483,17.911083,12.730063,-1.6243849,3.4176164,-10.883949
2024-11-15 20:00:00,0.0,-19.166706,66.484566,0.72667634,6.9946036,5.9400697,-0.47081757,0.3981912,-7.9688067
2024-11-15 20:00:00,0.0,-45.994076,64.97469,3.0395474,-34.09867,4.1175137,-2.1816368,-7.5906196,-0.26509985
2024-11-15 20:00:00,0.0,-8.536721,50.385323,-4.2480545,5.0825562,-16.297686,-2.0352023,-0.15343194,-16.419895
2024-11-15 22:00:00,0.0,-61.58586,75.90254,0.49360883,-24.48797,-17.788969,-10.025267,-3.6908822,-15.208255
2024-11-16 00:00:00,0.0,-21.209383,-117.30731,-0.2690444,3.463502,4.0875316,0.20188132,0.3673027,-6.268867
2024-11-16 02:00:00,0.0,-57.813263,83.58946,1.3359953,-25.17146,2.0463202,-3.7385664,-4.298345,1.4018263
2024-11-16 05:00:00,0.0,-76.82704,90.84103,1.8565354,18.324621,-19.60206,-6.390915,1.6422453,-7.0995154
2024-11-16 05:00:00,0.0,-45.730297,97.76924,0.6796719,17.463245,5.5096884,-2.1319637,2.1671748,-12.244509
2024-11-16 05:00:00,0.0,83.53486,115.10659,-1.1485215,12.237965,3.9620295,-0.8538603,2.4669182,-1.3532193
2024-11-16 08:00:00,0.0,-43.696075,23.184021,-5.083385,-11.334092,-0.6460116,1.985184,1.4853218,-14.147516
2024-11-16 08:00:00,0.0,-60.843475,26.404093,-0.19048087,3.3091874,-11.042584,-3.6722958,0.54626715,-14.566646
2024-11-16 12:00:00,0.0,-15.480688,-96.68229,-0.85231835,7.2815075,-2.4641187,0.95146215,-0.36275592,-5.9644
2024-11-16 16:00:00,0.0,-31.583221,-24.584085,1.1080279,-15.590778,2.46413,0.57610655,0.43539238,-2.0595608
2024-11-16 16:00:00,0.0,24.455135,62.31239,2.3220034,-80.13621,2.3393793,-1.2412344,-36.208397,-10.136458
2024-11-16 17:00:00,0.0,-18.700384,101.96489,9.34016,15.268431,12.421522,5.079566,1.4103411,-4.42889
2024-11-16 20:00:00,0.0,-68.19996,41.632046,-6.403415,-2.647159,-22.031305,-4.6033874,-2.0651903,32.076637
2024-11-16 21:00:00,0.0,34.348076,51.833473,5.341581,4.341678,6.0012603,-1.1367028,6.0672793,-14.127697
2024-11-16 21:00:00,0.0,107.21616,-169.90775,-0.87140745,11.342918,-14.551204,1.4992273,1.9152569,20.95655
2024-11-17 00:00:00,0.0,-58.676792,-35.762333,-3.8464768,15.152419,3.8527608,-2.8994627,2.6036868,28.159138
2024-11-17 02:00:00,0.0,150.98042,-37.17689,2.7165074,-37.6858,30.860998,1.7114493,-1.9277359,19.481853
2024-11-17 03:00:00,0.0,1.9411756,66.638214,-3.1336212,-3.20668,3.5153232,-3.1185088,5.0319724,-18.631557
2024-11-17 03:00:00,0.0,-57.76231,59.166233,-5.8620453,-12.920715,-9.920599,-2.1368754,-2.3627994,-16.042479
2024-11-17 04:00:00,0.0,-20.313627,114.724686,1.0263052,-34.910847,0.1710152,0.48100564,-13.099771,-14.583116
2024-11-17 04:00:00,0.0,-13.199445,76.77675,3.5312183,-40.79426,3.9143882,-1.2050653,-9.611464,-14.564815
2024-11-17 09:00:00,0.0,-21.802002,-119.92599,1.051618,6.3919225,2.4225833,0.11399021,0.76479286,-6.295124
2024-11-17 09:00:00,0.0,-72.91523,107.05634,-3.2570622,14.996688,-2.7147486,-4.697705,2.6982675,10.345074
2024-11-17 10:00:00,0.0,-17.050922,-100.106476,2.9255865,-8.930102,5.404716,-3.291575,-1.0048563,-5.455005
2024-11-17 11:00:00,0.0,-29.688856,22.714783,-1.0967792,9.691563,-7.06501,-3.4880357,0.9837144,-0.049166784
2024-11-17 12:00:00,0.0,-17.59139,82.09485,2.2036512,-20.534904,5.163822,-2.130741,-9.628047,-14.793398
2024-11-17 13:00:00,0.0,-48.10461,-10.856812,1.6043671,8.618007,-3.1326497,-1.0968066,0.87402695,-12.13865
2024-11-17 14:00:00,0.0,-25.785275,-108.90159,4.2501945,0.5883619,-3.8911786,-1.2958332,-0.025656661,-2.4079034
2024-11-17 15:00:00,0.0,-9.842218,-60.874123,1.214097,-0.82303065,3.1071095,-0.10343221,0.8973746,-2.4496539
2024-11-17 17:00:00,0.0,-18.281603,-93.88465,1.6019225,-17.623133,4.3698683,-0.111606926,-2.0245395,-6.582863
2024-11-17 17:00:00,0.0,-3.8354747,-7.026136,0.15767622,4.30914,-17.504732,-7.8537803,0.82369274,-11.200583
2024-11-18 00:00:00,0.0,-30.877176,-54.244957,2.2016335,7.701506,-6.556416,-1.801113,-1.4013659,-7.024032
2024-11-18 03:00:00,0.0,-59.571484,11.699027,2.19125,-48.94384,-3.7810662,-4.1778803,-8.181691,-9.050586
2024-11-18 04:00:00,0.0,-6.7214327,-61.593052,4.586146,-0.8545132,-15.8549385,-2.1452725,1.2361233,-2.4481573
2024-11-18 04:00:00,0.0,-11.58652,-92.42526,1.7497377,2.3374581,1.0047315,-1.7925537,-0.25947553,-1.065911
2024-11-18 05:00:00,0.0,45.396797,52.261635,-10.395283,-26.600473,-15.005403,-8.309088,-1.1965457,-1.7349935
2024-11-18 06:00:00,0.0,106.86679,-221.57207,2.7560003,17.487726,7.6701694,5.2417455,0.8377595,16.42414
2024-11-18 07:00:00,0.0,-25.439035,-113.34386,-1.7809981,2.07131,2.6066644,-1.3342513,0.1497284,-2.4567912
2024-11-18 07:00:00,0.0,-59.9835,34.821304,-14.550639,-2.136836,-5.1032977,-3.7268908,-1.9761387,-2.9696221
2024-11-18 08:00:00,0.0,-88.75629,69.87468,-0.43524262,-1.9655346,3.8725698,-4.8655457,-2.3099992,38.31833
2024-11-18 09:00:00,0.0,-7.3456936,69.199326,6.1586957,-0.46250483,-6.362319,-3.3454924,0.27632105,-16.038656
2024-11-18 12:00:00,0.0,-40.61193,8.31289,-1.5001698,-20.416752,3.6303189,-1.8970346,-1.8043617,-12.185849
2024-11-18 12:00:00,0.0,-41.54658,-31.946474,-0.08548315,-15.531653,-1.3697089,-0.26541585,0.6405065,20.544691
2024-11-18 14:00:00,0.0,-6.996853,47.95129,2.6809685,3.0374393,-16.857939,-8.027438,-0.017829273,-16.30035
2024-11-18 15:00:00,0.0,-29.098612,-8.6706085,0.040059794,9.262513,-14.866208,-7.0391564,0.6157213,-1.4717854
2024-11-18 15:00:00,0.0,-53.60456,45.31055,0.40369844,7.8510017,5.347803,-4.03584,0.7256163,-1.6795404
2024-11-18 18:00:00,0.0,-28.172144,113.74493,-1.1873128,17.54287,-4.0423465,-4.8071504,2.3860753,-7.7979493
2024-11-18 19:00:00,0.0,-69.74994,32.451584,0.23539712,14.733878,6.159035,-3.4700081,2.2197986,-7.023806
2024-11-18 22:00:00,0.0,7.3757634,95.391365,-4.3199754,29.886127,0.86969554,1.3149534,6.1669726,-13.782972
2024-11-18 23:00:00,0.0,-61.803158,44.430225,5.963219,-15.761631,9.264307,0.9987494,-1.3489469,-17.126476
2024-11-18 23:00:00,0.0,125.02018,-102.32172,-1.6889372,31.93518,-6.251945,-0.63048154,0.7681417,22.277334
2024-11-18 23:00:00,0.0,-20.950996,-97.26977,-3.7654147,-11.930735,-4.813967,-2.6876988,0.013214687,-5.447776
2024-11-19 01:00:00,0.0,-13.128345,-25.766819,-1.9342747,14.2521305,-0.6552132,1.5120484,1.2432405,-3.5589874
2024-11-19 01:00:00,0.0,-39.35667,47.549553,-0.81013024,-13.947663,3.841965,-1.4825286,0.39279464,-15.635108
2024-11-19 02:00:00,0.0,-4.9324827,72.455414,-0.8324274,-15.293618,-12.787946,-8.324185,-0.16867974,-17.036762
2024-11-19 02:00:00,0.0,163.06677,7.793537,-6.914873,14.990126,19.487087,1.4913472,1.2073811,28.085455
2024-11-19 03:00:00,0.0,-53.683636,15.901663,-4.8752117,-22.265926,-3.5162997,-0.21222751,1.0389036,24.323242
2024-11-19 05:00:00,0.0,-6.0280094,45.973434,-4.301924,2.0410569,-7.143944,-5.2968073,0.029506013,-16.16533
2024-11-19 06:00:00,0.0,-42.64432,31.012259,-3.9354594,-0.04062382,-20.55538,-11.101344,-0.23602045,-13.563552
2024-11-19 06:00:00,0.0,-43.03012,8.35773,2.300112,2.183541,-8.0428095,-2.2532573,-2.0939558,-12.441609
2024-11-19 06:00:00,0.0,144.74835,95.20527,-13.246796,2.736328,11.669866,3.1266472,-1.2839174,9.1777
2024-11-19 07:00:00,0.0,-48.03821,-22.26138,1.8863322,10.860889,12.807989,0.13164145,0.49999225,22.857506
2024-11-19 08:00:00,0.0,14.502659,180.76875,-1.8408535,5.9175897,11.099769,-1.7670505,5.3389926,-6.9313507
2024-11-19 08:00:00,0.0,-38.48083,-53.78339,1.2365001,2.8885942,-6.4881973,-3.1721745,0.2365088,18.23505
2024-11-19 10:00:00,0.0,-8.543684,76.706,3.9243836,-13.799277,1.9229544,-0.9670961,-0.48346007,-16.981009
2024-11-19 11:00:00,0.0,-62.72541,94.816956,3.6539574,-37.6802,3.6207259,-3.6768558,-7.069,-1.351094
2024-11-19 13:00:00,0.0,-70.15322,49.777138,5.2157035,12.030807,-13.249896,-2.633477,2.478695,35.295563
2024-11-19 16:00:00,0.0,109.30569,-122.85319,5.526728,-9.881287,-25.870678,-7.2237697,0.7920405,18.16298
2024-11-19 17:00:00,0.0,-82.527374,99.16003,-8.745572,-6.8290157,-14.876208,-3.1364172,1.8231072,22.479239
2024-11-19 19:00:00,0.0,207.82927,146.29265,0.22656192,13.437081,-34.821663,-17.367062,-1.0553592,39.293076
2024-11-19 22:00:00,0.0,36.02598,75.66577,-30.815592,33.725838,-70.93191,-2.9769514,6.170677,-6.5164695
2024-11-20 00:00:00,0.0,-33.741463,-118.106064,5.1644216,1.8075173,-3.674063,-2.3141212,0.15455876,13.429204
2024-11-20 00:00:00,0.0,-4.362351,-115.9819,-0.7431898,5.646665,-3.6103196,-1.0621172,0.7064351,1.542604
2024-11-20 02:00:00,0.0,-10.614584,68.23041,3.2833614,-36.269024,-6.9903326,-1.7688068,-7.199652,-1.1990632
2024-11-20 04:00:00,0.0,-8.134693,1.905414,0.5866439,9.8963175,8.480362,-2.550362,0.98832875,-12.907494
2024-11-20 09:00:00,0.0,18.715534,60.742382,1.9325393,3.0323827,-21.639637,-2.6322217,3.5150611,-11.662168
2024-11-20 09:00:00,0.0,115.90656,-181.31677,-1.7650548,12.795877,12.066413,2.8790138,2.607737,22.685759
2024-11-20 11:00:00,0.0,11.696817,-28.22175,1.1265495,16.101,15.336033,-0.91504383,4.6064534,-13.462951
2024-11-20 13:00:00,0.0,-60.31687,73.72326,0.45510483,8.954242,-11.784907,-7.1891775,1.3152212,39.467438
2024-11-20 13:00:00,0.0,-30.143766,-24.954056,0.62719494,1.223046,-1.306148,0.0026938338,0.5781885,-0.7712514
2024-11-20 16:00:00,0.0,-34.30813,18.717373,-1.2343138,12.414627,4.7518735,-1.6910427,1.7995534,-12.34079
2024-11-20 16:00:00,0.0,-34.46609,-98.279755,0.06288488,-7.158111,-2.6828737,-3.1742144,-3.1384497,16.744371
2024-11-20 20:00:00,0.0,48.340305,17.544952,2.8860426,1.0745724,12.355907,0.6630181,0.9919972,0.0075162463
2024-11-20 21:00:00,0.0,109.392975,-111.99069,3.0713089,-43.526054,-12.060958,-2.9664426,-1.9912783,16.806185
2024-11-20 21:00:00,0.0,-79.24503,4.551941,4.270842,7.8650155,-17.504446,-3.571256,2.6116145,-7.4727945
2024-11-20 22:00:00,0.0,-21.537199,104.40601,-0.37738612,20.260206,7.6332088,-1.2283167,4.281518,-10.061004
2024-11-21 01:00:00,0.0,-3.3623712,-114.885056,-1.6819359,4.118471,-1.7036465,-0.5320356,0.90565073,1.6542889
2024-11-21 02:00:00,0.0,0.40819177,-87.34317,-1.3386023,12.288081,-1.1811669,-0.2727977,1.7183255,6.275076
2024-11-21 02:00:00,0.0,69.018074,-188.78516,2.8414762,-25.283607,-36.66271,-21.1769,-1.8188215,12.225874
2024-11-21 05:00:00,0.0,64.806404,97.84025,-0.35589415,14.373217,5.1472406,0.86639744,3.1042995,-2.0312884
2024-11-21 05:00:00,0.0,-43.950798,81.84417,0.3605137,10.285571,-3.1440516,-4.933762,2.9777477,-2.0817704
2024-11-21 05:00:00,0.0,211.55719,76.78324,-2.8111053,-91.563545,19.794899,4.08757,-46.296356,30.164988
2024-11-21 06:00:00,0.0,-16.3679,91.81264,2.5151856,-20.494366,1.8776851,-0.20946114,-6.31229,-14.620767
2024-11-21 06:00:00,0.0,-15.030371,-110.89613,3.9436035,-4.43982,-2.2275188,-0.962229,0.3280115,-5.620195
2024-11-21 07:00:00,0.0,-64.86945,16.4449,3.914614,8.143971,7.645091,0.4321097,0.62723494,-15.373349
2024-11-21 08:00:00,0.0,-26.527388,-71.38786,1.0372868,-8.789056,1.9769733,-0.83902067,-0.09687975,-6.1546807
2024-11-21 18:00:00,0.0,-16.02113,-99.38502,-1.2965207,4.8415165,-0.21717629,-1.3301253,-0.36431387,-6.155974
2024-11-21 19:00:00,0.0,221.30449,159.74646,-2.9138842,18.18656,0.20629524,0.05680283,-0.5327247,30.847837
2024-11-21 20:00:00,0.0,-27.919638,-48.821484,1.8936789,-37.356827,2.3125079,-1.4970857,-9.288991,-9.021044
2024-11-21 21:00:00,0.0,-19.581776,-22.311607,0.54259825,12.478652,-5.4460735,-2.6554263,0.7516868,-9.475909
2024-11-21 21:00:00,0.0,-63.98943,73.924995,0.6917633,7.9299603,4.889301,-4.6620245,1.4069902,38.692184
2024-11-21 21:00:00,0.0,-27.9433,-10.734419,0.6313517,-1.2718214,-19.004519,-8.078791,-2.015293,-9.671794
2024-11-21 21:00:00,0.0,25.56335,-158.20909,4.1266246,6.9966397,6.7699113,2.549686,0.20997098,-3.5381558
2024-11-22 00:00:00,0.0,-21.725494,-93.92232,2.3343334,-8.64644,1.0198838,-0.3893133,-0.4196226,-1.3671865
2024-11-22 02:00:00,0.0,-104.90881,97.296745,2.1530252,23.467644,0.8404658,-2.533826,5.2750807,49.2148
2024-11-22 04:00:00,0.0,-49.782867,50.58535,-1.2888392,4.679569,6.8330874,-1.0397177,0.930518,-15.74739
2024-11-22 04:00:00,0.0,2.2044017,-134.00354,0.58667064,4.0525413,4.4542966,-1.7242734,0.10175907,-5.8971457
2024-11-22 07:00:00,0.0,-25.131199,-89.12817,-0.6546606,1.7422626,-5.6683626,-2.9262588,-0.32148358,-2.351107
2024-11-22 08:00:00,0.0,-35.078358,29.739828,1.919657,10.091142,4.5908995,-1.7235999,2.0537605,-11.762056
2024-11-22 14:00:00,0.0,-51.599796,61.87057,0.13313046,5.9559035,5.983354,-2.4379807,1.0191375,-1.2860236
2024-11-22 15:00:00,0.0,-70.80605,70.989716,3.5239353,12.485357,6.8586392,0.5531412,1.3923764,-12.235734
2024-11-22 17:00:00,0.0,173.49571,137.68842,-9.307666,-13.636974,4.962473,-1.5017282,-0.5576495,16.567734
2024-11-23 01:00:00,0.0,-25.45465,-108.10131,1.6567235,5.339277,-1.326767,-0.5632052,-0.1336224,-2.9175742
2024-11-23 01:00:00,0.0,-24.632065,-107.18655,1.8291297,4.765526,2.4790013,-1.7963958,-0.12707661,-6.2786694
2024-11-23 02:00:00,0.0,208.74953,112.31506,-14.941004,-5.8014374,-40.675495,-23.76627,-15.080936,34.418114
2024-11-23 03:00:00,0.0,-93.73443,18.000328,0.35074103,18.18491,-0.5121071,-3.5457733,3.3588712,-10.495295
2024-11-23 03:00:00,0.0,-30.258808,-8.454085,-1.5883679,8.997135,-5.802834,-3.395949,0.6486778,-1.4476656
2024-11-23 05:00:00,0.0,-81.28378,80.881134,-1.8820628,13.776026,5.5770893,-5.113503,1.730907,29.825516
2024-11-23 05:00:00,0.0,-32.248875,-9.144415,4.94119,10.756921,-3.9873033,-2.208014,0.6634487,-1.4541132
2024-11-23 07:00:00,0.0,-40.633045,49.47208,5.697284,5.0054975,7.1102467,0.34699008,0.44413286,-16.333927
2024-11-23 08:00:00,0.0,-59.494324,25.241564,-2.0969634,-21.660042,3.0087137,-1.8712803,-1.1019491,-14.7937
2024-11-23 08:00:00,0.0,-22.630608,-67.3274,-0.63262916,-4.262209,-5.6216183,-4.2688303,1.0241768,-1.6014984
2024-11-23 09:00:00,0.0,-45.29963,63.694748,0.28303635,7.9173417,1.4399071,-1.747679,1.3562909,-15.882813
2024-11-23 10:00:00,0.0,-58.686634,40.553658,-1.0458779,-15.826513,4.0622706,-1.4356196,0.93514085,-15.315528
2024-11-23 10:00:00,0.0,102.205826,-214.549,-2.8175793,7.5246334,11.238123,6.9846206,0.6712771,15.8834305
2024-11-23 15:00:00,0.0,60.680573,54.92183,2.0670512,4.990757,-0.3813063,-0.91248095,-1.1125132,-2.4510283
2024-11-23 15:00:00,0.0,-17.758797,63.67524,-0.47969866,-15.473815,7.0126643,-0.6337984,0.43256417,-7.1802816
2024-11-23 16:00:00,0.0,241.9457,175.46432,1.8785399,10.646523,1.9979341,-1.6878285,2.6358001,39.92032
2024-11-23 16:00:00,0.0,-18.488274,18.50288,0.7440833,6.8217063,7.1920004,0.41966742,1.5111527,-12.1398535
2024-11-23 18:00:00,0.0,95.62654,-143.49289,-7.425706,-37.987682,2.89781,-0.042208087,-2.0550056,13.551346
2024-11-23 19:00:00,0.0,28.788586,-131.7189,-0.12303433,7.6523376,-5.6734605,-0.91824436,1.2140477,-6.358071
2024-11-23 20:00:00,0.0,-43.16706,80.249954,3.99116,-11.099545,10.308734,0.029771263,2.9223337,-1.5715004
2024-11-23 23:00:00,0.0,-40.35556,21.941008,-4.6281466,6.933793,-14.527261,-7.165659,-0.27196133,-14.035874
2024-11-24 00:00:00,0.0,-40.18878,-19.987883,0.7936147,18.456429,-6.6149035,-3.8875391,0.61769164,23.504091
2024-11-24 04:00:00,0.0,-17.086117,-29.724144,2.3906653,1.239781,-7.488454,-1.0620929,0.7404878,-8.8608
2024-11-24 04:00:00,0.0,152.69194,-19.236916,-21.55088,-31.246239,-3.9129672,10.294418,0.4852683,20.690079
2024-11-24 05:00:00,0.0,-62.74114,54.12905,1.181909,4.103176,0.20698918,-1.9060413,0.9897038,34.953438
2024-11-24 10:00:00,0.0,32.178288,133.7999,-1.7085233,37.576942,0.026909057,-4.0314374,10.793703,-11.439317
2024-11-24 10:00:00,0.0,-6.784035,-49.308487,-2.971946,0.065990895,-9.461924,-4.0907493,0.5246099,-8.854985
2024-11-24 14:00:00,0.0,-23.44944,-89.4488,1.1926875,-8.937242,-0.9429456,-1.878243,-4.036994,-7.081107
2024-11-24 15:00:00,0.0,-38.173588,47.54226,2.6450741,3.8821871,-16.463156,-7.4978447,0.3677538,-16.318295
2024-11-24 15:00:00,0.0,-40.44719,-43.66274,1.8249326,7.2117176,-2.1872087,-0.3985899,0.7616161,-8.967118
2024-11-24 19:00:00,0.0,25.2319,-155.72952,1.084313,0.82013583,2.065574,0.78554547,0.5398048,-3.2356758
2024-11-24 19:00:00,0.0,-2.813627,-50.854603,3.3375318,19.951725,6.144851,0.992537,0.4865423,-8.384139
2024-11-24 20:00:00,0.0,-24.966732,-88.17941,-3.9006152,-0.9780334,-9.462669,-1.3040124,-0.64786845,-5.9968305
2024-11-25 02:00:00,0.0,-56.246113,41.434105,0.61405647,6.299069,-18.445808,-9.880593,0.78293383,-16.6851
2024-11-25 02:00:00,0.0,42.47726,-22.296825,7.184006,-53.89004,-6.3532767,-1.3046337,-14.434494,-2.5677035
2024-11-25 03:00:00,0.0,-84.01349,12.395167,0.20946331,17.643078,4.2268386,-1.6019791,2.9665146,-10.620683
2024-11-25 06:00:00,0.0,-58.41112,38.9809,-2.7400935,6.2509623,-19.461401,-11.549963,0.8873387,-16.899487
2024-11-25 07:00:00,0.0,88.956665,138.33687,-8.47616,-29.599207,0.22345856,-0.5484367,-5.253543,-0.48502406
2024-11-25 08:00:00,0.0,18.251823,-149.0709,-3.174658,-12.177652,2.0186687,-2.6438015,0.3302466,-1.5317279
2024-11-25 11:00:00,0.0,4.363018,-9.001322,1.1034232,14.155052,14.358045,0.27766675,3.5178556,2.3795524
2024-11-25 12:00:00,0.0,-21.62691,-49.032433,-0.12811954,-1.0908786,-13.626426,-6.1874223,0.20094253,-2.4525702
2024-11-25 12:00:00,0.0,-29.27185,100.10052,-2.414883,8.233969,5.8573565,-1.3057779,2.0161574,-12.060375
2024-11-25 13:00:00,0.0,-12.628908,102.66307,4.4359846,-21.215176,4.9076214,-0.9018638,-3.8171504,-2.609208
2024-11-25 13:00:00,0.0,-76.998726,98.86112,-2.5177455,13.337978,6.0687704,-1.3639307,2.367829,-7.762273
2024-11-25 13:00:00,0.0,64.860725,89.22817,6.010579,-2.0155654,16.074446,5.656618,-0.9873993,-1.030252
2024-11-25 13:00:00,0.0,-106.06639,43.199234,2.5299423,20.271946,2.2810133,-0.96944034,3.3529415,43.588585
2024-11-25 14:00:00,0.0,-50.00106,-6.0493083,18.721952,5.4573526,21.037642,9.699224,0.5267607,-11.428606
2024-11-25 20:00:00,0.0,-19.747753,65.25266,0.47329062,-0.52702963,1.1289619,-0.01704757,0.44420555,-7.187638
2024-11-25 21:00:00,0.0,-34.754005,-22.874609,-0.45586407,-27.877916,-20.908834,-6.4696894,-1.393673,18.682396
2024-11-26 00:00:00,0.0,0.2942124,-126.1827,8.206044,3.6397254,-6.832874,-3.2264774,0.035762355,-5.7427435
2024-11-26 01:00:00,0.0,-56.42237,128.15474,-5.4340034,-6.075932,-6.633618,-1.1920563,3.7884438,2.659121
2024-11-26 03:00:00,0.0,37.32986,45.200092,3.7072592,19.841013,10.208297,2.046938,6.055068,-13.651808
2024-11-26 04:00:00,0.0,-26.6653,-40.837086,5.0636663,5.830732,-2.1051936,-1.8941759,-1.1512556,-6.886934
2024-11-26 04:00:00,0.0,-24.633204,-65.41914,-0.6578949,2.8092096,-7.317124,-0.657948,0.69277686,-6.40734
2024-11-26 08:00:00,0.0,93.822395,192.24805,-0.91389227,20.15793,8.072075,1.552374,4.6372943,2.2647934
2024-11-26 10:00:00,0.0,-10.977889,-86.10713,0.82057554,4.7218957,3.5753198,-0.35961208,1.0426708,-2.0452087
2024-11-26 11:00:00,0.0,-7.3481827,70.89344,3.3976042,1.2511053,2.200777,-1.2948234,-0.07651283,-17.161894
2024-11-26 12:00:00,0.0,-79.72767,103.94245,6.4936996,10.660076,-14.649894,-1.3981421,2.0207627,14.6530075
2024-11-26 13:00:00,0.0,-15.509228,-77.15981,0.6385223,-0.22002128,-7.485721,-2.536127,0.60698426,-6.3866615
2024-11-26 15:00:00,0.0,-9.759682,-89.07593,-5.2572136,3.6551738,-16.9092,-3.23607,-0.53513634,-1.1378539
2024-11-26 16:00:00,0.0,-56.804703,-36.688503,-2.5306554,14.15185,-0.77600646,-5.055708,2.4997437,27.557116
2024-11-26 17:00:00,0.0,-2.6561615,111.00962,1.834089,19.058523,3.9367447,-0.9440556,3.7687824,-10.446318
2024-11-26 18:00:00,0.0,-51.817078,68.12639,0.33190715,10.656739,-6.74775,-4.3733945,0.84535736,-1.8404456
2024-11-26 18:00:00,0.0,-16.71295,-73.45585,-0.31361422,-8.665446,-12.6822195,-5.9042106,0.27032828,-5.391894
2024-11-26 19:00:00,0.0,-59.42164,60.765495,-1.7812229,-18.788136,-0.27784276,-2.7923913,-2.5090475,-15.548397
2024-11-26 19:00:00,0.0,-69.782074,70.530365,-12.796614,-34.628967,-4.7036915,-6.0187573,-3.292574,28.175846
2024-11-26 20:00:00,0.0,-26.9841,-114.77338,0.38429305,5.627281,4.637484,-1.4604677,0.3752651,-2.8086464
2024-11-27 01:00:00,0.0,51.163326,18.005186,8.721502,-11.791738,7.844584,1.2123158,0.7389458,0.82357675
2024-11-27 03:00:00,0.0,176.88821,3.5388052,3.911894,19.385725,28.49067,6.642381,0.9563173,28.404593
2024-11-27 04:00:00,0.0,32.828526,135.16219,3.4130616,38.903465,18.375845,0.1222143,11.127062,-11.986482
2024-11-27 04:00:00,0.0,-0.25869608,39.685066,-2.8163013,10.7338505,-2.9001653,-4.3909965,0.000300657,-15.51434
2024-11-27 10:00:00,0.0,-47.287,-11.903921,-2.1494868,4.6394687,-1.131944,-0.5355581,0.81149346,-11.428887
2024-11-27 10:00:00,0.0,80.159584,181.9556,1.7499118,12.892757,-13.934164,-13.436882,14.121966,-9.885461
2024-11-27 11:00:00,0.0,-59.948734,71.53543,2.4530778,-10.564753,6.695916,-4.8094664,1.3721007,35.921604
2024-11-27 14:00:00,0.0,-67.60011,68.20837,1.356768,11.794738,-2.81518,-3.559185,1.1521099,38.592064
2024-11-27 14:00:00,0.0,12.924174,-28.513227,2.4794161,16.873106,2.323966,-1.6769395,4.352377,-13.09096
2024-11-27 15:00:00,0.0,-62.027634,-11.139233,-0.68327266,-36.7078,6.690953,-3.1774604,-8.993475,22.542137
2024-11-27 17:00:00,0.0,-0.10851538,-114.26218,0.63513124,7.6786513,-9.895155,-2.3383136,0.93326455,1.4017651
2024-11-27 18:00:00,0.0,-31.647083,27.818213,-8.265194,8.155416,8.054659,-2.389967,2.0795279,-11.539327
2024-11-27 19:00:00,0.0,35.93211,45.493893,4.950276,22.781713,2.3239675,-0.7297701,6.068828,-14.790414
2024-11-27 19:00:00,0.0,140.67438,-71.40295,9.62919,16.094213,-21.21157,1.691689,1.0250053,22.739893
2024-11-27 20:00:00,0.0,-17.700115,11.5551815,-0.5769071,8.909347,8.1064,-1.5732942,1.0776829,-4.803399
2024-11-27 20:00:00,0.0,209.16023,116.891075,9.908379,-40.072495,-9.714129,-0.7420087,3.156483,36.588432
2024-11-27 23:00:00,0.0,-46.36824,63.274155,0.6447828,8.614606,4.4728937,-2.8057148,1.3635039,-16.25814
2024-11-27 23:00:00,0.0,-31.800358,-100.807846,-2.3371663,6.944543,2.6629193,-1.1715941,0.7911143,-8.255568
2024-11-28 00:00:00,0.0,-1.0058692,101.923615,3.3071687,-6.916146,-6.802038,-6.0184817,3.7346992,-10.237531
2024-11-28 00:00:00,0.0,-57.988132,41.390812,0.8336133,-15.104095,-1.2799052,3.1099784,0.9111734,-15.514442
2024-11-28 01:00:00,0.0,164.04726,-0.5344396,1.208096,-20.321417,24.078772,1.59766,0.99211687,25.608526
2024-11-28 03:00:00,0.0,24.887997,-33.17633,-9.654548,-25.465363,-19.607304,-6.500114,0.9706461,-0.52104205
2024-11-28 06:00:00,0.0,-53.295612,45.414852,1.8278486,7.462377,2.1442454,-4.3770213,0.71414304,-1.6414287
2024-11-28 10:00:00,0.0,-32.048717,31.858727,-3.7526836,-5.007009,4.463437,-1.7275133,1.969008,-10.1339855
2024-11-28 11:00:00,0.0,87.873566,168.12053,-9.656653,-6.6190615,-22.780794,2.5630834,2.7640734,-0.5870621
2024-11-28 11:00:00,0.0,100.52077,-209.76782,-0.5542251,6.807053,3.6855335,-0.944837,0.31248778,17.40153
2024-11-28 12:00:00,0.0,-39.510544,32.38261,3.1684828,-11.123414,0.56024534,-1.8803618,-0.18780512,-15.079386
2024-11-28 14:00:00,0.0,-35.049057,-3.179478,0.563099,1.4463122,12.927652,-1.624693,-1.6487981,-9.559867
2024-11-28 17:00:00,0.0,-20.899752,60.09309,-5.644667,17.627289,3.7025797,-2.4970949,1.3968278,-9.829196
2024-11-28 18:00:00,0.0,2.6064067,165.11177,-3.9677808,-5.4950695,-13.142499,-8.596916,5.418459,-8.621729
2024-11-28 18:00:00,0.0,-11.281636,69.291275,-1.2155912,9.398209,-12.0739355,-5.258137,0.3860517,-8.334306
2024-11-28 18:00:00,0.0,-25.535505,-111.45734,-0.13423266,6.0815578,-1.4933558,-2.8505182,-0.047604144,-2.8157365
2024-11-28 19:00:00,0.0,-25.1976,-84.88404,1.7931373,-17.131657,-1.1111486,-1.5491995,-2.1649947,-6.619123
2024-11-28 19:00:00,0.0,1.8608443,-130.47829,-1.3087527,1.3114073,3.5773199,0.11875121,-0.21292767,-6.1045623
2024-11-28 22:00:00,0.0,-40.863304,-17.183203,-5.8384805,-9.505024,-3.121464,1.3749774,0.24230212,-10.107898
2024-11-29 01:00:00,0.0,-32.145805,28.159733,-0.4856301,11.882745,0.33894104,-3.5369678,4.2238035,-16.301752
2024-11-29 05:00:00,0.0,-24.677065,-110.889015,-1.4703907,4.266102,-0.7278733,-2.720827,0.009118515,-6.1487937
2024-11-29 05:00:00,0.0,-21.145884,-70.740875,-2.0443184,-1.1820048,-4.261522,-1.6133975,0.16107273,-2.6520338
2024-11-29 05:00:00,0.0,-25.922789,-113.64698,-2.536968,8.204496,4.6209936,0.14363715,0.40544343,-6.058487
2024-11-29 07:00:00,0.0,48.343124,-2.4789057,2.0349514,-23.740044,-2.559232,-0.8814953,-15.374296,-1.7712983
2024-11-29 09:00:00,0.0,-28.638725,-114.45824,-2.3030157,-11.838321,-7.8761845,-5.9113493,0.28135568,12.555336
2024-11-29 09:00:00,0.0,-43.56425,30.363218,-5.992096,9.652391,6.594702,-2.3667443,-0.29420567,-15.434203
2024-11-29 11:00:00,0.0,72.76658,90.87816,-13.55012,7.174808,-6.2303967,-0.20302102,-1.0787511,-1.2778144
2024-11-29 15:00:00,0.0,-42.524395,64.44854,2.2612839,-13.734377,2.3820508,-1.7763454,-0.811882,-17.493263
2024-11-29 16:00:00,0.0,-6.0573688,2.9248118,1.4246457,12.453117,13.415658,-0.9606125,0.8695922,-12.01866
2024-11-29 16:00:00,0.0,-23.38624,-94.63646,0.99334407,6.364633,-3.1204517,-1.3283216,-0.28436905,-6.1848903
2024-11-29 16:00:00,0.0,0.77085984,-120.96016,-0.70039904,-11.61202,8.203036,-0.77157,-0.5488866,-5.3274
2024-11-29 17:00:00,0.0,56.447437,30.686722,0.36508024,-34.27878,-13.790433,-4.5110765,-4.1133375,-1.875707
2024-11-29 18:00:00,0.0,-18.31377,7.528215,-6.0804577,-42.329422,4.1884336,1.1382657,-9.302053,-6.3573112
2024-11-29 20:00:00,0.0,-51.329704,45.614258,-2.4890237,-32.349277,-4.311097,-3.3974497,-3.5923488,-12.413322
2024-11-29 20:00:00,0.0,-33.30749,-9.414892,-5.359902,4.1208706,2.108719,-1.082147,0.6510413,-0.76733726
2024-11-29 22:00:00,0.0,8.070499,64.2673,1.4664671,17.61525,7.969523,-0.22755308,5.101354,-19.980822
2024-11-29 22:00:00,0.0,-40.85423,-33.501003,-1.2592623,-15.390123,1.7955422,-0.6311173,0.6182508,-9.835411
2024-11-29 23:00:00,0.0,-84.75658,102.37157,-3.498521,15.836471,0.8893003,-4.3666544,2.19073,14.684604
2024-11-30 02:00:00,0.0,-30.775755,-106.36768,-4.0253315,-1.5725363,-3.518415,-3.636635,-0.6480948,13.214367
2024-11-30 03:00:00,0.0,-24.5937,-112.951454,1.5204345,2.8924644,-0.25836247,-0.36833584,0.4051893,-6.0590677
2024-11-30 05:00:00,0.0,-14.649641,-105.739586,-6.2420545,-0.55596024,-10.875828,-2.4994936,-0.17786278,-5.6772013
2024-11-30 08:00:00,0.0,24.062641,-101.212555,-1.3278371,20.01771,3.9300048,1.9309057,0.35780564,-2.8554876
2024-11-30 08:00:00,0.0,95.45174,215.20947,0.6386971,44.317333,13.456322,-4.4252467,14.1286335,-9.648783
2024-11-30 10:00:00,0.0,93.79336,-216.06465,5.474714,-13.974615,3.5972497,2.8503652,0.724415,13.358346
2024-11-30 18:00:00,0.0,-8.064642,-108.59,1.0482092,-18.628538,5.873559,-0.4392301,-2.4722254,-0.27497947
2024-11-30 19:00:00,0.0,-28.707314,-106.7206,-13.063102,-8.6926,-12.863086,-2.761143,0.31732598,11.978525
2024-11-30 21:00:00,0.0,31.711266,-37.47018,-9.196684,3.7842457,4.495443,-2.5420609,-2.074154,-2.6168175
2024-11-30 23:00:00,0.0,2.4778113,-115.24462,-1.5814636,6.584537,0.53254205,-0.94557536,-0.6800611,-5.9664545
2024-12-01 00:00:00,0.0,-22.966257,-107.089935,2.8070514,-6.5796657,-2.6445184,-2.8956141,0.2464269,-1.5065831
2024-12-01 02:00:00,0.0,-22.613583,-15.083121,-0.24034888,10.775416,-8.9049015,-4.4722314,0.70573145,-9.79652
2024-12-01 07:00:00,0.0,-23.219673,-95.441536,-8.798357,5.5705423,-3.6019745,0.62556076,1.3712417,-8.027817
2024-12-01 09:00:00,0.0,-58.408466,71.81499,-4.195042,-9.652395,6.2620077,-4.214086,1.3206698,34.9108
2024-12-01 09:00:00,0.0,32.800774,-49.74061,1.6779077,9.34382,-4.595547,0.2468362,0.8845899,-2.3671527
2024-12-01 10:00:00,0.0,-46.03354,105.5369,2.4185307,-44.477764,4.707136,-2.0596087,-17.000706,-14.186657
2024-12-01 12:00:00,0.0,-26.793802,-17.34503,-4.5210423,-16.662899,-16.07612,-6.8148017,0.8329467,-9.415713
2024-12-01 15:00:00,0.0,-17.053066,-111.27377,-3.640803,4.2757697,1.5811479,0.17223814,-0.02859396,-6.467543
2024-12-01 16:00:00,0.0,-36.151943,23.240917,-7.044718,-7.880756,-9.967002,-1.3616965,-0.36190245,-13.286454
2024-12-01 17:00:00,0.0,36.764076,45.487774,-3.934344,17.093351,-12.157142,-4.90443,5.967381,-15.067381
2024-12-01 18:00:00,0.0,-30.037601,108.057816,0.8016862,21.7152,-0.010958949,-4.0794516,2.3317955,-6.9284277
2024-12-01 19:00:00,0.0,-78.25094,8.766015,-10.673694,-2.0131245,-25.960579,-2.5659168,2.4728858,-7.6509933
2024-12-01 20:00:00,0.0,-23.92875,-97.457504,1.2640995,5.2869678,0.5884794,-1.3748176,-0.3175361,-6.027015
2024-12-01 21:00:00,0.0,275.30228,194.35579,-5.510035,53.669853,30.798512,5.5354843,15.413643,48.51543
2024-12-01 22:00:00,0.0,-39.982227,-43.736813,0.31003433,7.606333,-3.0185773,0.28611875,0.7471891,-8.895283
2024-12-01 23:00:00,0.0,-22.303127,-83.79192,-1.1425498,-19.641504,2.435172,-0.7543176,-4.0145607,-6.3141117
2024-12-02 00:00:00,0.0,-23.975796,-111.180145,-1.6918154,5.516136,0.15928069,-1.297506,0.080721445,-6.1375737
2024-12-02 04:00:00,0.0,-41.22981,19.816677,1.5191305,12.284409,-18.196295,-7.0128083,1.1521713,27.786821
2024-12-02 06:00:00,0.0,-6.589842,-70.379456,-3.623371,-22.817112,-21.336815,-9.555951,0.43791068,-6.6596065
2024-12-02 06:00:00,0.0,-53.424004,43.501568,-4.87934,6.4314423,-15.702838,-9.657061,0.66400653,-0.13895303
2024-12-02 07:00:00,0.0,-5.926608,-111.750244,0.5450795,-1.199894,2.5681055,-1.5890632,-2.2617428,0.61421734
2024-12-02 07:00:00,0.0,166.38492,18.13768,4.5272646,-30.01423,28.310871,1.0543177,-2.6739435,26.411335
2024-12-02 08:00:00,0.0,-46.35318,99.18977,1.7484345,16.068783,1.2512022,-2.0074215,2.2561662,-12.154972
2024-12-02 12:00:00,0.0,49.85706,106.25136,19.708275,32.993244,-33.239983,-2.5626442,8.754931,-9.379387
2024-12-02 15:00:00,0.0,-34.041527,-41.252045,2.2812219,11.586864,-5.083939,-1.8356025,0.40995175,-7.5084796
2024-12-02 18:00:00,0.0,-17.70809,62.814117,6.9681144,-3.5212958,10.073115,-2.2526097,0.9314829,-2.475047
2024-12-02 20:00:00,0.0,-25.215298,-101.15162,-1.4549488,-2.459409,7.4617095,-0.5972667,-1.409169,-5.6404266
2024-12-02 21:00:00,0.0,-58.878567,26.593798,-2.7261374,3.0883985,7.336943,-1.3568926,0.4859612,-15.330474
2024-12-02 22:00:00,0.0,-52.564293,43.605446,5.8622603,-10.733798,3.4184217,-2.9140725,0.7742012,-0.14925699
2024-12-03 00:00:00,0.0,-24.920393,-112.6036,-1.4392837,6.02941,2.5350246,-1.2148433,-0.04085904,-6.0193105
2024-12-03 01:00:00,0.0,-25.519623,-43.054195,1.8712618,0.95888424,-3.4023485,0.8894477,0.26631126,-6.833758
2024-12-03 01:00:00,0.0,-59.14818,122.47751,-1.0606117,11.629334,10.337271,-2.9969585,3.469133,1.1461452
2024-12-03 02:00:00,0.0,-60.36009,46.366924,0.2947826,7.588884,10.182421,-2.4167624,0.90732867,-15.9799185
2024-12-03 03:00:00,0.0,94.660675,180.86238,0.16371271,14.745984,-1.3844678,-1.2858744,4.594864,1.2330161
2024-12-03 04:00:00,0.0,205.49666,121.027885,-19.435722,4.614424,-29.932722,1.4616812,-0.91066414,35.08378
2024-12-03 04:00:00,0.0,24.493832,-103.86066,1.8367915,-23.950605,12.598334,0.056085695,-0.9740877,-1.7430066
2024-12-03 05:00:00,0.0,-15.918196,-76.696724,-0.29233032,-0.51099,0.98175573,0.94246703,0.5682844,-6.3873324
2024-12-03 05:00:00,0.0,94.707184,185.32791,-6.0309277,22.305954,-1.4708372,1.2204599,4.5936403,1.0643995
2024-12-03 07:00:00,0.0,-42.80167,-4.102535,-0.46432495,0.9916351,12.334147,-1.7743425,-1.2087777,-10.014704
2024-12-03 12:00:00,0.0,-38.586266,46.751926,-1.9379923,6.7469697,-4.1384463,-3.8344438,0.40450317,-16.287216
2024-12-03 12:00:00,0.0,37.444153,46.292248,2.4801695,17.12644,-16.479221,-3.6459956,5.9741855,-15.207401
2024-12-03 13:00:00,0.0,-34.303463,-118.577866,-2.0135894,2.156705,3.4396765,-1.433995,-0.054068338,14.65754
2024-12-03 15:00:00,0.0,-10.847276,51.960835,0.40653697,4.4438305,-5.6473427,-4.222091,0.1409462,-15.822986
2024-12-03 16:00:00,0.0,-50.914707,46.867092,-10.390147,-36.497433,11.263126,-3.3044198,-3.0490954,-13.030735
2024-12-03 20:00:00,0.0,-67.06006,53.939137,-2.912719,10.7720995,-5.413339,-7.2933254,1.0211407,37.77958
2024-12-03 21:00:00,0.0,-113.67182,48.288372,3.198071,19.195263,11.060409,1.5289682,3.4383562,-9.834388
2024-12-03 22:00:00,0.0,-3.9704723,85.84542,-1.1195875,-8.521197,0.8948996,-0.35154107,2.8451061,-2.9461777
2024-12-03 22:00:00,0.0,-16.074528,-44.540478,4.085536,-25.537191,5.5712185,1.2372625,-1.2543466,-6.893461
2024-12-03 22:00:00,0.0,-53.20077,48.136658,-2.0642264,9.774218,3.5595229,-3.4582973,0.98217905,-16.126919
2024-12-03 23:00:00,0.0,-57.890976,25.93884,5.172268,-10.077982,4.5224133,-1.7437477,0.5250283,-14.774651
2024-12-03 23:00:00,0.0,-12.283983,-72.90644,1.5141008,9.23514,-7.923839,-0.18785176,0.507615,-6.317292
2024-12-04 00:00:00,0.0,274.81174,232.83342,2.2364233,31.646034,-6.086527,0.25577968,17.162626,49.01084
2024-12-04 01:00:00,0.0,-20.438635,-116.66981,0.5615513,7.0723476,-12.388707,-5.668762,0.761277,-6.177246
2024-12-04 02:00:00,0.0,-36.509132,-122.176704,-0.4876653,6.242607,4.627475,-1.9847493,-0.011066707,15.215987
2024-12-04 04:00:00,0.0,-35.797714,30.300264,5.62534,13.424374,-6.5840282,-2.442652,1.9157586,-12.243216
2024-12-04 05:00:00,0.0,5.92422,-101.94923,1.635976,5.8623495,-8.712303,-1.0578953,1.4567385,-7.038614
2024-12-04 09:00:00,0.0,-60.19749,9.106492,-12.356102,-24.792242,-22.529236,-3.904049,-3.3151646,-12.646371
2024-12-04 10:00:00,0.0,-37.511673,-1.8170974,0.62194467,11.52482,-2.238491,-1.1127504,0.45281306,-1.6216496
2024-12-04 11:00:00,0.0,-86.86837,75.67396,8.279401,5.098144,-26.362555,-4.8622913,4.1088,35.370567
2024-12-04 11:00:00,0.0,-18.280914,28.954487,-7.7330127,0.8390641,-13.777719,-3.013504,-0.093184724,-5.6549463
2024-12-04 12:00:00,0.0,24.735487,-147.44417,-4.9781427,2.202659,-13.685851,-0.1263253,0.04561113,-2.671481
2024-12-04 13:00:00,0.0,-34.758816,-29.392672,-0.33695173,-22.483889,-9.580425,-4.610586,-1.9023218,-8.182044
2024-12-04 13:00:00,0.0,-1.78282,156.94936,6.912742,19.69273,8.480543,2.714414,3.804498,0.10131773
2024-12-04 14:00:00,0.0,1.3256164,-85.68099,-4.4399395,12.961684,5.185166,0.8696814,2.043095,6.723845
2024-12-04 14:00:00,0.0,-28.367067,-97.5912,-3.8441567,-14.054118,1.9270848,-2.9524891,-1.1519608,11.845698
2024-12-04 15:00:00,0.0,-28.128574,-97.26371,-3.5196607,-14.95951,-4.400398,-4.164629,-1.1764891,11.96641
2024-12-04 15:00:00,0.0,-29.993769,26.225664,3.330906,16.42927,-15.347164,-0.31374905,2.8271434,-13.66505
2024-12-04 15:00:00,0.0,-14.793462,-110.66875,-5.3194823,5.8015394,-9.737791,-0.078633174,0.07813749,-5.564326
2024-12-04 18:00:00,0.0,180.00743,93.24441,-29.245735,13.267338,-3.1320043,1.0587758,-3.4679875,31.677513
2024-12-04 19:00:00,0.0,-35.964138,-120.777176,0.16878054,5.5582438,1.1674923,-2.3478246,-0.045392383,14.847338
2024-12-04 19:00:00,0.0,-63.882355,43.84524,-2.9257655,12.281731,1.5299203,-3.7967272,1.2596903,36.83157
2024-12-04 19:00:00,0.0,266.62012,167.37904,5.5446672,34.83834,3.2167454,-0.81660634,15.629397,43.779747
2024-12-04 21:00:00,0.0,-21.315725,-100.13852,0.4565102,8.7721,4.4741254,-0.44091997,1.601259,-8.497099
2024-12-05 01:00:00,0.0,150.00986,-36.92399,3.5681262,21.630054,-38.271618,-18.061954,7.588693,32.932125
2024-12-05 02:00:00,0.0,-61.066532,62.799225,-5.0356526,2.3331532,-7.5466075,-6.075815,-2.6980314,-17.280024
2024-12-05 04:00:00,0.0,-20.344234,-14.996556,0.8190706,10.604538,-9.81913,-4.1771283,0.72039497,-9.790536
2024-12-05 07:00:00,0.0,-2.9006822,43.237694,8.493487,10.104563,-5.7443695,-2.74239,-0.059655473,-15.460459
2024-12-05 07:00:00,0.0,31.357714,-136.60036,3.7385733,-3.8591764,3.395144,-0.30459857,-3.0288255,-3.9698122
2024-12-05 08:00:00,0.0,-23.090271,-89.06414,1.4974629,-7.292785,1.9429594,-2.014435,-0.054543655,-1.1047992
2024-12-05 09:00:00,0.0,-35.404816,-117.226494,0.61229557,1.598885,-3.40327,-2.310741,-0.021369867,14.75984
2024-12-05 11:00:00,0.0,52.55046,22.480116,6.2876196,-23.392202,14.31284,0.30965033,-2.3862684,-0.40166596
2024-12-05 11:00:00,0.0,62.05579,148.05396,-34.280792,40.16452,-77.25399,-3.9594693,9.075366,-4.904562
2024-12-05 11:00:00,0.0,-46.826813,-46.350876,4.4107695,0.64258903,-10.339725,-4.0965824,1.7412935,-12.344815
2024-12-05 12:00:00,0.0,-16.245935,19.207197,-5.598877,-29.24837,4.8459272,1.2466462,-5.0117517,-2.6818767
2024-12-05 13:00:00,0.0,-85.30654,17.303219,2.2230804,4.3382115,9.135268,-1.661172,3.0936186,-10.3925905
2024-12-05 14:00:00,0.0,31.534483,-56.304504,3.3179464,11.5436535,12.961965,-0.21647051,-1.2664427,-4.0630183
2024-12-05 14:00:00,0.0,-78.913895,48.975777,10.866324,2.9819365,-13.706067,-4.2059197,3.7225444,-13.907071
2024-12-05 15:00:00,0.0,2.7893717,-9.846539,-2.857759,12.075301,2.862032,-2.0102868,3.2651896,2.2641752
2024-12-05 16:00:00,0.0,-6.398535,-34.587055,-3.4428415,-13.25397,-14.387504,-2.167735,1.4631948,-2.0637887
2024-12-05 17:00:00,0.0,-48.91058,60.9991,-10.910249,4.9030695,-3.959413,-0.8210612,1.0129452,-0.76818174
2024-12-05 19:00:00,0.0,-28.47477,-46.952538,1.1387224,13.42703,1.6948975,-3.0972276,-0.15996288,18.026733
2024-12-05 20:00:00,0.0,-1.7143614,147.44875,-11.644787,12.577463,6.1952214,-2.329266,4.2985435,-0.14179742
2024-12-05 20:00:00,0.0,75.2579,-171.53357,3.009966,-38.997276,-36.891876,-21.08419,-6.3673773,16.012049
2024-12-05 21:00:00,0.0,-8.973314,-26.469393,-14.4292965,-17.753534,-7.407792,0.097043425,0.98874605,-2.5718544
2024-12-06 00:00:00,0.0,0.49749747,-98.72726,-5.919877,-8.893575,-5.4750924,-4.68676,-4.6211786,-6.7960544
2024-12-06 02:00:00,0.0,42.081665,-8.823072,-5.6476555,-14.7627535,4.5506997,1.6815146,-1.1889495,-0.740624
2024-12-06 03:00:00,0.0,202.35857,147.47948,8.597305,-26.035202,-39.19463,-21.46306,4.635037,36.304066
2024-12-06 03:00:00,0.0,-4.129555,-31.832912,-1.0800868,8.955999,-10.857723,-3.50688,0.48707128,-9.724755
2024-12-06 04:00:00,0.0,-6.012851,-105.297554,2.7377982,9.107141,3.5990582,-1.7645743,0.17832114,1.452516
2024-12-06 07:00:00,0.0,-55.300316,122.51557,10.405734,0.9392029,-11.135319,-2.8503065,2.9978626,1.4917487
2024-12-06 09:00:00,0.0,-9.000112,50.01871,-6.802234,5.4667425,5.3450704,-5.450182,-0.1294822,-16.309034
2024-12-06 10:00:00,0.0,-53.1922,37.648487,1.0561907,-2.0401475,4.1737065,-1.1025509,-3.8451025,-15.979452
2024-12-06 11:00:00,0.0,-35.79432,-30.230156,-7.456302,23.772877,12.262308,-2.961754,-0.15288106,23.899837
2024-12-06 12:00:00,0.0,-17.029833,5.847635,4.41357,9.429123,7.6488285,2.8437824,1.1574649,-5.0696254
2024-12-06 13:00:00,0.0,99.39192,-210.26611,2.5113783,1.1225946,2.7344093,-0.17527619,-1.7223493,14.394198
2024-12-06 14:00:00,0.0,-32.78917,-102.41797,0.59886444,5.8406835,3.1358883,-2.3162956,0.7743305,-5.0359735
2024-12-06 17:00:00,0.0,-16.41088,-96.93085,2.862598,-6.8655467,5.4458556,-3.4178944,-0.45168653,-4.884441
2024-12-07 00:00:00,0.0,220.2471,151.80815,2.421068,4.356603,13.716891,3.6822388,-0.5616425,31.472258
2024-12-07 01:00:00,0.0,90.34377,139.57924,2.358664,-18.982626,9.3652725,-1.1334132,1.9626716,-2.8193164
2024-12-07 02:00:00,0.0,-44.667698,-25.790346,3.1538572,10.022892,6.0702643,0.885605,0.5931365,-10.397471
2024-12-07 02:00:00,0.0,-12.569586,52.225986,5.2826014,-16.31752,-7.369744,-4.719048,0.15187813,-15.521513
2024-12-07 02:00:00,0.0,0.871422,-84.1061,-2.9359179,6.121763,-5.431633,-0.58088106,1.7012258,6.319773
2024-12-07 02:00:00,0.0,-33.352646,-68.04324,-5.185494,-26.183804,0.47220027,-4.567686,-0.49850914,15.406229
2024-12-07 03:00:00,0.0,-13.61516,-44.164207,-2.4215152,-24.149813,-7.1702394,-3.7659876,-1.6687207,-6.7631984
2024-12-07 03:00:00,0.0,227.30974,141.02505,-1.9092002,19.195139,-4.5977993,-0.19822268,5.9744205,41.75397
2024-12-07 08:00:00,0.0,-55.676094,-34.866673,-2.0951595,15.609988,-3.2761905,-5.297439,2.4790802,28.477942
2024-12-07 11:00:00,0.0,-37.34865,-23.108238,0.97118586,-24.551142,-2.50875,-2.3403697,-1.3759494,18.709791
2024-12-07 13:00:00,0.0,24.689901,-122.05053,1.5460554,6.4294686,-3.1444252,-1.1991743,1.1610471,-3.5725024
2024-12-07 16:00:00,0.0,97.14721,-152.54007,5.4758053,-14.724806,-8.914405,-0.58944714,1.0730345,16.658648
2024-12-07 19:00:00,0.0,-112.25553,45.540474,4.9840536,20.767586,-0.14976424,-2.3023973,3.2028122,-10.349929
2024-12-07 21:00:00,0.0,-8.799546,67.83539,-2.225248,-81.832,2.163301,-3.193439,-38.38937,-10.11336
2024-12-07 21:00:00,0.0,-61.698536,14.895883,1.8585238,5.4414535,2.9676273,-0.3161585,0.42761412,-14.72913
2024-12-07 22:00:00,0.0,-3.0390959,-117.54552,2.138729,7.8644996,-2.5264046,-0.1250157,0.9382457,1.1920563
2024-12-08 01:00:00,0.0,-98.50605,28.12822,2.6002438,17.679363,4.098023,-4.2982297,3.026202,39.628376
2024-12-08 05:00:00,0.0,-12.315967,-87.151184,-1.2018881,-13.993943,1.9141626,0.79298615,-0.45846412,-1.9711816
2024-12-08 07:00:00,0.0,-27.986727,-64.86385,-11.682269,-6.6681795,-2.4543242,-1.5565989,1.106348,13.374729
2024-12-08 08:00:00,0.0,-22.675426,-96.04573,1.7312833,-9.932332,1.451543,-1.6372569,-0.98546284,-1.4317031
2024-12-08 09:00:00,0.0,-30.789728,-98.97573,0.38133675,6.7911143,-0.96722704,-1.5600841,0.842371,-8.254961
2024-12-08 13:00:00,0.0,-27.256195,37.010292,-4.5235276,-13.3705225,-23.601538,-3.246195,-0.37767398,-6.6471677
2024-12-08 13:00:00,0.0,-15.503211,-117.160736,-6.6039567,4.1646914,-3.2332869,0.48383877,0.0008122027,-5.9224815
2024-12-08 13:00:00,0.0,34.8358,-41.954346,4.1072555,-24.01393,7.936734,0.3842143,-1.895596,-2.363442
2024-12-08 18:00:00,0.0,-56.161243,-46.452114,3.2183511,-1.6434559,3.5742533,-2.6053476,1.7666162,-4.2381296
2024-12-08 19:00:00,0.0,-7.9569364,70.9307,3.3988278,1.6072338,2.191223,-1.2581323,0.10297111,-17.154377
2024-12-08 21:00:00,0.0,-18.66446,-114.376,0.019982854,6.8615003,5.171181,0.09335116,-0.18098967,-6.3281507
2024-12-08 21:00:00,0.0,-52.899563,68.20888,-3.2763433,4.0956864,-4.703135,-5.705622,0.87751174,-0.7186974
2024-12-08 22:00:00,0.0,167.29375,10.504193,6.0253286,15.552854,20.032871,-0.06948253,1.009929,30.384651
2024-12-08 23:00:00,0.0,-1.6878854,99.70743,-9.883548,16.054361,-22.041687,-0.3406198,3.0195992,-10.694239
2024-12-08 23:00:00,0.0,133.86804,-110.623825,2.742476,-42.267128,3.0687733,0.4045588,-20.19797,21.386436
2024-12-09 00:00:00,0.0,-3.4670475,64.27009,2.281814,-106.72117,0.008605254,-1.6482774,-38.23926,-9.016973
2024-12-09 01:00:00,0.0,-42.164635,-53.272648,1.6611034,10.171374,0.84517515,-0.95913196,1.9188327,-12.374238
2024-12-09 03:00:00,0.0,211.88132,125.72397,0.82991153,-20.407314,-4.630208,-0.9766548,-1.5892633,36.414463
2024-12-09 04:00:00,0.0,196.22388,79.095665,-9.603345,-80.18308,-9.081937,-1.4412601,-14.978191,27.963444
2024-12-09 05:00:00,0.0,-21.080952,-92.15279,1.9206438,-8.62418,-0.66781455,-2.2446449,-0.63747007,-0.9808565
2024-12-09 06:00:00,0.0,-3.192478,84.84127,1.0777509,-9.3833685,-1.1283736,4.6669846,2.6884582,-2.547483
2024-12-09 06:00:00,0.0,-29.888554,-20.125866,-9.245883,1.8464129,3.9321003,1.447469,0.62690943,-8.379308
2024-12-09 07:00:00,0.0,-15.824611,-118.19262,-0.042331398,4.5035853,3.7022052,-0.603593,-0.051301993,-6.2104206
2024-12-09 08:00:00,0.0,-44.508686,-22.749763,-0.028037593,9.701544,12.662556,-2.136832,0.37169224,-9.814706
2024-12-09 10:00:00,0.0,-24.41494,-29.088423,2.3170526,-13.584226,-7.0216227,-1.4235793,0.7912694,-8.564903
2024-12-09 11:00:00,0.0,42.069294,46.855907,-4.3365026,-10.169356,-4.843844,-0.45321253,1.4539695,-6.0644617
2024-12-09 11:00:00,0.0,90.08106,-212.4275,-1.9539064,-14.725511,-0.24128887,1.9243553,0.7237175,13.13494
2024-12-09 12:00:00,0.0,-58.69357,90.95348,1.9300966,12.604339,1.968588,-4.0930796,1.7014781,-3.921985
2024-12-09 16:00:00,0.0,-11.558014,-15.376488,4.0994086,-12.253384,14.892998,2.7748976,1.1046759,-2.4716542
2024-12-09 19:00:00,0.0,-33.006004,-103.38595,-0.86112005,8.674684,7.4083796,-0.4316059,0.8586761,-8.538402
2024-12-09 22:00:00,0.0,-74.74619,61.858227,5.808537,-19.466745,6.1946664,-2.9478347,-2.6575327,36.007927
2024-12-10 02:00:00,0.0,-21.453444,-5.8210006,-1.5181563,3.2540834,13.700116,-0.68538,-1.6395706,-9.509429
2024-12-10 03:00:00,0.0,-21.478996,-118.14095,0.25682223,3.2464042,1.9750634,1.3939034,0.77269894,-6.204126
2024-12-10 04:00:00,0.0,-17.489431,-119.17119,-1.7564529,4.281485,4.8149,-0.12696849,0.16685607,-5.99593
2024-12-10 07:00:00,0.0,-29.009357,-11.522517,3.7874095,-10.613454,-0.120224565,0.3019892,0.6443898,-0.3076797
2024-12-10 08:00:00,0.0,-22.59577,-90.4147,1.6569871,-11.322604,2.826437,-0.9696054,-1.045219,-5.48101
2024-12-10 09:00:00,0.0,106.42442,-159.74698,-6.6143746,2.2389245,2.1138408,4.9834504,0.7095304,16.51353
2024-12-10 11:00:00,0.0,-55.42235,33.96533,3.6553032,-22.782013,-0.8129656,-3.4622471,-1.953691,-2.1471822
2024-12-10 12:00:00,0.0,-8.494141,110.76234,5.2911158,-29.55868,2.2949634,-1.5894269,-10.659652,-2.5517387
2024-12-10 12:00:00,0.0,43.133877,-16.016155,-6.026666,-25.354279,12.008708,1.7250308,-1.8389791,-0.88098526
2024-12-10 13:00:00,0.0,69.34424,104.17534,2.6253343,19.22512,-10.295273,-3.325719,2.8942237,-0.5274419
2024-12-10 17:00:00,0.0,-22.260225,152.60484,-12.0322895,13.882565,7.040072,-4.9717574,6.033123,-8.7800865
2024-12-10 17:00:00,0.0,-55.97315,84.6972,3.0747454,-10.582687,0.39343357,-2.5172796,1.7017657,-2.5726912
2024-12-10 19:00:00,0.0,-15.275402,105.59563,0.30651972,14.485262,4.212601,-2.1483617,1.5435363,-4.439917
2024-12-10 19:00:00,0.0,-58.218555,74.22825,3.457218,-13.870027,3.7265334,-3.1550467,-2.7185585,0.6652244
2024-12-10 20:00:00,0.0,-25.486902,-97.63463,1.8191406,5.0358953,2.6630058,-2.3843846,-0.4954337,-2.805752
2024-12-10 20:00:00,0.0,-25.277035,-107.881874,0.7670486,4.6168494,7.8812294,0.16136514,0.075212546,-6.3789563
2024-12-10 22:00:00,0.0,24.072844,48.324368,-16.349638,14.081564,-13.752663,-0.51560855,4.5913334,-16.989153
2024-12-10 23:00:00,0.0,-84.02006,79.46976,5.4170556,-4.907531,-0.23693132,-1.3339509,-3.9250705,36.625507
2024-12-11 02:00:00,0.0,-1.061541,-30.765587,-11.073696,-26.479992,-23.172647,-11.054009,-1.2137108,-7.594012
2024-12-11 03:00:00,0.0,23.934078,-93.71172,3.1087623,12.452871,4.0486746,-0.79305995,-0.7741622,-2.0960207
2024-12-11 05:00:00,0.0,39.014957,48.340134,6.2203574,-9.309904,4.856006,-0.719508,1.5834469,-5.9763436
2024-12-11 05:00:00,0.0,-56.126385,40.6174,4.890407,-12.984112,-6.1665893,-3.1402922,0.9107,-15.552177
2024-12-11 06:00:00,0.0,-19.809395,-18.004822,-3.2073836,4.107084,-8.83172,-3.8291867,0.7447531,-9.829571
2024-12-11 06:00:00,0.0,-55.93386,34.13488,-2.0837781,-22.423267,2.1603281,-3.6725075,-1.9289168,-1.4058126
2024-12-11 09:00:00,0.0,101.868935,-186.83176,0.7019388,-10.862749,-4.8483872,1.6778896,-6.4145875,17.724926
2024-12-11 11:00:00,0.0,-57.184643,9.14126,-4.3394065,-52.51939,-3.5018678,-3.3990645,-8.122474,-7.8182664
2024-12-11 12:00:00,0.0,-31.52926,-58.59965,-6.4367456,11.923099,-14.418535,-2.3637073,0.3638512,-6.5690312
2024-12-11 13:00:00,0.0,62.36105,130.36375,-0.44805557,41.899025,-0.8396174,-5.2037425,10.706251,-10.799158
2024-12-11 15:00:00,0.0,-60.815853,10.882684,3.2734556,-31.30844,1.9303474,-2.2045856,-4.6030483,-13.716673
2024-12-11 16:00:00,0.0,-16.888683,-16.876408,1.4594818,-2.5991564,-4.9214854,-2.445983,-3.7356417,-3.2115214
2024-12-11 17:00:00,0.0,2.1262302,-125.68995,-1.4141366,1.3633516,3.608932,-0.33814305,-0.3845833,-6.210346
2024-12-11 18:00:00,0.0,-8.857049,47.901245,-1.152897,12.232544,0.5578337,1.2292622,-0.086656526,-16.501858
2024-12-11 20:00:00,0.0,-38.991825,-34.32123,6.793998,0.9428898,0.8911448,-0.029741522,0.55915105,-9.48877
2024-12-11 20:00:00,0.0,-60.51779,42.568714,0.6028691,-9.848411,-3.8900115,-4.8610435,1.0493329,34.09168
2024-12-11 22:00:00,0.0,210.50362,107.54384,4.1469426,-24.601725,-11.900364,0.9249575,-1.8227575,34.578842
2024-12-11 22:00:00,0.0,-75.5958,92.741066,1.1167914,-9.5803995,-1.9340287,3.2246687,2.2795436,-9.307032
2024-12-11 22:00:00,0.0,-95.077644,13.251483,5.073681,19.562544,3.7064753,-2.1467643,3.3223329,-10.072381
2024-12-11 22:00:00,0.0,41.121643,45.96116,3.6528122,15.562691,6.2264843,-0.60573244,1.4980555,-7.2956986
2024-12-12 00:00:00,0.0,23.43167,-142.19365,-6.5584,0.6735929,2.9791548,-2.2797794,-0.5580258,-2.4496047
2024-12-12 02:00:00,0.0,-50.61553,46.018673,-6.6159763,6.643181,-15.905745,-1.5189586,0.91172147,-15.306932
2024-12-12 04:00:00,0.0,-21.862082,-62.781967,-0.1255606,-5.875556,-3.0376887,-1.9789697,0.69584364,-5.6368623
2024-12-12 05:00:00,0.0,-18.886425,23.319286,6.8717337,-22.137947,10.117932,-2.0700114,-4.7727933,-4.750006
2024-12-12 06:00:00,0.0,-36.677906,-5.1239457,-0.26802975,1.675141,6.8525476,0.39270806,0.7282979,-1.220248
2024-12-12 06:00:00,0.0,-24.427464,49.249123,-6.626823,4.169116,2.0763102,-0.68388826,0.04957359,-7.9242268
2024-12-12 07:00:00,0.0,195.03918,-18.857021,24.815336,31.367716,44.014465,20.84392,8.453521,36.15108
2024-12-12 10:00:00,0.0,-80.356,91.071304,-7.830708,15.056903,-2.8189352,1.3739855,2.1304185,-7.455609
2024-12-12 11:00:00,0.0,166.91635,92.12878,-8.131099,-26.031494,-6.9170856,1.1077622,-0.86078966,28.526318
2024-12-12 13:00:00,0.0,-98.40154,38.487534,-10.127742,22.230164,1.1585414,-2.4255807,3.4501693,42.056458
2024-12-12 14:00:00,0.0,79.33153,-148.75671,3.019013,-40.59508,-42.10259,-21.12172,-2.100686,14.630495
2024-12-12 15:00:00,0.0,-97.04533,33.023422,-1.3043886,18.641382,2.8301306,-4.3131084,3.2748456,41.112705
2024-12-12 16:00:00,0.0,-12.951202,56.167896,5.995058,11.427007,10.641347,-0.46033722,0.12588885,-15.936855
2024-12-12 16:00:00,0.0,280.03354,227.2021,10.981079,57.712795,1.7395415,8.69371,14.882413,46.51901
2024-12-12 17:00:00,0.0,-44.680824,105.971565,4.7754416,-57.888718,8.304949,-4.1765513,-16.759508,-13.925018
2024-12-12 18:00:00,0.0,-85.06409,69.85592,1.0887933,-3.0554645,-15.799502,-7.8092804,-2.3421729,38.754436
2024-12-12 19:00:00,0.0,83.718864,144.51561,2.1061578,-24.36511,4.7925167,-1.1930404,-11.455003,-2.060376
2024-12-12 23:00:00,0.0,-37.03372,-50.396336,0.053500276,-38.872486,1.0392003,-1.8773298,-6.2303762,16.671638
2024-12-13 01:00:00,0.0,-35.062252,25.814634,-5.148984,-25.017208,6.545072,-3.89826,-2.7623096,0.4286742
2024-12-13 03:00:00,0.0,-15.441166,85.38018,1.5172638,5.551947,-2.1636043,-2.1430929,-1.1166204,-5.606266
2024-12-13 04:00:00,0.0,-8.717553,-58.680496,-2.7044296,-1.10181,2.1246305,2.8041844,0.8803548,-2.4836638
2024-12-13 05:00:00,0.0,-44.001358,26.719433,7.2651634,9.526851,10.929088,0.11705209,1.470692,-15.290588
2024-12-13 07:00:00,0.0,26.550655,-124.97072,3.8150232,5.796555,3.099533,-0.3981793,1.3182697,-3.5113134
2024-12-13 09:00:00,0.0,4.777262,35.197067,-3.5414665,4.8100886,0.8116981,1.5914935,0.10085974,-14.657365
2024-12-13 10:00:00,0.0,-24.18753,-21.455618,2.5493636,9.996684,4.508667,-2.0984693,0.32579583,-3.4456608
2024-12-13 11:00:00,0.0,-81.37895,22.07298,-3.6919491,-0.51652884,-1.4162675,-5.028941,3.798103,-12.505657
2024-12-13 12:00:00,0.0,-28.700468,-8.919576,0.7003428,7.348103,-19.718382,-9.882062,0.62225235,-1.5644829
2024-12-13 14:00:00,0.0,226.18082,134.56454,4.5549707,13.136725,0.7680021,-0.5585066,-1.6081965,39.569996
2024-12-13 16:00:00,0.0,-34.290035,-26.885921,-2.2850332,-18.85553,-8.788329,-4.3612356,-2.2861135,-8.237411
2024-12-13 17:00:00,0.0,10.266479,-30.732676,13.672103,21.309986,14.401566,3.524988,4.5222273,-13.826217
2024-12-13 19:00:00,0.0,-26.015865,48.90145,1.2306888,-2.1319158,3.2793002,0.2803192,-0.1871679,-7.37913
2024-12-13 19:00:00,0.0,132.4105,-108.463,3.9120116,-37.852524,-0.7615708,0.4105525,-19.56303,21.293503
2024-12-13 20:00:00,0.0,-14.60563,101.370476,-2.1809876,10.768013,3.310153,-1.5349329,1.5522314,-4.090194
2024-12-13 21:00:00,0.0,-20.129543,59.87108,3.5196314,9.396717,-9.741045,-0.09456074,0.7744591,-9.482424
2024-12-13 23:00:00,0.0,-20.434034,-116.57886,1.2719069,4.991051,-2.3022032,-1.5831596,0.3538449,-6.259922
2024-12-13 23:00:00,0.0,-55.156834,43.573936,-4.06406,8.727219,-16.334702,-10.429157,0.6778214,-0.3136993
2024-12-14 00:00:00,0.0,-32.00484,-105.83305,0.6260581,0.7731615,2.7698522,-2.3371868,0.46833465,14.028942
2024-12-14 00:00:00,0.0,4.528286,158.83777,-0.5284879,24.317438,-8.3533,-3.2362125,4.095787,1.3617803
2024-12-14 01:00:00,0.0,-24.776197,-103.286156,-0.45305073,0.45379555,6.113035,-0.98549336,-0.31344932,-1.9335293
2024-12-14 04:00:00,0.0,-33.767784,-55.41892,6.677168,-1.0530055,-13.547288,1.7486522,0.20780799,17.686121
2024-12-14 07:00:00,0.0,6.973245,-34.83385,-12.361098,-15.959487,-3.9283078,-0.8302851,-6.123689,6.2862687
2024-12-14 13:00:00,0.0,-20.291172,52.100315,2.6031706,-17.766603,-7.515087,-4.9172416,1.1776575,-10.18137
2024-12-14 15:00:00,0.0,58.46845,54.186874,-3.6681867,-16.155762,0.74370605,-0.7891665,-0.947192,-1.2806382
2024-12-14 16:00:00,0.0,-0.07476222,-60.043858,0.82352513,-39.58208,1.2427087,-1.374907,-11.257429,-9.100315
2024-12-14 19:00:00,0.0,-21.38682,75.826775,0.44010717,15.353184,7.9009857,-1.3773203,0.8510968,-11.903068
2024-12-14 21:00:00,0.0,205.65836,140.11078,27.264597,16.285622,36.773975,21.378345,-1.0841738,16.39085
2024-12-15 02:00:00,0.0,-50.254215,-6.634653,-0.23195906,11.369721,6.2419524,-0.76647097,0.8567299,-12.909155
2024-12-15 03:00:00,0.0,-20.685957,64.88876,1.4182943,-1.1221658,3.720205,-1.7009271,0.46869683,-7.215238
2024-12-15 03:00:00,0.0,-25.221365,-98.42073,-0.22290309,-3.0023391,5.4299755,-0.92399704,-0.46830398,-5.6464515
2024-12-15 05:00:00,0.0,-22.460308,13.850163,2.495792,-42.65164,-1.7598025,-1.8394544,-9.028018,-7.1604724
2024-12-15 08:00:00,0.0,8.271318,66.90397,-0.18893689,-0.39996374,11.993515,-0.46234405,5.0431843,-19.413961
2024-12-15 10:00:00,0.0,-62.937435,73.34413,-5.9430494,11.952831,7.4629955,-3.7381656,1.1259983,38.12008
2024-12-15 11:00:00,0.0,-37.013336,-56.036816,0.69310427,-3.634706,-0.6149471,0.22914195,0.07661776,17.600763
2024-12-15 11:00:00,0.0,-79.21829,18.163223,-2.1109948,10.574855,11.795629,-0.08719201,1.757825,-13.807725
2024-12-15 12:00:00,0.0,-23.235023,-104.78804,3.7283232,9.447021,-3.9589453,-1.2702748,0.8143581,-8.418896
2024-12-15 13:00:00,0.0,-43.786613,105.7495,0.48107654,-44.881435,-1.9858986,-2.8625133,-16.977072,-14.102812
2024-12-15 13:00:00,0.0,-25.17164,-113.19307,1.1251571,2.8914912,0.8966996,-1.6531345,0.0070867715,-2.86656
2024-12-15 17:00:00,0.0,-35.265396,-52.733444,-2.2673085,8.113928,-8.338259,-0.39849854,0.38428256,-6.6756763
2024-12-15 20:00:00,0.0,93.26789,190.11383,-7.1149006,25.709492,3.9934008,0.0014017646,5.1794496,1.9859298
2024-12-15 20:00:00,0.0,-6.5583534,48.944584,1.9538375,3.2355542,4.3839593,-0.7873197,-0.041586116,-16.02975
2024-12-15 20:00:00,0.0,-6.44308,-53.016293,0.20771815,0.12749133,-4.0636497,1.7111536,0.78838813,-2.2096887
2024-12-15 21:00:00,0.0,-17.556208,116.64447,-7.929313,-54.803226,8.617459,-3.7408028,-13.238764,-12.967433
2024-12-15 22:00:00,0.0,1.9874979,-124.04672,-2.2884803,-9.387371,3.7663424,-0.89280874,-0.17087266,-5.1589165
2024-12-16 01:00:00,0.0,-17.295208,68.71767,4.116131,9.234753,4.1667733,-2.06404,0.48517126,-7.95426
2024-12-16 02:00:00,0.0,-21.584162,-119.81694,1.657839,8.183091,-1.4595839,0.30365476,0.74618363,-6.021654
2024-12-16 05:00:00,0.0,-65.36011,53.58473,-6.0411806,11.474844,7.3252945,-4.0267076,0.748643,36.396725
2024-12-16 07:00:00,0.0,-16.878603,-37.847515,-0.850131,17.931025,0.38939705,-1.4827772,0.49053234,-7.8540063
2024-12-16 11:00:00,0.0,-70.34369,75.52501,2.1321585,-3.5341542,-13.060218,-7.9250536,-3.2961986,39.82177
2024-12-16 11:00:00,0.0,-22.37693,-121.740654,-0.085843414,8.456134,8.404467,0.5961363,0.7622198,-6.1316743
2024-12-16 11:00:00,0.0,-23.022324,-69.4599,-2.7560828,6.7036633,3.682189,-0.8505602,0.37306383,-6.053447
2024-12-16 13:00:00,0.0,-46.23276,23.178099,-0.24861555,-9.601809,6.6098056,-1.936209,-4.289482,-13.759026
2024-12-16 18:00:00,0.0,-57.911808,41.00641,-1.4851371,-11.4448595,1.1097928,-1.8863193,0.8725249,-15.5902405
2024-12-16 18:00:00,0.0,-86.62454,81.5762,0.65078974,12.245867,2.0817418,-4.0938315,1.6325177,30.889313
2024-12-16 19:00:00,0.0,31.234251,-121.278366,-8.696447,-22.45853,-7.5605135,-3.275965,-3.200416,-2.9235005
2024-12-16 21:00:00,0.0,-17.810133,119.57861,1.6193646,-46.80437,-3.349744,-3.0588822,-13.44332,-14.403643
2024-12-17 01:00:00,0.0,-33.94197,12.553096,4.296416,-13.179096,13.561356,1.2867534,1.7934685,-11.864108
2024-12-17 04:00:00,0.0,20.29994,112.92784,-3.3098404,18.988678,-2.1174448,-5.9949813,10.978029,-10.82306
2024-12-17 07:00:00,0.0,26.71917,-145.64209,3.9042537,2.023929,3.154555,-0.4478142,-0.4466293,-2.5584583
2024-12-17 09:00:00,0.0,164.4894,-52.032642,-0.99733627,19.67384,30.288136,5.0507565,0.7858029,23.503633
2024-12-17 09:00:00,0.0,-18.800442,-30.833218,0.5207729,1.9003564,-8.455301,-3.0054455,0.7336279,-8.821345
2024-12-17 10:00:00,0.0,-25.973158,-113.17203,-1.7737374,2.5225008,2.6084547,-1.3268058,0.30631885,-2.661486
2024-12-17 14:00:00,0.0,-105.46653,50.896572,2.8148525,4.8307967,-2.93246,-2.7134576,3.1854744,-9.335705
2024-12-17 14:00:00,0.0,-37.50448,-49.33409,-0.7420237,15.79858,2.2295182,1.4182217,0.53113335,-7.916411
2024-12-17 18:00:00,0.0,44.309727,7.156851,-2.1098747,11.20279,-4.8794127,0.5986273,1.0203049,-0.24521317
2024-12-17 20:00:00,0.0,-65.78047,125.63151,0.006066949,16.02164,5.6571965,-2.2173007,2.8042266,0.85390806
2024-12-17 21:00:00,0.0,-79.81138,94.9619,0.42877984,17.240181,5.0533166,-2.175265,2.3608913,-7.1304765
2024-12-17 21:00:00,0.0,6.6202326,-106.713554,-4.3524523,5.4645953,3.5271983,-3.1709259,1.7293918,-7.5802402
2024-12-17 23:00:00,0.0,-28.208815,-87.88924,0.08221619,-6.522058,4.7870584,-1.5863997,0.39115822,12.771227
2024-12-18 00:00:00,0.0,-73.206055,46.096935,5.9573684,-23.576303,7.988167,-3.8868675,-2.5083559,38.395714
2024-12-18 01:00:00,0.0,-45.532024,15.96522,-4.523108,13.95593,-5.71005,-4.5371013,1.1496843,26.461924
2024-12-18 03:00:00,0.0,-55.44359,34.472675,-3.3698833,1.268952,-9.7385,-4.7791667,0.7112374,-16.300648
2024-12-18 03:00:00,0.0,-5.930816,-121.679474,2.1617444,7.8519087,6.6737514,0.03702952,0.6616772,1.1529679
2024-12-18 04:00:00,0.0,84.4744,98.07464,-3.1850636,-8.300787,-10.896888,-2.3461847,3.799373,-0.34490466
2024-12-18 04:00:00,0.0,-55.49598,129.06758,-6.835635,17.384659,-1.257655,-1.829292,3.7001603,1.3130635
2024-12-18 09:00:00,0.0,-44.129578,-28.261438,-1.5073158,11.739152,-4.896376,-3.2603598,0.4312612,21.559479
2024-12-18 11:00:00,0.0,-51.53826,13.402856,2.3529966,-46.925995,-4.246078,-5.9114723,-11.092252,-5.970684
2024-12-18 12:00:00,0.0,-24.985868,-94.3745,-1.9024282,-2.8610156,-3.307516,-2.6655056,-2.0409517,-3.3068829
2024-12-18 13:00:00,0.0,207.87836,153.09293,5.7962227,-9.348869,-24.051249,-8.378477,-0.49618793,31.575603
2024-12-18 18:00:00,0.0,47.079063,-34.164177,0.8885325,-5.2075496,8.823722,-2.9022107,4.1138554,-4.6434593
2024-12-18 19:00:00,0.0,147.78177,-46.991463,-8.493165,-16.86407,13.513427,13.2016945,0.8392707,22.164173
2024-12-18 20:00:00,0.0,-106.07208,40.652557,3.9686434,14.2636175,2.6530032,-2.46574,3.2531393,-9.822442
2024-12-18 22:00:00,0.0,-25.614983,-104.3532,-7.6657944,3.9387503,-3.2128043,-0.5939234,-0.16455354,-3.0610778
2024-12-18 22:00:00,0.0,-27.932554,-78.49283,1.4858304,0.40007395,2.776715,-0.8064452,0.06203436,-6.7162066
2024-12-18 23:00:00,0.0,-37.668026,-116.01882,-0.44162527,2.8859503,3.4573076,-2.3150365,-0.1630099,15.559482
2024-12-18 23:00:00,0.0,89.666985,-209.27126,-1.9854413,-12.743165,-0.21254623,1.9312526,0.81548035,14.6619425
2024-12-19 02:00:00,0.0,-56.818516,20.327753,-8.037991,-69.170586,3.1589088,-2.804339,-13.690152,26.266764
2024-12-19 04:00:00,0.0,-37.572422,-122.60338,1.9869044,7.9986467,0.6010211,-1.4572992,0.44237888,15.1735325
2024-12-19 04:00:00,0.0,-16.297096,-119.466385,1.8031964,4.954276,3.7850857,-1.452843,0.21638985,-5.854371
2024-12-19 05:00:00,0.0,-49.950935,63.112953,-1.9368594,1.1460071,-23.159285,-4.749606,0.81236696,0.8736453
2024-12-19 06:00:00,0.0,6.4381795,-86.652176,-5.4518394,-9.265109,6.879185,-2.4102242,1.5954939,-4.9981995
2024-12-19 07:00:00,0.0,-20.930676,2.2842455,-5.877491,2.78024,-14.33961,-1.635256,1.2022318,-3.9564066
2024-12-19 07:00:00,0.0,-58.287914,59.76039,1.6534626,-0.045430034,4.702165,-1.8524091,-2.0412645,-16.992739
2024-12-19 09:00:00,0.0,82.70625,117.07111,0.7243569,9.991265,-0.7040884,-0.3560621,2.381517,-1.4995524
2024-12-19 10:00:00,0.0,33.761955,-48.40864,0.23390305,14.602587,-6.0084324,-0.62286985,0.92217165,-2.445136
2024-12-19 11:00:00,0.0,-21.399633,-119.81555,1.0216625,7.1384473,1.9330417,-1.0378982,0.34155586,-6.103171
2024-12-19 12:00:00,0.0,-23.118134,-83.190575,-6.0131125,-7.8583207,-3.9647493,-0.74818397,-0.38054022,-1.4517118
2024-12-19 13:00:00,0.0,81.7736,123.40347,0.6463512,-5.8585224,-2.4587297,-1.0131587,2.3827105,1.0020348
2024-12-19 16:00:00,0.0,-29.389408,-72.403946,1.3636488,-5.073465,3.8813472,-2.7193341,1.6326303,14.585485
2024-12-19 17:00:00,0.0,40.099926,-31.633255,2.2422047,11.795502,-9.642624,-0.9932677,0.93162984,-1.6668419
2024-12-19 18:00:00,0.0,-28.838165,21.691343,-4.134316,8.207208,-17.85509,-10.404797,0.9723432,0.028431421
2024-12-20 00:00:00,0.0,22.101994,-112.94811,1.8682407,-16.176344,10.947189,-0.29726136,0.16716331,-2.6755953
2024-12-20 00:00:00,0.0,-21.214062,-115.980316,-0.031196333,7.811533,-2.1530955,-1.099581,0.29565603,-6.017282
2024-12-20 01:00:00,0.0,95.970856,207.38994,0.5076834,47.29124,5.1368284,-5.0825095,14.06476,-10.261032
2024-12-20 01:00:00,0.0,-20.777433,-111.71777,0.46033934,5.3973074,-12.496337,-5.5630903,0.26809686,-6.4296055
2024-12-20 02:00:00,0.0,-17.453777,67.10847,2.6174455,6.713599,-2.8510966,-2.5032086,0.3931873,-8.0442915
2024-12-20 03:00:00,0.0,-15.097901,66.322525,-1.3876392,-0.040220965,-20.988428,-2.358807,0.1676887,-5.5098605
2024-12-20 04:00:00,0.0,2.5873597,-86.21242,0.8924979,-21.818518,-8.308648,-0.48860765,-4.1179633,2.5245373
2024-12-20 06:00:00,0.0,-35.246967,-106.550446,0.15737209,0.60879695,2.0811226,-1.335966,0.19195348,14.471382
2024-12-20 06:00:00,0.0,-80.69656,95.07641,-9.746869,7.5943184,-26.350132,-6.8539014,1.7299107,21.057178
2024-12-20 07:00:00,0.0,94.11212,181.43765,1.2287567,14.217,-4.802126,-1.9543214,4.6816797,1.0374126
2024-12-20 08:00:00,0.0,25.144268,45.62195,-14.886709,20.899979,-31.452436,-0.13964336,4.0945253,-12.021057
2024-12-20 09:00:00,0.0,-22.244282,-99.68561,0.24076273,10.395102,-6.7534695,-1.7868057,1.5925397,-8.136644
2024-12-20 09:00:00,0.0,-54.53807,-9.986306,1.4616106,-36.11087,3.638675,-1.7099502,-8.935185,22.543163
2024-12-20 12:00:00,0.0,202.36818,148.17339,13.649014,-25.429907,-40.10581,-21.47236,4.622791,36.70826
2024-12-20 12:00:00,0.0,-9.750504,-14.711372,-24.214836,-47.586945,-9.340837,-0.87680376,-6.4891205,-4.215259
2024-12-20 16:00:00,0.0,-13.080536,-12.310624,1.8945545,8.92811,8.928277,-0.56572,1.1112273,-4.400532
2024-12-20 22:00:00,0.0,-22.729849,-112.54592,-4.1545253,3.4631617,-0.5362491,1.9590682,0.16969298,-6.5061097
2024-12-20 22:00:00,0.0,-13.296506,84.31229,-3.0946858,6.832394,-5.592547,-3.5248265,-0.9846437,-5.456913
2024-12-20 23:00:00,0.0,-9.119221,-57.613518,-0.62802345,9.677822,-5.004407,-1.8364173,1.2259187,-3.0669599
2024-12-21 00:00:00,0.0,33.572018,-46.924885,-5.2950373,14.231085,3.73788,0.8395497,0.92364645,-2.5173287
2024-12-21 02:00:00,0.0,-55.58704,48.234077,-2.334139,-1.540401,-20.123564,-11.494074,-2.6549673,-17.051165
2024-12-21 02:00:00,0.0,-30.863272,99.52143,-10.026622,16.81361,-8.40907,-7.9683585,2.053064,-11.975263
2024-12-21 03:00:00,0.0,-17.283064,29.331535,-2.2726843,3.6322799,-10.558119,-0.44187978,-0.030303352,-5.948384
2024-12-21 04:00:00,0.0,-26.764915,-110.33032,-8.233014,2.7815626,-4.8371744,-0.61896914,0.03284014,-2.9839737
2024-12-21 05:00:00,0.0,-10.938333,-79.225685,-8.285227,3.9680488,0.828267,-0.28562576,0.9898346,-2.2929406
2024-12-21 06:00:00,0.0,-63.397465,70.88938,-8.88323,9.83298,-21.374952,-13.756754,1.1633582,34.769836
2024-12-21 11:00:00,0.0,237.79747,142.72414,2.6255612,19.195152,17.685715,6.509696,-1.1120706,37.9006
2024-12-21 15:00:00,0.0,82.278305,144.74796,-3.4777007,-47.26687,-0.4861934,-1.4891242,-12.013055,-1.0230765
2024-12-21 17:00:00,0.0,-5.7254624,177.22633,0.09325628,26.820454,-2.021388,-2.965066,6.5612803,-6.0344605
2024-12-21 17:00:00,0.0,-5.2218623,-119.418365,1.5525496,7.218655,-4.6721463,-1.029907,0.64985543,0.99772453
2024-12-21 21:00:00,0.0,101.72541,-210.69002,-1.5376545,0.739395,13.953138,1.565544,-1.511936,14.455934
2024-12-21 22:00:00,0.0,-33.61602,-19.252028,-6.011343,-11.33821,-6.200759,0.757668,0.5198352,-9.279477
2024-12-22 00:00:00,0.0,129.67429,-102.5788,-2.1777868,29.285961,7.6161647,-0.70500535,0.70208055,24.102484
2024-12-22 02:00:00,0.0,-22.410612,-104.202995,-0.08051183,4.7954965,2.365254,1.4029865,0.830806,-8.341228
2024-12-22 06:00:00,0.0,-82.1811,93.99969,13.846092,-9.086412,12.9654,3.6902597,-5.798185,33.9949
2024-12-22 07:00:00,0.0,-21.940453,-105.45919,-7.9375443,-9.17442,-2.9449003,0.18619998,0.24851017,-4.7559876
2024-12-22 08:00:00,0.0,-83.36749,77.97497,0.8302249,-4.897246,3.5855906,-2.7991877,-4.26347,36.55037
2024-12-22 10:00:00,0.0,-24.592196,101.61739,10.917679,22.01634,-9.765508,-2.529331,4.117899,-10.371835
2024-12-22 12:00:00,0.0,-26.25319,107.80751,2.7973053,13.6936655,4.9054403,-3.4698894,2.4326763,-8.894184
2024-12-22 13:00:00,0.0,-59.241497,64.98662,3.3830495,-14.493158,0.85661423,-1.148109,-2.4178135,-17.014606
2024-12-22 17:00:00,0.0,-39.74356,22.788074,0.44032174,4.310059,3.6373234,-0.28966126,-0.0719567,-14.893246
2024-12-22 17:00:00,0.0,-12.898392,83.37185,2.2300456,-6.234113,1.1145573,-1.556237,-2.3592935,-15.873798
2024-12-22 19:00:00,0.0,94.14133,-178.22481,1.1749694,-20.562855,11.877105,1.4437368,-0.6767123,14.125737
2024-12-22 19:00:00,0.0,8.65739,-33.347874,14.079662,15.876336,-13.056865,-2.1865902,3.8852432,-13.104608
2024-12-22 20:00:00,0.0,117.55379,-116.93384,0.64105636,-24.107536,-1.2386372,11.496109,0.5639815,18.069633
2024-12-22 21:00:00,0.0,208.60242,163.8326,-24.09277,-15.610497,-47.772934,-5.5097337,1.2798055,31.659082
2024-12-23 06:00:00,0.0,205.47545,120.9928,-19.422739,4.6947618,-29.934002,1.4177172,-0.90803915,35.089287
2024-12-23 08:00:00,0.0,92.90602,-192.68648,3.4282553,-19.557945,10.156568,0.96218735,-1.1322688,12.967089
2024-12-23 09:00:00,0.0,57.647945,41.759857,6.1670876,-3.1780553,4.0725317,-0.88125086,-4.1068997,-4.4590135
2024-12-23 13:00:00,0.0,4.0510488,-128.5696,0.29444063,2.5344803,-12.081011,-5.6541815,0.10489699,-5.815413
2024-12-23 14:00:00,0.0,-60.306564,27.38158,-1.0724343,8.55252,1.5559121,-0.16633368,0.5348777,-15.919786
2024-12-23 16:00:00,0.0,-82.405785,16.321934,4.488801,2.4225457,-5.7962246,-3.066399,3.0772243,-10.29464
2024-12-23 17:00:00,0.0,-15.88184,-114.895615,-0.9464891,4.3294835,-3.0862412,-1.2518764,0.029559126,-6.163532
2024-12-23 18:00:00,0.0,-55.778408,73.7517,4.4992747,-15.827123,8.576391,-3.8048534,-3.35406,-17.297155
2024-12-23 19:00:00,0.0,79.95339,148.0768,9.300349,-44.214676,14.807826,2.334761,-11.178986,-1.7517856
2024-12-23 19:00:00,0.0,-57.56023,62.019726,-7.351004,-20.9901,2.8610797,-3.1311834,-2.6173007,-15.399662
2024-12-23 20:00:00,0.0,-13.48485,5.556004,-0.4968306,10.587531,-17.811485,-3.2927902,1.2533038,-4.85349
2024-12-23 20:00:00,0.0,-56.793842,-47.197823,-4.737603,9.455587,-3.075718,-6.497417,1.90649,-3.8127916
2024-12-23 21:00:00,0.0,-38.34967,-48.2988,-4.900389,-7.3648143,-14.036644,-7.892723,1.9173663,-11.29068
2024-12-23 23:00:00,0.0,25.057613,-154.68303,-0.7122323,4.5451684,-11.9731455,-2.6317856,0.23745169,-3.5016441
2024-12-23 23:00:00,0.0,-56.853107,-48.198486,-1.4317201,12.718313,1.1703423,-3.0973024,1.8785388,-3.803527
2024-12-24 01:00:00,0.0,-46.07123,106.51194,1.8543271,-53.702236,-0.47918537,-2.3473802,-15.271476,-14.355124
2024-12-24 02:00:00,0.0,-55.212585,-35.65571,0.2974163,12.487503,-16.249414,-7.8603315,2.144352,28.786074
2024-12-24 03:00:00,0.0,-60.92587,35.367294,-8.6242895,-3.733581,7.5637884,-4.941143,-2.14425,-2.7674024
2024-12-24 03:00:00,0.0,-25.99421,112.85212,2.2763767,19.057877,2.7841167,-2.8912237,2.43257,-7.9855714
2024-12-24 04:00:00,0.0,-35.60037,89.61493,-0.80367774,-13.951658,4.038648,-1.4150145,-5.0083966,-15.87538
2024-12-24 05:00:00,0.0,24.919062,71.689766,-0.9831418,11.440063,3.4784052,-0.2673677,4.2069235,-13.577185
2024-12-24 05:00:00,0.0,-1.1025186,-48.179268,-9.70642,18.59289,10.156585,-3.1839237,0.20876947,-8.292787
2024-12-24 05:00:00,0.0,-23.665567,-82.65428,-1.8401945,-8.321779,3.6406748,-0.35429105,-0.6732458,-5.6599183
2024-12-24 05:00:00,0.0,-6.2412276,-111.88575,-2.9805136,-15.710078,-0.12688994,1.3585788,0.4309712,-0.28295586
2024-12-24 08:00:00,0.0,-46.80667,60.679028,-3.3922927,4.725777,-17.546244,-0.80924374,1.1457438,-15.480259
2024-12-24 09:00:00,0.0,-56.96822,40.27775,-0.977279,8.386551,11.438461,-0.9128741,0.62628925,-16.449287
2024-12-24 10:00:00,0.0,-3.9957318,116.94693,2.1249862,-28.737196,-13.469403,-4.0731506,-9.911206,-3.0243235
2024-12-24 11:00:00,0.0,30.132334,-120.52901,0.9037289,6.0920935,-10.824766,-2.7223012,1.1704056,-3.5257366
2024-12-24 14:00:00,0.0,-39.95824,50.3164,0.48533297,9.639484,-4.0742216,-4.637158,0.46744135,-16.384798
2024-12-24 14:00:00,0.0,263.99246,164.56847,1.4818256,36.555126,3.2408283,-1.3354639,15.227448,43.84385
2024-12-24 17:00:00,0.0,27.18249,-154.70558,6.6543164,5.32573,-2.2617815,-0.87760174,0.43908936,-3.0495784
2024-12-24 17:00:00,0.0,-28.606428,-109.51334,1.6492113,-2.726755,-12.914288,-5.411815,-1.1238585,14.209167
2024-12-24 18:00:00,0.0,-19.571636,-49.959938,3.895979,-12.297485,-13.212693,-3.9934392,0.5482147,-6.8359337
2024-12-24 21:00:00,0.0,1.1012571,-84.73881,-6.515469,4.653285,-14.413149,-1.1073267,1.4814258,5.8617477
2024-12-25 00:00:00,0.0,-75.12766,100.08773,-0.175815,13.804551,11.217335,-1.8335774,2.295898,-7.933403
2024-12-25 02:00:00,0.0,33.945053,-44.094334,-4.8196983,-0.63443446,-6.649134,2.875093,0.47212926,-1.480038
2024-12-25 02:00:00,0.0,-23.315695,-36.784306,0.036644556,-25.131159,-0.6469439,-2.0373764,-1.3105022,-6.992797
2024-12-25 02:00:00,0.0,-23.203684,-121.88346,10.972422,8.705223,11.2147045,4.891898,0.19393244,-6.1856465
2024-12-25 03:00:00,0.0,102.40778,-194.03224,-7.622142,6.5503964,3.4744768,-3.5127642,-0.29691032,17.533522
2024-12-25 03:00:00,0.0,-46.171955,-18.715279,-8.250141,-26.934937,5.1927257,-4.167448,-7.8822346,-8.372232
2024-12-25 06:00:00,0.0,-104.48389,41.029953,-1.3346721,14.675363,2.7113564,-2.6586597,3.1907918,-9.478535
2024-12-25 10:00:00,0.0,-7.4500566,-29.459684,4.2358084,-15.645695,9.465888,-1.5245041,0.46397546,-9.766688
2024-12-25 13:00:00,0.0,-37.263737,-65.46827,-1.6926972,-6.2444963,6.71142,0.96956533,-0.49987638,16.426952
2024-12-25 14:00:00,0.0,59.682114,146.06201,-25.535217,13.024066,-70.30064,-3.425692,9.007396,-4.6585298
2024-12-25 14:00:00,0.0,-9.663248,75.32303,1.043588,4.3648825,-1.193016,-3.779956,-0.3949939,-16.806126
2024-12-25 16:00:00,0.0,-16.473785,-91.327034,0.02225019,-16.137926,-0.20901403,-1.5899098,-2.116625,-6.690023
2024-12-25 16:00:00,0.0,-72.12355,68.20089,-1.1293833,10.778764,5.1817427,-3.805944,1.3211625,39.456436
2024-12-25 23:00:00,0.0,-51.791954,21.600903,-9.383423,8.146497,-14.259682,-2.632199,0.6509987,26.139769
2024-12-26 01:00:00,0.0,51.641792,52.952698,-3.4532926,-17.692514,-24.166082,-4.0057826,-1.1921023,-1.699594
2024-12-26 01:00:00,0.0,-59.979053,89.96003,3.178406,13.326801,2.8069074,-4.189588,1.7410891,-3.9701824
2024-12-26 02:00:00,0.0,-41.903366,-12.213556,1.5308002,1.6702965,10.686532,-1.3691436,-1.8914316,-9.499493
2024-12-26 05:00:00,0.0,29.754604,-108.457886,3.411972,-22.198685,-15.254053,-3.1736217,-1.1524673,-1.3633511
2024-12-26 07:00:00,0.0,-47.355656,29.689816,-0.9780057,-13.563204,1.0008752,-1.2701722,0.91401196,-14.938745
2024-12-26 10:00:00,0.0,-13.24084,51.945786,-2.049735,-72.56766,-29.2052,-2.3610682,-31.25456,-9.100029
2024-12-26 12:00:00,0.0,5.305401,-108.680534,-1.6698345,11.714728,5.388079,0.5827455,1.7123599,-7.962991
2024-12-26 13:00:00,0.0,-9.524258,99.310326,-2.2902784,-16.417316,-13.963044,-2.827252,1.5290779,-3.177009
2024-12-26 15:00:00,0.0,-27.071505,-97.196045,-1.4471315,-0.73994297,5.6033764,-0.4942623,-0.50284415,-2.74698
2024-12-26 17:00:00,0.0,62.794224,123.96255,5.8226447,40.68647,9.581616,-1.9528688,10.506327,-9.904946
2024-12-26 22:00:00,0.0,-13.035124,51.36893,2.3949437,-13.819234,7.8974075,-3.0979214,0.16199338,-15.3601055
2024-12-26 22:00:00,0.0,231.08485,131.18993,10.0393305,15.009162,14.061537,4.4533577,-1.6628933,39.6004
2024-12-27 00:00:00,0.0,75.99723,105.54531,2.1158319,-0.040216394,-3.943615,-1.0630206,-0.005899947,-0.96431065
2024-12-27 01:00:00,0.0,-66.03303,40.179867,2.0841663,-1.3335869,6.4340954,-0.60438144,-1.5248884,-16.71958
2024-12-27 07:00:00,0.0,-34.60688,30.615324,-0.5480655,12.035317,3.3936148,-2.0534158,2.0604615,-11.811811
2024-12-27 08:00:00,0.0,-14.648903,98.01249,8.95577,5.019871,-7.3942246,-1.3573464,1.1830344,-3.568015
2024-12-27 08:00:00,0.0,64.91477,68.89226,2.0589337,6.512313,2.9095173,-1.3786292,-1.3532763,-1.6424806
2024-12-27 09:00:00,0.0,-26.098927,-94.28172,2.478563,4.529388,4.6500115,-0.59785724,-0.38784075,-2.9151878
2024-12-27 11:00:00,0.0,-20.900558,-9.821554,-2.5883207,3.2627351,10.4173765,0.2024873,0.6085723,-9.647097
2024-12-27 13:00:00,0.0,-11.084665,-31.688395,1.8657817,12.414495,-4.48686,-2.1836185,1.4276086,-3.702009
2024-12-27 18:00:00,0.0,-54.06877,-50.411533,0.793679,11.244524,0.07787292,-1.1142577,1.9820322,-12.379132
2024-12-27 18:00:00,0.0,-13.03913,-74.21891,-1.6201395,5.2333746,-5.339333,-1.6478415,0.6386985,-6.202957
2024-12-27 19:00:00,0.0,250.0757,188.13766,6.2184687,51.471165,-36.737167,-18.933777,15.642797,48.951706
2024-12-27 19:00:00,0.0,32.252834,48.553856,-4.3118296,16.239695,-21.63022,-4.0542,6.0330524,-15.073461
2024-12-27 19:00:00,0.0,-17.718794,45.280457,4.126824,3.328737,-1.4753453,-3.1316504,-0.22128293,-6.6996126
2024-12-28 01:00:00,0.0,14.378516,-29.968342,1.2102205,19.374952,-15.294776,-9.317551,4.110912,-13.130077
2024-12-28 02:00:00,0.0,-6.7999606,-102.660866,1.1804602,8.210839,5.7986727,-1.4473009,0.2791276,1.5756738
2024-12-28 03:00:00,0.0,46.758213,40.800232,0.897385,5.522606,-14.929253,-1.1184409,1.6707741,-4.9070354
2024-12-28 04:00:00,0.0,216.24725,108.01255,0.9848184,-24.076336,-5.5913835,1.2058029,-1.8460542,33.545246
2024-12-28 06:00:00,0.0,-9.101257,47.6565,2.864905,9.049171,2.2315168,-1.7045399,-0.05208361,-16.515747
2024-12-28 06:00:00,0.0,31.422077,84.638535,2.3400493,19.00259,1.5313168,-2.0886357,4.157263,-13.8923
2024-12-28 08:00:00,0.0,-42.233593,48.3077,1.8267523,-0.09658547,3.4000618,0.28672445,0.45040387,-16.818104
2024-12-28 10:00:00,0.0,-8.716416,50.78663,0.22350906,8.975828,5.7144747,-2.2116816,-0.043014925,-16.514444
2024-12-28 12:00:00,0.0,-60.908173,62.88008,-0.883251,2.4643998,4.0673447,-1.8673972,-2.3966484,-16.838034
2024-12-28 13:00:00,0.0,20.894785,-151.07327,-2.1635404,2.5813613,-7.8342223,-1.8782979,0.06981973,-4.010163
2024-12-28 15:00:00,0.0,85.55829,115.93584,-1.0568732,11.659974,11.859853,0.8513399,2.5736268,-1.4681252
2024-12-28 18:00:00,0.0,2.3162014,-130.79501,0.552713,2.9226189,0.5428375,0.41697696,0.10600678,-5.8138933
2024-12-28 21:00:00,0.0,-10.55523,-34.85738,-3.2418847,-11.035127,2.8733957,-0.055306643,1.2262136,-2.5657103
2024-12-28 22:00:00,0.0,-14.600279,-82.26292,2.8517983,-26.007551,2.0167832,-1.6681049,-2.4896638,-1.8582225
2024-12-28 23:00:00,0.0,-26.084358,51.292095,1.6349374,-1.7839733,2.38672,0.0951418,-0.2709462,-7.334396
2024-12-28 23:00:00,0.0,-2.721752,-117.1053,-1.3551638,9.493574,-1.0515141,-1.0800099,0.9123675,1.1903001
2024-12-29 00:00:00,0.0,68.92284,68.38155,-1.7662884,8.628903,-12.491424,-4.1552396,-1.4528385,-1.9519268
2024-12-29 01:00:00,0.0,-42.771236,48.642708,2.5676062,7.7467976,3.9281166,-2.8010752,0.3193696,-16.583067
2024-12-29 01:00:00,0.0,-22.761448,-86.71048,0.19890906,-12.763053,-15.743834,-7.946513,-1.6050645,-4.764134
2024-12-29 02:00:00,0.0,40.376656,-15.949826,-5.2355494,-61.251194,3.9787233,-0.36414173,-15.752237,-2.996509
2024-12-29 04:00:00,0.0,-58.41823,61.87088,-12.125704,-16.902489,-21.745235,-8.629103,-3.9473963,27.961946
2024-12-29 06:00:00,0.0,-15.324842,-68.35794,-3.1956027,3.681566,-10.602269,-5.3363256,0.55554557,-5.7704606
2024-12-29 07:00:00,0.0,24.822903,-151.88802,4.386942,-10.444139,6.949148,0.3789969,0.31168118,-1.9856625
2024-12-29 09:00:00,0.0,249.1724,150.19324,30.086727,47.32924,-51.53205,2.342877,10.278814,38.9504
2024-12-29 09:00:00,0.0,-38.7765,30.77655,1.2560494,-10.75503,-4.3807273,-4.1521673,-0.26066512,-14.932556
2024-12-29 10:00:00,0.0,-36.00653,49.010162,3.001298,-11.252566,5.0493717,-2.0680125,0.47363803,-15.933047
2024-12-29 10:00:00,0.0,38.203278,47.4869,-2.408884,7.0484548,-2.5757885,-1.1434453,1.5809232,-7.1612263
2024-12-29 14:00:00,0.0,1.2320703,-127.76739,0.38958156,2.944324,5.954985,-0.02329789,-0.72625035,-6.386944
2024-12-29 15:00:00,0.0,-36.685112,65.09641,-0.8279329,-14.885762,0.60360426,0.36881015,-1.2522178,-15.149757
2024-12-29 17:00:00,0.0,77.48761,-203.54973,-9.054741,-1.0024592,-23.720055,-10.757482,0.87056446,14.544005
2024-12-29 18:00:00,0.0,0.50453144,-125.23783,0.57510006,-9.3924055,5.5194407,-1.0873437,0.44032937,-5.675003
2024-12-29 19:00:00,0.0,85.539536,-186.95872,-5.888738,-25.314241,2.6160078,0.10512961,-2.1771438,12.566433
2024-12-29 20:00:00,0.0,-30.861515,-91.27815,0.71757954,-10.767802,0.47638705,-1.2717746,0.39532512,10.817356
2024-12-29 21:00:00,0.0,2.4494596,-113.132965,-3.9436257,-2.8363426,3.0942614,-2.2415512,-1.4679863,-5.74989
2024-12-29 22:00:00,0.0,-82.26172,12.14442,-1.2792423,17.080738,-0.75239,2.3708842,3.0585115,-10.735351
2024-12-29 22:00:00,0.0,-39.569973,-22.8734,-8.983649,-50.514862,0.7101318,-3.6579053,-8.067421,-6.8219423
2024-12-30 01:00:00,0.0,-19.615993,-18.661293,1.3463854,11.894903,7.588694,-1.2574804,0.63806236,-9.669047
2024-12-30 03:00:00,0.0,-58.859993,88.394,0.87172955,6.7724175,3.0597541,-2.3497896,1.5181282,-3.578343
2024-12-30 03:00:00,0.0,-20.700655,-118.07713,0.858302,8.046273,-1.3407212,-1.4290882,0.74696314,-6.0029845
2024-12-30 03:00:00,0.0,-48.62346,49.72195,-7.5834937,2.543338,-19.272438,-5.3515854,0.9515864,-14.769931
2024-12-30 06:00:00,0.0,-86.62413,19.661505,2.2533424,14.067751,0.37703234,-2.42305,3.8192067,-13.856713
2024-12-30 06:00:00,0.0,95.38685,189.00795,3.0126247,21.560228,4.300609,-0.03847454,4.910722,1.5207317
2024-12-30 07:00:00,0.0,-31.216492,-9.442157,4.903536,11.017863,-7.9312363,-2.8742158,0.6319002,-1.4794847
2024-12-30 10:00:00,0.0,-17.191818,-27.022049,-2.2767692,1.4886109,5.380184,0.42653704,0.70649606,-9.014256
2024-12-30 10:00:00,0.0,-25.448479,-98.16848,-8.062489,2.5071003,7.3384085,-3.1070623,1.5736508,-8.27356
2024-12-30 10:00:00,0.0,-52.870613,68.31512,1.726432,3.1533282,2.9176223,-2.6570246,0.9371863,-0.5765172
2024-12-30 11:00:00,0.0,-82.32466,99.49464,2.540579,11.013919,6.399344,-5.686853,2.4351885,18.042568
2024-12-30 13:00:00,0.0,-83.29013,70.777016,-13.747806,-26.7376,9.906626,-7.48161,-2.042557,30.455677
2024-12-30 14:00:00,0.0,31.618122,135.62871,-3.703021,39.33497,0.79281396,-4.535096,10.769791,-11.445562
2024-12-30 15:00:00,0.0,-54.591637,31.184105,-9.794482,10.13295,-18.376083,-3.7503245,0.49603546,-1.0399063
2024-12-30 15:00:00,0.0,-8.916932,99.18951,1.6076452,-11.102934,-1.4563373,-2.0468414,1.6259675,-3.1577792
2024-12-30 15:00:00,0.0,-11.293301,104.68864,-0.34462452,13.803569,-13.362854,-3.9414518,1.5913358,-4.333411
2024-12-30 17:00:00,0.0,-74.48296,78.48334,2.5565557,-20.812948,-4.9136953,-5.1181817,-3.5038161,36.262035
2024-12-30 23:00:00,0.0,30.405947,-55.70549,-14.19301,9.485088,2.8168457,-0.0781669,-1.1228534,-4.096144
2024-12-31 05:00:00,0.0,-38.695377,64.104095,0.86985284,9.764092,-4.737217,-5.6082554,0.7808211,-16.090387
2024-12-31 05:00:00,0.0,49.42625,-39.56252,13.06664,12.985184,-13.468502,-2.0138445,3.9936016,-5.622993
2024-12-31 08:00:00,0.0,35.86186,39.384846,-10.326565,14.037101,-4.582276,2.4490309,5.802933,-13.755089
2024-12-31 09:00:00,0.0,-33.058235,60.01174,-3.4638321,-11.50769,5.5408015,-2.1634164,0.84977776,-15.242867
2024-12-31 11:00:00,0.0,-16.710653,81.97232,-1.270874,-6.029774,7.006812,1.3695923,1.15828,-1.6076367
2024-12-31 12:00:00,0.0,223.03891,131.1984,-7.027082,12.628053,6.7290525,-2.7999594,-0.6941258,38.946255
2024-12-31 13:00:00,0.0,-21.353874,156.29517,0.1052365,18.704008,0.87497014,-3.997536,5.8945594,-8.729827
2024-12-31 15:00:00,0.0,-78.3711,78.3605,-8.285994,-8.389745,-14.301301,-3.093978,1.3815926,30.401655
2024-12-31 16:00:00,0.0,270.8733,238.84119,-14.550142,46.117676,-12.638874,8.270779,16.713856,48.78315
2024-12-31 17:00:00,0.0,-34.410168,-45.164314,-4.225943,-8.801263,-17.261318,-6.589077,0.7593765,-8.7141905
2024-12-31 19:00:00,0.0,0.53352654,-74.8021,-2.1687334,20.311228,1.5664656,-1.8391798,0.48406944,-7.116948
2024-12-31 20:00:00,0.0,-0.4953227,-93.05807,1.1972343,-9.560046,-1.1430628,-2.052313,-4.6128936,3.549746
2024-12-31 21:00:00,0.0,-99.98776,96.29919,-3.4595873,30.244669,-0.17918237,-6.618174,5.561324,51.228188
2024-12-31 23:00:00,0.0,26.298288,-128.54782,1.5851796,-16.755274,4.362425,0.106310815,-3.183577,-3.0517943
2024-12-31 23:00:00,0.0,-90.2491,55.43505,5.100673,20.048609,-4.200575,-5.752501,4.3309,-18.934135
2025-01-01 04:00:00,0.0,65.56477,54.723637,-6.3460298,8.450686,-2.4951482,-3.4018893,-0.90815544,-2.6668127
2025-01-01 05:00:00,0.0,-53.104404,38.217323,1.789604,7.771276,3.5096025,-1.0048249,0.8882938,-16.821243
2025-01-01 08:00:00,0.0,-7.263238,46.73991,-10.340606,5.0602837,-5.148592,-1.4060273,-0.28823817,-16.48055
2025-01-01 12:00:00,0.0,-38.14961,0.3076172,-2.4413064,4.565172,-14.0119,-10.505873,0.32495397,-1.305486
2025-01-01 12:00:00,0.0,-59.246616,60.670815,-3.3147118,-3.9555418,-16.5754,-7.4970546,-1.9430923,-14.853454
2025-01-01 12:00:00,0.0,25.73116,-155.83609,5.905861,7.3418374,-1.087539,-0.9231981,0.14410798,-3.1286824
2025-01-01 13:00:00,0.0,-103.93547,41.73172,-2.5602386,25.010912,3.4725356,-4.0885725,3.2102869,43.06138
2025-01-01 14:00:00,0.0,-0.26663145,158.96628,-2.035021,18.380638,-2.039962,-1.6241863,4.2897534,0.7380483
2025-01-01 14:00:00,0.0,-42.762966,25.650852,-3.868601,9.324469,-15.156431,-1.5379192,1.2942855,-14.848424
2025-01-01 14:00:00,0.0,-28.6739,92.70387,0.042461913,-28.439465,-17.149975,-9.392351,-5.16144,-15.364069
2025-01-01 16:00:00,0.0,-30.863008,-99.000656,-7.144751,-16.436876,4.955824,-3.755987,-1.0285369,12.317801
2025-01-01 18:00:00,0.0,-63.94408,71.93621,2.3741312,15.734246,-6.669712,-2.8341606,1.9012251,23.49076
2025-01-01 18:00:00,0.0,-73.14891,98.601036,3.6670544,-26.371275,-2.6435423,-4.011444,-5.803208,30.557377
2025-01-01 19:00:00,0.0,146.36116,-34.66541,-0.6229489,28.159191,-34.812885,-17.469866,7.5464106,32.783154
2025-01-01 20:00:00,0.0,-20.259556,161.87878,-11.141493,23.154703,-6.8435545,-0.4827724,6.080945,-7.900847
2025-01-02 03:00:00,0.0,68.61074,90.533516,2.8081405,-1.4432054,-0.63711023,0.2556771,-0.93367225,-0.78608555
2025-01-02 03:00:00,0.0,20.169725,-117.000984,0.98474485,6.001479,-3.342485,0.6921023,0.2715421,-2.737845
2025-01-02 06:00:00,0.0,-23.122215,-92.98692,-2.9173465,-10.42705,2.797307,-2.070862,-0.6542546,-1.0563611
2025-01-02 07:00:00,0.0,261.95782,184.05788,-9.921083,22.786093,5.655515,1.4612883,15.156802,41.436092
2025-01-02 08:00:00,0.0,-86.25256,18.9688,0.22697142,18.69585,-1.7986041,-4.4417195,3.8156297,-13.861035
2025-01-02 08:00:00,0.0,166.76973,136.9163,-4.0377426,10.3091135,-25.787498,-6.132863,-1.8141661,15.944574
2025-01-02 08:00:00,0.0,-35.399918,-107.18963,5.0309873,2.2221177,7.1100335,2.5544107,-0.18860023,15.753613
2025-01-02 10:00:00,0.0,22.571575,-154.22572,-3.2605755,5.6613173,7.1751637,0.1023576,0.062249687,-3.992939
2025-01-02 10:00:00,0.0,93.27334,193.06898,4.13775,17.161621,-5.593115,-1.0182182,4.6425943,2.3841205
2025-01-02 13:00:00,0.0,-2.3970885,-110.48852,-3.743724,5.5713654,-8.860667,-0.2062039,0.7004085,0.7739528
2025-01-02 15:00:00,0.0,-29.229177,103.631744,-2.2057006,13.970039,-15.491158,-10.229033,2.1786046,-12.027713
2025-01-02 15:00:00,0.0,-18.601366,-116.42106,0.8353736,5.233456,-2.1605284,-2.842099,0.4260938,-6.0337696
2025-01-02 17:00:00,0.0,8.231088,40.742863,-8.265661,-15.865564,-23.152163,-1.5047992,-7.5294266,-11.296729
2025-01-02 17:00:00,0.0,24.715572,-139.08598,2.3875015,2.8381724,7.1520696,0.92208046,-0.010954668,-3.015201
2025-01-02 18:00:00,0.0,-79.55793,78.63074,2.0375125,-17.101969,8.534784,-8.430534,-3.5687735,36.354744
2025-01-02 18:00:00,0.0,-81.72552,105.20537,-3.2961621,10.389959,6.341319,-3.5920577,2.3182528,14.172857
2025-01-02 20:00:00,0.0,-21.592497,11.869574,3.7981212,-42.102276,3.3376749,-1.4578143,-9.121234,-7.048055
2025-01-02 20:00:00,0.0,-22.129839,-110.66644,-1.0987579,3.6998184,-12.201599,-7.2628202,0.25796592,-2.5883994
2025-01-02 20:00:00,0.0,-61.45977,75.58964,-1.2232183,-23.351635,3.9554107,-2.2599883,-3.5765116,-15.590237
2025-01-02 21:00:00,0.0,68.02185,89.80261,-0.94913834,-0.6990039,-3.141968,-0.7491481,-1.0057647,-0.774869
2025-01-02 21:00:00,0.0,-52.977386,30.872974,-2.5981345,7.8765464,-13.222092,-4.410294,0.5785712,-1.7518823
2025-01-02 22:00:00,0.0,103.40936,-207.8694,2.4370186,10.273578,-1.9115485,-0.5433126,0.3335238,17.229994
2025-01-03 00:00:00,0.0,-77.35018,61.85292,7.5621467,-18.11019,6.473425,-3.3669007,1.0652692,35.52007
2025-01-03 02:00:00,0.0,-52.810665,68.602264,1.0115048,3.4265676,-4.364749,-4.8373284,0.8800403,-0.8044549
2025-01-03 03:00:00,0.0,-24.993643,-98.25318,1.3904558,-2.1273026,3.010987,-0.53911203,-0.5013749,-5.6250453
2025-01-03 05:00:00,0.0,-27.469124,-20.019737,-1.0316288,7.8875694,-7.741488,-2.9184086,0.55263764,-2.2226806
2025-01-03 06:00:00,0.0,101.84989,-195.5438,-0.369582,-0.4635329,1.0609627,3.5676293,-0.385908,17.45871
2025-01-03 07:00:00,0.0,-15.924568,-29.436083,0.058757212,1.3035655,-7.6959333,-1.0889659,0.73520607,-8.717121
2025-01-03 08:00:00,0.0,-15.155559,78.07964,-0.59948325,-16.366049,-14.3742285,-2.068487,-7.999142,-13.299323
2025-01-03 09:00:00,0.0,-4.5166507,-44.868298,1.1550897,-1.3490098,6.9396434,-1.0791193,0.44150686,-8.932872
2025-01-03 09:00:00,0.0,-18.881498,38.851868,-3.2305589,-21.866024,7.041882,1.3141042,-0.10053337,-3.1160095
2025-01-03 12:00:00,0.0,-37.815655,-8.708581,0.82527035,8.8483,-1.9776025,-3.2770233,-1.5522177,23.355543
2025-01-03 14:00:00,0.0,-66.90002,69.93229,-19.312716,-31.916418,-16.986334,-10.131609,-3.927242,28.79855
2025-01-03 15:00:00,0.0,0.37670237,111.23375,-3.3683677,18.304527,2.31391,-1.2457743,3.8007455,-9.0831
2025-01-03 16:00:00,0.0,-34.76335,-10.100091,1.7351593,3.6450324,4.682308,1.6344292,0.8445834,-0.7463174
2025-01-03 17:00:00,0.0,-65.413734,65.89832,0.4364783,10.306503,0.67469853,-0.7896175,1.4580315,-12.295464
2025-01-03 18:00:00,0.0,235.01765,114.1893,3.5147119,-4.874076,-0.5640605,-0.74571586,-15.019198,35.77836
2025-01-03 19:00:00,0.0,-19.772741,-114.73223,1.5698426,-4.5829387,6.846711,-0.85968554,0.72837096,-5.9364047
2025-01-03 20:00:00,0.0,22.538296,62.315777,-2.43864,-81.36724,4.7503867,-2.4318435,-36.392365,-10.546703
2025-01-03 22:00:00,0.0,3.4817522,34.936405,1.3407341,8.000125,1.0524472,-2.2202423,0.1659795,-15.221522
2025-01-03 23:00:00,0.0,-19.859985,-99.857315,0.71314806,-6.4581385,3.3768508,-0.5043289,-2.0502493,-7.177614
2025-01-03 23:00:00,0.0,-76.240105,89.92154,-4.9057274,-37.73494,1.477249,-7.081615,-5.753884,23.612251
2025-01-03 23:00:00,0.0,-22.94685,-70.74736,-0.8322361,-14.961237,-8.303209,-3.1435893,0.553285,-6.3763423
2025-01-04 02:00:00,0.0,-28.074318,-48.936516,2.0407465,-36.377007,1.7130892,-0.6813069,-9.179248,-9.331452
2025-01-04 03:00:00,0.0,1.6891581,-106.272385,-0.13139868,-8.748621,6.810182,-1.9784689,-4.447299,-7.0093865
2025-01-04 04:00:00,0.0,25.338758,72.56698,-0.84614885,12.035512,3.6371226,-3.0506535,4.2069645,-13.399398
2025-01-04 09:00:00,0.0,-21.84989,-118.539444,0.298471,4.1491976,2.8631644,-0.04755465,0.7554341,-6.2423396
2025-01-04 10:00:00,0.0,-4.23812,-5.953649,-1.0849494,4.7313166,-9.094344,-3.0011728,0.82886666,-11.258857
2025-01-04 12:00:00,0.0,-81.34574,80.414116,1.5221678,4.4548993,5.708017,-3.9616935,1.7245878,29.426579
2025-01-04 13:00:00,0.0,-38.94196,46.6451,-1.5015583,7.0291457,-15.515352,-8.553872,0.36808705,-16.76305
2025-01-04 14:00:00,0.0,-42.67742,-49.52518,-3.3473625,3.4019697,12.900437,-2.5153222,0.013214856,19.940197
2025-01-04 15:00:00,0.0,-43.04748,24.881176,-0.15526366,13.476626,-3.280685,-3.0181625,1.4943293,-15.030686
2025-01-04 15:00:00,0.0,-22.134922,27.098402,-0.16482028,2.8676329,8.333752,-0.10650392,0.02207468,-7.360704
2025-01-04 16:00:00,0.0,-24.780273,-92.122185,-1.21218,-0.9812077,3.4933095,-0.024867238,0.018772013,-5.9366255
2025-01-04 17:00:00,0.0,-49.409554,33.859436,5.3308425,-20.843523,9.487701,-3.6280255,-3.8602388,-15.866395
2025-01-04 20:00:00,0.0,-4.64446,87.14164,-3.7744977,11.610434,-16.031223,0.94754255,2.1303315,-1.1359733
2025-01-04 21:00:00,0.0,22.489744,-111.66213,1.3008919,-15.10035,2.1416667,5.465281,0.31086743,-2.6418383
2025-01-04 23:00:00,0.0,27.154146,-126.71018,2.7650783,-7.262515,-10.270135,-1.3524315,-0.2556623,-0.85160446
2025-01-04 23:00:00,0.0,-13.484968,98.02207,-5.338669,2.204554,-15.785997,-2.4459498,1.1166682,-2.3501117
2025-01-05 00:00:00,0.0,-8.892925,63.266163,-2.3742254,-7.631118,2.2819557,-2.914828,-3.4245465,-14.704377
2025-01-05 01:00:00,0.0,-12.548005,60.832745,-7.895107,-4.5697045,-16.272821,-3.1763685,0.96343493,-1.4390689
2025-01-05 02:00:00,0.0,-66.68024,33.41139,0.75194895,8.375465,-0.09257815,-0.45604843,2.2782557,-6.9955482
2025-01-05 03:00:00,0.0,-59.55946,-47.392143,-0.055074632,9.763966,5.62866,-1.2211058,1.9633658,-4.7773523
2025-01-05 03:00:00,0.0,-23.329239,-109.96855,1.0683687,-6.7338815,5.753872,-1.1702327,0.1982462,-5.1859837
2025-01-05 04:00:00,0.0,-42.441673,-63.760494,1.4016525,-12.77248,2.3729677,-1.2743031,-4.8889966,-3.4033015
2025-01-05 09:00:00,0.0,-13.919051,-106.13111,0.34008417,0.2103898,-6.5302453,-1.2790351,0.021441966,-6.1516843
2025-01-05 09:00:00,0.0,-26.95587,-12.902035,0.25698516,11.141273,-14.608464,-6.1890483,0.8562861,-9.767717
2025-01-05 10:00:00,0.0,-21.25861,-117.244484,0.31794202,4.0323434,0.017144809,0.46173236,0.7524505,-6.1022334
2025-01-05 12:00:00,0.0,-39.169716,5.1760564,-1.9714046,-17.850636,-9.343767,-4.902503,-2.5348082,-11.794716
2025-01-05 12:00:00,0.0,-21.28603,57.338135,-5.5161376,13.999049,-21.913136,-1.7624507,0.6383815,-11.5715475
2025-01-05 14:00:00,0.0,-32.785442,-23.089579,0.8992473,0.010753199,4.7059007,-1.6708573,0.3701787,-1.3808413
2025-01-05 17:00:00,0.0,-49.234535,62.146603,0.4977253,3.4168367,-0.43347478,0.7325468,0.97286165,-0.5340539
2025-01-05 17:00:00,0.0,31.261824,-135.61404,0.8710831,-4.629305,4.299789,-0.12745526,-3.235791,-3.9961529
2025-01-05 17:00:00,0.0,-5.700424,-12.156548,1.6254659,-39.03746,-9.672173,-5.19545,-7.1885114,-2.4314165
2025-01-05 18:00:00,0.0,-17.486332,65.50124,-0.657992,10.450849,-6.030117,-0.96036226,0.52540344,-7.60323
2025-01-05 18:00:00,0.0,63.413486,102.823586,2.395895,18.680801,-1.4646645,-0.5691684,3.2708652,-1.7139267
2025-01-05 19:00:00,0.0,-1.0496331,39.726654,3.3387299,7.9429865,13.092424,-0.008078005,-0.07302676,-15.606439
2025-01-05 20:00:00,0.0,-34.71022,-110.928696,-1.4570149,0.94880396,-3.237859,-1.7610424,-0.04796473,15.068227
2025-01-05 21:00:00,0.0,-82.935486,9.011907,-5.256314,13.90299,-26.09385,-3.43312,2.3898435,-8.159938
2025-01-05 22:00:00,0.0,5.182833,-78.86722,-0.5616955,-4.289848,-6.076717,-0.93598086,1.7806073,5.6011143
2025-01-06 00:00:00,0.0,-20.342867,96.1851,11.503836,-0.91672325,-7.154464,-1.5341071,4.0948067,-10.300553
2025-01-06 02:00:00,0.0,-35.11027,-125.11914,1.6064053,5.9998846,7.753832,-0.2678277,0.6423693,15.184677
2025-01-06 02:00:00,0.0,-29.900206,-20.904644,8.34462,7.310333,12.117287,4.505288,-1.6766403,-8.575589
2025-01-06 03:00:00,0.0,-66.5752,55.252026,-0.1471664,12.230186,6.4081388,-3.6666682,0.97084403,36.857212
2025-01-06 07:00:00,0.0,-33.393353,27.84994,0.4535288,11.145821,-4.440989,-3.9235206,4.281137,-16.270628
2025-01-06 08:00:00,0.0,240.0459,145.21451,28.072294,-22.120152,38.02328,15.030582,4.538988,36.899837
2025-01-06 10:00:00,0.0,-45.19002,29.08759,0.68838584,8.657393,-15.815921,-8.362957,0.8857688,-15.799539
2025-01-06 10:00:00,0.0,-50.986572,61.567364,-7.4419017,4.0168743,-22.722355,-4.3450165,0.78181636,0.13204849
2025-01-06 13:00:00,0.0,69.94496,89.789635,-2.135511,8.052147,-3.4017692,-2.3761532,-0.7211513,-1.4952427
2025-01-06 15:00:00,0.0,-54.576244,36.586815,-1.7821717,3.494238,13.236548,0.12032811,0.7291234,-15.8974695
2025-01-06 16:00:00,0.0,-32.61235,32.38567,5.0140176,-6.2681627,4.5374928,-1.8341006,1.9659752,-10.407219
2025-01-06 16:00:00,0.0,-12.260651,93.55119,-3.510301,-8.061329,-16.71401,-1.8858808,-2.0301788,-1.7429758
2025-01-06 16:00:00,0.0,-77.88915,75.98706,2.4772856,-18.309135,-4.8778524,-4.4907484,-3.1847694,36.17223
2025-01-06 17:00:00,0.0,160.87724,-54.002087,-34.115772,21.655754,-25.02,4.267466,5.378449,25.219255
2025-01-06 20:00:00,0.0,-65.30122,65.23381,-3.8399374,-11.049431,1.364179,-1.7313476,1.3561654,35.16852
2025-01-06 21:00:00,0.0,-0.07671514,158.0629,-5.9238997,24.156796,4.4429374,-0.4959156,4.8287315,1.7444234
2025-01-07 00:00:00,0.0,78.234146,91.894714,-1.2724328,9.741279,-12.633137,-4.743607,-0.9849779,-1.8913801
2025-01-07 02:00:00,0.0,-18.310898,60.9062,4.1621876,13.027117,3.9866626,-2.4849975,1.2952707,-11.384524
2025-01-07 03:00:00,0.0,102.666725,-198.29881,-1.9910711,3.6486654,-15.881992,-6.055371,0.067734554,14.53921
2025-01-07 05:00:00,0.0,70.22268,90.12798,1.6512042,-1.6529431,5.0264754,1.4019822,-0.96342117,-0.9934812
2025-01-07 10:00:00,0.0,-5.0895696,86.51577,-4.1628175,17.784779,-16.040628,-0.6792668,2.1183386,-2.3312657
2025-01-07 12:00:00,0.0,-47.45373,14.944653,1.8844612,0.17835715,7.689716,-1.879817,-2.216656,-13.308008
2025-01-07 14:00:00,0.0,-40.964767,22.543648,-1.6839273,-2.9318383,-13.033707,-1.1004759,-3.4703755,-11.993731
2025-01-07 18:00:00,0.0,-61.80759,67.417915,-11.244556,-3.035853,6.864283,-3.667074,-5.6519723,30.333384
2025-01-07 18:00:00,0.0,22.507746,-150.60007,-2.3767195,0.5970113,-1.5948923,1.843142,-0.056472745,-3.8165615
2025-01-07 20:00:00,0.0,25.032177,-156.57239,-2.0136018,8.109637,4.8426275,1.4952344,0.52024746,-3.375108
2025-01-07 22:00:00,0.0,100.96253,-218.08818,0.13587734,6.8263254,10.5267,2.9934242,0.73865205,16.270416
2025-01-08 01:00:00,0.0,52.371124,44.64854,-1.9471179,11.970572,-13.363341,-4.984994,1.5154018,-6.9016647
2025-01-08 02:00:00,0.0,100.85469,150.27953,1.2723397,12.01882,-11.303579,-3.0621912,2.0996575,-4.3419495
2025-01-08 04:00:00,0.0,-10.918012,11.33397,-14.986275,-17.282745,-8.198341,-0.027163237,0.83259815,-1.6442838
2025-01-08 04:00:00,0.0,15.0037565,13.476898,0.19273382,-85.70323,-5.018456,-5.1608834,-27.590029,-6.8430467
2025-01-08 05:00:00,0.0,-15.240755,13.886588,2.7057877,10.504969,9.505516,-0.6032225,1.1358228,-4.7217627
2025-01-08 05:00:00,0.0,-76.1707,99.96648,-2.0700688,15.083573,-10.448965,-6.6718454,2.4393282,-7.7324524
2025-01-08 08:00:00,0.0,-51.06711,-19.677454,-12.155782,-37.49677,-22.837109,-3.746796,-6.2434587,-6.7997584
2025-01-08 10:00:00,0.0,223.88086,140.62961,15.58029,-0.24144909,-10.761725,0.8729428,-0.4435636,36.064243
2025-01-08 10:00:00,0.0,-57.445843,60.02484,0.94149184,-0.5246099,10.124235,-2.3795905,-1.9981362,-16.88886
2025-01-08 10:00:00,0.0,3.4608955,-105.01619,0.33789504,0.2535587,-0.2377187,1.0129131,0.9989279,-5.637309
2025-01-08 11:00:00,0.0,-19.598112,12.136151,0.4098658,-4.020827,9.21678,-1.2024356,-2.5020413,-6.3722787
2025-01-08 12:00:00,0.0,-21.57695,-66.29111,3.4985905,-12.70596,1.3088638,-0.20308162,0.027513288,-2.509605
2025-01-08 13:00:00,0.0,-35.598976,-79.5593,1.0903354,4.7609477,-5.952613,-3.3864198,0.24539074,16.535955
2025-01-08 13:00:00,0.0,153.30061,65.22641,4.127348,-21.13089,0.46889693,0.92312086,0.4972012,24.633717
2025-01-08 14:00:00,0.0,-36.00881,-78.56403,-1.4450969,4.2234354,-6.1143956,-4.2433553,0.18592945,16.536358
2025-01-08 17:00:00,0.0,-62.03094,53.287273,1.4977304,2.8742197,5.2068987,-4.3355074,1.1195847,34.8594
2025-01-08 17:00:00,0.0,25.993351,-114.66564,3.8347929,-4.925439,3.688374,-0.45622092,1.1561023,-2.6268685
2025-01-08 18:00:00,0.0,-24.313961,-108.2225,0.55176014,6.0671983,-3.9573047,-0.022339014,0.17831667,-5.7669563
2025-01-08 19:00:00,0.0,-75.74054,54.806744,-2.9315622,17.104412,1.6638457,-4.5400524,2.8751225,40.356613
2025-01-08 19:00:00,0.0,4.988639,167.99556,6.447186,12.22032,9.766455,-0.774812,5.3195233,-7.848586
2025-01-08 21:00:00,0.0,-38.354794,-59.625797,1.5234938,-27.033699,1.886116,-1.8591983,-4.7851934,-2.3175797
2025-01-08 22:00:00,0.0,225.35156,141.03664,2.014576,3.6462638,6.756027,-1.0489614,-1.0524882,39.142773
2025-01-09 01:00:00,0.0,-25.325954,-87.38519,-0.4016359,-0.45624125,5.3320513,-0.81822526,0.30244938,-6.273673
2025-01-09 05:00:00,0.0,-79.491516,8.654255,0.35553026,14.246497,1.6609304,-3.0738614,3.1043425,-9.987478
2025-01-09 07:00:00,0.0,-13.0654,54.63048,9.359794,6.0803013,-6.3932343,-2.4716523,-0.03592906,-16.169184
2025-01-09 08:00:00,0.0,225.43758,153.63889,-29.496618,9.754396,-11.164999,0.8719777,4.4504967,38.125603
2025-01-09 09:00:00,0.0,-63.479446,73.6426,-2.6021833,4.331868,6.580026,-3.4131522,1.353222,36.580208
2025-01-09 12:00:00,0.0,-0.06736578,-129.96837,1.113771,6.492123,-4.3009977,-3.1120572,-0.27172393,-6.032628
2025-01-09 13:00:00,0.0,9.84281,63.30259,2.9645782,14.279621,-14.388517,-2.3420274,5.0168214,-19.973146
2025-01-09 15:00:00,0.0,94.03989,190.64592,0.61701703,25.639626,-1.1489435,-1.4403867,4.6511545,1.5793114
2025-01-09 17:00:00,0.0,-66.140755,33.326508,3.9266396,-5.8206167,4.4184785,-3.804598,2.251767,-5.8712797
2025-01-09 18:00:00,0.0,-11.554539,112.61122,-1.7269063,-26.71113,2.6568282,-1.9184769,-10.495338,-3.747403
2025-01-09 18:00:00,0.0,-27.748962,-84.96031,-0.96975684,3.981444,-5.5907526,-2.3382614,0.62415344,-6.2406206
2025-01-09 18:00:00,0.0,221.59012,120.60473,2.6581163,30.207952,-24.814367,0.52669376,4.2426023,37.132893
2025-01-09 18:00:00,0.0,-11.094837,-36.18756,0.3809356,3.5932174,-2.5836403,1.0950984,1.4847846,-1.6152232
2025-01-09 21:00:00,0.0,-73.04744,109.00076,0.7756733,14.333077,0.74275565,-2.4868538,2.3083136,11.269096
2025-01-09 22:00:00,0.0,-60.278538,74.900475,4.8085093,13.033953,-1.907438,-2.4768794,1.2798198,39.776253
2025-01-09 22:00:00,0.0,-109.598305,42.956173,0.967956,27.202715,3.2766788,-3.0030124,3.547101,45.279045
2025-01-10 03:00:00,0.0,-48.37092,92.91175,0.91471237,12.153063,-15.5661745,-3.6185539,1.8809552,-10.885768
2025-01-10 04:00:00,0.0,-73.32898,56.00376,0.65829253,17.610054,-13.246731,-7.890939,2.8741665,42.678413
2025-01-10 07:00:00,0.0,-20.945667,-120.19323,-1.9109975,5.77127,6.682283,-0.23799932,0.7250321,-6.2761493
2025-01-10 10:00:00,0.0,20.6688,-126.150635,0.27067733,-7.18953,-2.9907753,-0.92668164,-0.15579388,-1.9369882
2025-01-10 13:00:00,0.0,88.17644,-189.22807,4.6651316,-19.026628,-4.470389,0.7189077,-1.8327782,12.263483
2025-01-10 14:00:00,0.0,-8.93422,51.263958,-3.604143,9.146807,-17.217121,-2.0832074,-0.15654847,-16.093462
2025-01-10 16:00:00,0.0,90.03109,188.4408,10.506736,23.237513,13.695458,4.4706507,4.333205,0.31178117
2025-01-10 17:00:00,0.0,-48.579273,19.653389,5.3777213,10.496868,8.024782,1.6572386,1.3663582,27.572958
2025-01-10 17:00:00,0.0,-57.84712,-13.7155075,0.51977,-55.47128,-0.7502846,-2.5134957,-5.1935196,21.43293
2025-01-10 18:00:00,0.0,-22.091188,-73.58708,-0.64625037,-6.626541,-4.7779365,-3.2527773,0.1891685,-5.473916
2025-01-10 18:00:00,0.0,-9.21299,47.978947,4.3970046,10.114993,-5.54063,-3.8377304,-0.083523974,-16.802813
2025-01-10 19:00:00,0.0,3.8259645,-127.067,0.2623767,1.9617854,-12.108444,-5.647893,-0.2764315,-6.085723
2025-01-10 21:00:00,0.0,-25.553335,-95.48128,1.0484358,5.5483155,-3.1175766,-3.326282,-0.42187944,-2.842638
2025-01-11 00:00:00,0.0,-98.326485,45.046406,-0.33435962,21.990286,0.83997416,-2.5040288,3.2372909,-10.1210575
2025-01-11 00:00:00,0.0,-4.800377,-108.907776,-0.4951805,1.5195553,-1.5998251,-1.6669977,-1.5387381,0.04032617
2025-01-11 03:00:00,0.0,-4.6995215,156.62943,15.128561,21.383905,12.959155,8.280689,4.0810533,1.8985558
2025-01-11 03:00:00,0.0,-21.529081,103.5465,-5.2488565,22.965437,7.9534,-2.4633489,4.2319064,-9.91445
2025-01-11 03:00:00,0.0,-21.948698,-106.38916,2.7507792,-6.5751014,-2.579096,-2.470449,0.21928623,-5.1227646
2025-01-11 05:00:00,0.0,-28.95521,-37.672714,-8.521128,7.9999895,-13.832462,-0.5092166,0.018754512,-6.308538
2025-01-11 05:00:00,0.0,-14.688016,77.759636,4.1094666,7.605237,-1.3991864,-2.735852,0.59511095,-6.019609
2025-01-11 06:00:00,0.0,42.01433,-56.148174,10.638878,-35.378597,4.5397515,-1.4422365,-9.788271,-3.219826
2025-01-11 07:00:00,0.0,-19.30234,113.26774,5.680082,-33.63457,-4.941668,-3.3607426,-12.045086,-14.350094
2025-01-11 08:00:00,0.0,-44.50299,89.57308,4.3233657,-9.784798,1.8539165,-0.4431156,2.2999797,-13.086739
2025-01-11 10:00:00,0.0,43.765472,-18.60194,0.63975024,11.899712,15.440316,1.9037383,0.7683463,-2.5397682
2025-01-11 10:00:00,0.0,-16.480827,81.91896,-1.1948234,-18.762028,1.0897264,-2.180798,-9.832432,-14.576898
2025-01-11 12:00:00,0.0,-78.98278,63.640007,0.3988115,11.238417,-12.632953,-7.49518,0.90885407,38.118195
2025-01-11 12:00:00,0.0,121.08816,-120.15468,2.8002365,5.3238215,-3.8491654,0.44412962,0.69039863,18.771517
2025-01-11 12:00:00,0.0,31.223265,82.24757,-1.9782572,23.695412,-15.310569,-10.387642,4.155298,-14.085249
2025-01-11 13:00:00,0.0,-27.228388,50.98421,2.1156723,4.9518013,-1.1609919,-0.4142619,-0.35745656,-8.172878
2025-01-11 16:00:00,0.0,-53.83521,49.307114,2.213137,-0.75816536,4.9133315,-1.8225883,-2.2098112,-16.816938
2025-01-11 18:00:00,0.0,-62.19807,26.254234,1.9405435,-67.4595,-1.3137659,-3.604812,-13.337642,28.109592
2025-01-11 19:00:00,0.0,120.857994,-126.13756,2.503855,-4.230901,-6.6691866,1.2752688,0.78553045,17.904425
2025-01-12 02:00:00,0.0,-21.313545,49.81211,-0.9910308,2.5410619,-12.283179,-4.128568,-0.298701,-8.486413
2025-01-12 02:00:00,0.0,-26.282131,112.2266,0.84516656,21.709654,-0.012376059,-3.839145,2.372615,-7.8174086
2025-01-12 03:00:00,0.0,255.04362,178.31316,23.917576,7.094447,30.521286,17.061968,1.1213857,36.98656
2025-01-12 04:00:00,0.0,-23.642805,-103.85215,-0.08201623,9.521458,-3.4988875,-1.7207167,0.8193958,-8.232018
2025-01-12 05:00:00,0.0,-20.418709,-104.42367,2.614996,1.4271736,-10.8418865,-3.2523284,-0.09783029,-6.382263
2025-01-12 06:00:00,0.0,61.06336,56.53277,5.549495,-10.60123,-0.75740457,0.34623,-1.1954858,-0.5751716
2025-01-12 07:00:00,0.0,45.37798,-31.408041,0.017752025,10.697261,-17.977455,-3.6302903,0.9943571,-1.5861828
2025-01-12 09:00:00,0.0,-24.46139,-97.47679,-8.459948,-0.33648604,-2.6432357,-1.4616796,-0.6962461,-1.9157332
2025-01-12 10:00:00,0.0,-57.184643,-31.664322,2.9514709,17.239325,-1.6774592,-2.1185842,2.453985,28.309578
2025-01-12 10:00:00,0.0,-27.436604,-31.000673,1.3449023,-27.308622,11.482258,-0.8318502,-1.2452923,-6.9849634
2025-01-12 10:00:00,0.0,-23.731186,-58.97952,-0.6869829,-27.149498,-0.41073084,-1.9159751,-5.042415,-8.821752
2025-01-12 10:00:00,0.0,-40.24269,21.337091,-2.8972142,12.586508,-14.918079,-8.564637,-0.024141464,-15.329617
2025-01-12 11:00:00,0.0,-0.8217273,-65.99962,-4.337048,14.183077,-16.45116,-8.454841,0.42698476,-6.259759
2025-01-12 11:00:00,0.0,-78.13761,94.455215,-7.7877126,8.001177,3.7472172,-5.7567496,2.3673346,-8.631789
2025-01-12 12:00:00,0.0,-38.298428,30.067675,-5.0698304,-16.1944,-16.846811,-9.713613,-0.068694316,-15.049046
2025-01-12 13:00:00,0.0,-46.48878,-54.331787,11.63664,14.920578,12.357128,4.3732576,1.9973112,-12.714636
2025-01-12 14:00:00,0.0,47.865303,99.41738,-2.767408,31.346811,-51.19212,-5.1180015,7.531449,-8.377643
2025-01-12 14:00:00,0.0,-43.802242,81.504486,-4.0458364,15.992445,-21.09718,-2.8562717,2.2479649,-1.6511941
2025-01-12 15:00:00,0.0,29.243845,-82.26531,-1.3553536,9.384861,4.253388,0.50399166,0.5316633,-3.0185723
2025-01-12 18:00:00,0.0,6.759168,-16.19021,-1.6016109,11.5623865,-16.84885,-5.8934307,2.6990566,0.38102275
2025-01-13 02:00:00,0.0,-25.87363,-113.037224,-0.38046467,6.516599,5.163329,-0.1475086,-0.12057419,-6.108611
2025-01-13 04:00:00,0.0,-28.137169,-86.075356,1.1071349,3.9895487,-6.3394103,-2.7614615,0.59814626,-6.3753467
2025-01-13 05:00:00,0.0,-38.29925,-97.38614,0.59784067,7.7522006,-2.3781374,-2.245419,1.2003282,19.368805
2025-01-13 07:00:00,0.0,13.926152,37.104843,-9.166537,-37.847717,-11.728788,-1.8904389,-7.5392604,-11.537481
2025-01-13 07:00:00,0.0,-8.862268,-22.41444,3.1872947,-11.38402,-11.744923,-1.4808214,1.347166,-2.1473448
2025-01-13 09:00:00,0.0,-14.107226,93.189,2.4012327,-6.095472,-1.5483577,-1.5000505,-1.0900192,-1.9830058
2025-01-13 10:00:00,0.0,-14.616523,103.09536,2.507479,15.887463,2.2485306,0.27402994,1.6005079,-4.298193
2025-01-13 11:00:00,0.0,-6.1073337,-58.6364,-4.721652,11.364732,-4.4459157,-3.534552,1.2538755,-3.072091
2025-01-13 12:00:00,0.0,-21.173647,-118.64569,-1.0500937,7.260276,2.904536,-0.39362097,0.3896543,-6.087812
2025-01-13 15:00:00,0.0,-40.120125,-98.839,10.507029,7.368892,14.969622,5.5447536,1.4436369,19.87854
2025-01-13 16:00:00,0.0,-53.895664,44.83044,1.6087732,7.5681005,-2.220725,-6.001268,0.7080133,-1.6271117
2025-01-13 17:00:00,0.0,-66.77471,32.68049,-2.6407957,-6.9985495,9.235467,-3.7867084,2.2329125,-5.9426146
2025-01-13 19:00:00,0.0,-2.2708952,40.83685,0.49983287,3.2646165,2.7852266,-1.726935,-0.037709206,-15.175376
2025-01-13 20:00:00,0.0,-23.641125,-101.60623,0.84513295,-0.7516817,0.16279703,-0.953227,-0.63517994,-1.82888
2025-01-13 20:00:00,0.0,-22.231354,18.400679,0.52908003,4.5856404,-6.6325994,-2.595031,1.1967722,-11.665497
2025-01-13 21:00:00,0.0,-26.745672,-62.819477,-2.12026,-9.319884,1.7241977,-3.3016057,0.29036516,-5.4196362
2025-01-14 00:00:00,0.0,-1.0276093,-66.72591,-2.839673,-1.9086701,2.5951076,3.2804112,0.33710784,-6.844256
2025-01-14 01:00:00,0.0,-44.87711,17.65136,-1.6084614,16.351904,-3.1892562,-4.065622,1.0019873,27.312654
2025-01-14 04:00:00,0.0,-44.27033,65.17842,6.5262446,-28.789265,-1.9798306,-3.3088164,-6.506915,-0.4048528
2025-01-14 05:00:00,0.0,60.649242,51.973404,2.4224393,-1.1037027,6.652184,0.3181666,-1.2037482,-2.1592228
2025-01-14 07:00:00,0.0,-58.499794,-44.30499,2.2677975,-1.4638991,8.742085,-2.4304986,1.9760323,-4.1735754
2025-01-14 07:00:00,0.0,-80.790886,5.140301,6.988617,12.796443,8.148035,-0.34256455,2.9160047,-9.585045
2025-01-14 08:00:00,0.0,-86.80424,55.475845,6.913688,-1.161793,4.161584,-2.4213676,4.39403,-17.591791
2025-01-14 09:00:00,0.0,-19.529793,-96.33717,0.3964627,-9.193509,-15.499385,-6.878216,-2.1302593,-7.2016587
2025-01-14 09:00:00,0.0,-70.471176,44.729805,0.97206056,17.453566,9.199593,-0.45544004,3.5571816,-22.434336
2025-01-14 10:00:00,0.0,-35.93406,-113.73687,3.3890064,2.841563,5.8953953,2.68605,0.2001009,15.398329
2025-01-14 10:00:00,0.0,-6.5193014,91.8732,0.46662354,19.638926,-2.200044,-1.8822542,2.8512936,-2.8906589
2025-01-14 13:00:00,0.0,-25.645084,-41.403698,-2.1453514,6.43028,12.371427,-0.44850844,0.24280646,-7.088204
2025-01-14 13:00:00,0.0,153.52121,64.68038,2.1976318,-3.181161,1.2317634,2.8023179,0.49677724,20.692732
2025-01-14 15:00:00,0.0,-40.965866,-62.606968,0.92034113,-13.135008,3.0521655,-1.5937377,-4.584719,-3.2753386
2025-01-14 15:00:00,0.0,-5.545854,-29.096954,-0.1644088,13.993142,-9.55859,-4.7688518,0.4982171,-9.802916
2025-01-14 15:00:00,0.0,-32.926292,-117.115425,3.7586277,-9.738539,8.099861,1.0077736,0.22092092,13.225873
2025-01-14 16:00:00,0.0,-24.932386,-56.38199,-0.23366499,17.332458,4.162062,-1.3190391,0.37727985,-6.8687277
2025-01-14 18:00:00,0.0,-58.513924,53.753815,2.1443853,-0.40255153,1.8734082,-3.3685098,-1.8380735,-1.0419511
2025-01-14 18:00:00,0.0,58.320095,77.88922,4.6555524,-36.167816,5.055052,0.46543798,-8.090399,-0.12980571
2025-01-14 21:00:00,0.0,-21.17262,75.84385,-1.5835592,13.651964,2.9376667,-2.4287753,1.0882868,-11.897019
2025-01-14 21:00:00,0.0,148.59137,-15.772819,-6.608628,15.665922,-15.366665,-1.3373336,1.1294621,26.181646
2025-01-15 00:00:00,0.0,-60.81613,55.210945,-1.2779788,-4.693748,-17.904703,-2.0907054,-2.4038038,-14.708491
2025-01-15 01:00:00,0.0,-20.164923,75.12071,-2.1452699,10.37109,-2.988011,-4.1487985,1.0186877,-12.048961
2025-01-15 04:00:00,0.0,-18.013952,-118.69669,-2.4249327,1.5189457,4.5446024,0.1492402,0.15104397,-5.9572344
2025-01-15 04:00:00,0.0,105.00586,-150.61034,-7.0143046,-15.468798,2.029828,7.5773625,0.69409263,15.785063
2025-01-15 05:00:00,0.0,-23.12172,-116.75637,0.11579725,4.461594,3.181826,-0.67576057,0.40223667,-6.152755
2025-01-15 10:00:00,0.0,104.50613,-208.49274,-1.0613097,7.4554815,6.3755913,3.0483847,0.3642722,17.745779
2025-01-15 10:00:00,0.0,-101.81145,97.30693,1.6159173,23.870731,0.8543489,-2.2299101,5.377082,48.510986
2025-01-15 11:00:00,0.0,-84.577675,18.420734,-2.943281,14.596103,3.2729301,-2.814025,3.7201402,-13.522634
2025-01-15 11:00:00,0.0,-24.390795,-77.873,1.6474888,3.908889,2.9134448,-1.7233541,1.2886568,-2.349106
2025-01-15 12:00:00,0.0,-8.43302,51.743355,2.1920574,8.830237,1.085484,-1.3790272,-0.11151499,-16.619595
2025-01-15 13:00:00,0.0,-49.97978,65.386246,0.42136574,9.234853,-3.0794144,-4.878291,0.9178697,-1.2276118
2025-01-15 13:00:00,0.0,-26.260277,-107.68515,-1.8453548,3.1936264,3.768841,-0.46721083,-0.21939136,-3.204707
2025-01-15 18:00:00,0.0,-69.375046,26.485401,0.75965685,-45.178093,9.940032,-2.838742,-13.736279,30.327065
2025-01-15 23:00:00,0.0,-19.901308,23.352564,4.7222857,-28.34953,2.7060683,-2.1285777,-5.0504937,-4.6732407
2025-01-16 00:00:00,0.0,-42.065178,31.882597,2.7341568,9.016805,2.5789294,-1.5459064,-0.16134673,-15.777112
2025-01-16 03:00:00,0.0,-35.11963,-2.1612844,1.7700007,1.2550789,11.913641,-1.4370815,-1.9771824,-9.509452
2025-01-16 05:00:00,0.0,234.67578,130.94078,-4.5238466,10.780711,5.834339,0.60342073,3.0418596,40.735306
2025-01-16 05:00:00,0.0,-64.686005,27.65866,-0.4146042,1.6252571,3.44658,-1.3719857,-1.0513486,-15.90588
2025-01-16 06:00:00,0.0,-16.113441,-116.762024,0.38576332,4.911277,-2.5785403,-2.1867428,0.22887214,-5.857202
2025-01-16 07:00:00,0.0,-33.655758,-126.1512,1.6409881,6.1472034,3.7662327,-3.112233,0.16464986,14.478162
2025-01-16 09:00:00,0.0,-93.16481,56.92928,-2.1405287,16.241703,13.226127,-2.3447957,4.3035417,-19.56075
2025-01-16 11:00:00,0.0,-0.40914896,103.38485,0.7477773,-7.320469,3.1045952,-1.2745347,3.725126,-10.250597
2025-01-16 15:00:00,0.0,24.571869,-153.0992,0.633858,7.153977,-1.9459734,0.46363944,0.40617108,-2.6929722
2025-01-16 17:00:00,0.0,-24.232828,63.376167,8.387408,-9.788969,13.494421,2.4819286,0.932412,-2.4926598
2025-01-16 18:00:00,0.0,-8.38556,-108.22714,2.781016,-17.585651,1.5757034,-1.3877603,-2.1996698,-0.2988949
2025-01-16 19:00:00,0.0,-81.15282,89.26892,-13.704134,-9.060578,-6.3015943,-0.97396237,2.3452027,-6.398709
2025-01-16 19:00:00,0.0,-0.81669736,-46.006542,2.0175385,-26.022202,13.567709,-1.8739765,-1.2208718,-6.9704185
2025-01-16 22:00:00,0.0,-30.29748,-27.283834,-0.198153,-13.804722,-7.5430903,-4.0360527,0.5637621,-1.5121799
2025-01-16 23:00:00,0.0,-6.641096,-104.85701,0.025927855,9.2870865,-2.046185,-1.8849465,0.23171902,1.2476656
2025-01-17 01:00:00,0.0,39.39553,-19.516373,16.131395,6.9831614,24.108204,10.910056,0.7186624,-1.279586
2025-01-17 04:00:00,0.0,5.8964367,-88.872,1.4435785,-5.1674213,2.1023672,-0.4144059,1.033455,-5.2367187
2025-01-17 05:00:00,0.0,-9.198925,67.57341,-5.7598076,-1.8570335,-19.807499,-8.949426,0.3060576,-14.780591
2025-01-17 09:00:00,0.0,-21.178398,-104.79047,-1.2585266,4.443015,-10.328542,-4.8723636,-0.06662876,-6.378854
2025-01-17 11:00:00,0.0,202.02434,156.41446,1.2813907,10.195061,-29.781218,-14.290133,-0.48094836,32.682182
2025-01-17 13:00:00,0.0,-62.66585,45.533154,0.57460517,2.1925945,8.851961,-2.6530259,0.63139755,36.013824
2025-01-17 20:00:00,0.0,-60.392097,38.360733,-5.520315,-2.0483608,-31.852606,-5.8162885,0.83977014,28.547064
2025-01-17 21:00:00,0.0,-39.550354,-57.633415,0.18249546,-21.263836,-1.1198114,-1.1791987,0.2115662,17.851946
2025-01-17 23:00:00,0.0,-105.0969,42.309063,-2.921448,21.195652,-2.5719378,-4.493235,3.5296102,43.148388
2025-01-18 02:00:00,0.0,-24.753626,-114.19864,1.4661713,2.538895,4.594549,-0.7521359,0.3833986,-6.098544
2025-01-18 03:00:00,0.0,-3.8493278,-38.5081,1.4409711,8.43516,7.289351,-1.6872782,0.44444165,-9.174826
2025-01-18 03:00:00,0.0,-52.043854,-20.355738,-0.97296935,-19.40872,-17.469782,-3.0529473,-8.058681,-1.349173
2025-01-18 03:00:00,0.0,-54.34445,36.554787,-2.2223678,12.299824,-15.29799,-8.444633,0.8863663,-16.643147
2025-01-18 05:00:00,0.0,-56.827316,68.13487,1.1113237,-1.4524581,-2.9048395,-3.8636854,-2.395323,-1.5471501
2025-01-18 08:00:00,0.0,-52.493546,-12.366648,2.5533586,-59.256134,-16.039227,-7.1458726,-8.768551,21.094309
2025-01-18 12:00:00,0.0,72.67527,91.7815,-8.995867,7.674583,-16.188068,0.088206366,-1.058678,-0.37116152
2025-01-18 12:00:00,0.0,-51.66613,37.21014,2.0633268,-11.896578,9.654161,-1.87322,0.7793216,-15.735814
2025-01-18 14:00:00,0.0,160.71588,-44.92903,7.326543,17.155575,30.7307,4.0286303,0.7342429,25.090069
2025-01-18 14:00:00,0.0,192.397,140.50357,-4.8132915,-34.135277,-35.360798,-18.096584,4.696064,34.930416
2025-01-18 22:00:00,0.0,-21.050169,-108.43656,3.3055646,-7.96557,0.73704314,0.49204335,0.244184,-5.4491825
2025-01-19 02:00:00,0.0,-18.345034,60.75388,0.88626987,16.047808,-4.5490007,-4.316299,1.1825559,-10.325926
2025-01-19 05:00:00,0.0,129.97331,98.301094,-5.490121,-15.821321,-27.97842,-8.7902975,-3.6108878,11.0105295
2025-01-19 05:00:00,0.0,-1.2024707,-123.36373,-2.0524187,3.8147123,-10.513784,-0.42889065,0.4792069,-6.1420655
2025-01-19 06:00:00,0.0,236.11755,147.19417,-0.0803703,14.741507,9.608846,-0.38842338,-0.99589616,38.72279
2025-01-19 06:00:00,0.0,234.17386,113.755035,3.442902,21.09303,7.875397,5.3421564,-1.7846059,38.462223
2025-01-19 07:00:00,0.0,94.80689,191.43445,1.4783628,21.30116,7.252865,0.12912737,4.6378293,1.5916557
2025-01-19 14:00:00,0.0,-39.67366,-34.227913,3.2411804,-11.3064995,-3.5728726,-0.50703967,0.68903923,-9.778201
2025-01-19 14:00:00,0.0,89.36302,-188.03403,-1.7908012,9.724033,-24.807217,-10.884881,-0.36665356,17.350452
2025-01-19 15:00:00,0.0,-108.43686,45.194862,12.291777,27.225727,13.90522,4.096441,3.8223343,45.38276
2025-01-19 17:00:00,0.0,-71.76893,47.510975,-12.558149,12.080866,-7.0847816,-3.3607416,2.4459333,39.081966
2025-01-19 17:00:00,0.0,-60.488403,117.04644,3.693537,-1.9813981,-12.718536,-6.897401,2.7720494,0.7449211
2025-01-19 20:00:00,0.0,-12.589048,-59.04251,-0.6922558,-29.671618,2.6489522,-0.18283685,-3.0877128,-2.6302497
2025-01-19 22:00:00,0.0,-12.170952,-73.32915,-1.4757254,8.51872,-17.062092,-7.1660333,0.61059266,-6.320503
2025-01-19 23:00:00,0.0,-5.9900246,-100.443504,1.054229,0.8581479,5.822585,-0.6038795,-1.2223812,-0.057186987
2025-01-20 00:00:00,0.0,62.3194,127.092415,0.7476077,39.195015,4.7253075,-3.0297258,10.6662,-10.889053
2025-01-20 00:00:00,0.0,-75.667595,53.97715,-0.5274657,12.64995,-5.323843,-5.6552153,2.9000854,41.807285
2025-01-20 02:00:00,0.0,209.71132,93.80409,-11.533708,-2.4320896,-31.957943,-3.9033158,-0.5194058,30.802137
2025-01-20 02:00:00,0.0,-16.470598,-40.35001,1.4697505,6.7909346,12.687527,-1.4955332,0.29774508,-7.1872554
2025-01-20 03:00:00,0.0,-4.2700806,94.4642,-0.16255437,16.62776,-13.726522,-3.647209,2.8608043,-2.7138786
2025-01-20 03:00:00,0.0,23.165602,-103.90336,-10.594443,-28.854357,13.0803795,-0.8329087,-0.17836373,-1.5022693
2025-01-20 04:00:00,0.0,-34.9052,-112.17835,-3.990478,5.8384438,-3.5135148,-3.218082,-0.056722738,15.128655
2025-01-20 08:00:00,0.0,-40.7242,-20.698648,3.7117577,-43.644882,2.1937983,-0.9837439,-8.001736,-7.6729145
2025-01-20 09:00:00,0.0,-21.578146,113.65487,2.7790024,-36.543224,1.4674942,-1.3203049,-13.317668,-15.0770445
2025-01-20 10:00:00,0.0,122.6484,-120.56159,9.47217,12.399669,-13.210508,1.0583234,0.7991602,18.507393
2025-01-20 11:00:00,0.0,83.50657,122.05755,5.226285,-5.370851,2.7027087,-0.97233224,2.3575242,0.829823
2025-01-20 11:00:00,0.0,-24.446867,-90.73303,-1.1948707,-8.965404,2.69503,-1.0781528,-3.9763405,-7.2788944
2025-01-20 14:00:00,0.0,-41.579403,38.186478,-1.6815515,0.18051946,4.537389,-0.9261741,0.50292623,-16.04756
2025-01-20 14:00:00,0.0,-32.89797,17.777124,-24.463121,-4.09958,-19.111694,-0.1934473,2.5408385,-13.462375
2025-01-20 17:00:00,0.0,-9.005151,-13.088467,9.635687,-14.795649,11.1678295,0.41582397,1.1440009,-2.8509147
2025-01-20 18:00:00,0.0,-21.491236,-98.3657,-0.14818308,7.2258744,4.546123,0.13414651,1.6009706,-8.409391
2025-01-20 19:00:00,0.0,-17.963314,-68.78258,-7.1135387,-10.121493,-13.678932,-6.6989303,0.06939433,-5.0029387
2025-01-20 21:00:00,0.0,217.61131,97.1915,-4.8816185,10.858688,7.6960673,0.2605852,-1.2637955,36.820126
2025-01-21 00:00:00,0.0,23.556494,-151.20506,-0.83452255,-10.795787,7.9497437,-0.3090944,0.17238764,-2.126203
2025-01-21 01:00:00,0.0,-6.576765,102.789375,-0.2575136,12.633175,-4.405349,-5.241223,3.7122936,-10.920824
2025-01-21 02:00:00,0.0,-20.357658,-110.70459,0.013091269,4.5106606,-11.6913595,-5.996838,0.21481718,-5.809745
2025-01-21 03:00:00,0.0,-19.490171,-90.999214,2.6221387,-7.879091,-9.13786,-2.88526,-0.29954895,-5.4300575
2025-01-21 04:00:00,0.0,-1.6338785,158.66109,1.9546916,20.603241,1.6334925,-2.4897628,3.7850878,0.42702794
2025-01-21 04:00:00,0.0,-20.027437,-114.94064,1.1935755,2.9432073,-1.9299674,-1.1928349,0.35621375,-6.169719
2025-01-21 05:00:00,0.0,-57.43474,-49.300255,-2.3196447,13.788712,1.3225688,-3.240535,1.7780331,-4.753167
2025-01-21 06:00:00,0.0,-33.283314,-117.84148,-5.0205503,6.992771,-2.171812,-0.6041498,-0.069535874,15.013037
2025-01-21 07:00:00,0.0,-4.3888087,-104.5853,-0.14932567,5.4481654,6.47807,0.47451288,0.30834207,1.9556038
2025-01-21 07:00:00,0.0,-17.854498,120.30356,1.9719406,-41.675987,-5.738002,-5.152182,-14.023924,-14.484105
2025-01-21 10:00:00,0.0,-56.918407,64.51457,-0.6876414,-15.370046,-0.30341515,0.30930504,-2.3506489,-14.872379
2025-01-21 14:00:00,0.0,-57.83563,25.133406,-6.222662,8.732454,3.1263127,-2.5820026,0.6422649,-15.443251
2025-01-21 15:00:00,0.0,110.66027,-165.29999,5.1526556,7.1726327,4.932329,1.9045649,0.7818352,16.745079
2025-01-21 20:00:00,0.0,43.841927,2.9298663,-2.6577182,-28.377245,-7.7987866,-0.688792,-2.6023104,1.5121766
2025-01-21 20:00:00,0.0,-28.080914,-28.939737,-0.27108258,3.449309,-5.823201,-1.0770768,0.78411156,-8.78083
2025-01-21 20:00:00,0.0,-15.023407,-59.593613,-0.15770856,-28.660799,-2.6887221,-1.6884075,-3.0725088,-2.3951178
2025-01-21 21:00:00,0.0,-25.635868,-109.460106,-0.98792225,6.232182,7.0872455,-0.2662185,-0.09781209,-6.2958436
2025-01-22 01:00:00,0.0,-7.3975306,-29.193117,-3.1449995,7.711992,-8.313133,0.16482541,0.2731795,-9.447688
2025-01-22 03:00:00,0.0,-72.58309,90.50829,-3.5420277,-8.894756,-2.4244006,-2.2352674,-5.753708,29.49204
2025-01-22 03:00:00,0.0,-28.648916,-93.076454,-0.7026205,-4.9217973,6.761867,0.0015388622,-2.0161138,-7.244145
2025-01-22 04:00:00,0.0,152.64493,-48.344963,-37.17933,-2.5022476,-19.99331,4.376274,5.573413,23.566933
2025-01-22 05:00:00,0.0,-36.787575,-41.87986,-3.4612103,-13.164756,4.681801,0.15398645,0.66614014,-8.510786
2025-01-22 06:00:00,0.0,-14.951653,-114.9414,2.2414677,3.1274028,-12.709782,-4.4287324,0.19849536,-5.9342384
2025-01-22 09:00:00,0.0,-22.607233,-82.348656,-0.8632822,-14.065571,-2.7737646,-2.3816586,-2.2076674,-6.7341976
2025-01-22 09:00:00,0.0,-20.481228,-40.690712,-3.5690084,-27.346233,-8.074415,-6.041253,-0.6269417,-2.3424811
2025-01-22 11:00:00,0.0,220.66872,147.02628,1.4451562,14.095766,-33.58955,-18.590654,4.6655293,37.727
2025-01-22 13:00:00,0.0,-80.397026,94.24141,-4.124172,15.333698,2.2391849,-1.8584161,2.3910773,-6.1829467
2025-01-22 14:00:00,0.0,2.9026182,-107.418915,2.2223685,-0.12132221,1.844416,-0.5743857,0.69232804,-5.7093754
2025-01-22 15:00:00,0.0,-24.370224,109.601364,-2.2251873,12.79999,-15.27116,-11.011894,2.5746915,-8.918134
2025-01-22 16:00:00,0.0,94.48264,213.93481,1.6678139,46.351604,13.379999,-0.9544477,14.184842,-9.703151
2025-01-22 17:00:00,0.0,-6.496469,-35.631332,4.1981697,-14.63944,-2.5638065,-1.3402197,0.54565245,-9.747148
2025-01-22 17:00:00,0.0,-31.110355,-24.826517,3.6279283,16.03641,-4.1737995,-1.1909935,-0.5113014,22.166975
2025-01-22 22:00:00,0.0,-77.24462,99.018524,2.7603436,8.366698,9.970552,-2.3282425,2.5693157,15.198002
2025-01-22 23:00:00,0.0,-24.1338,-92.07842,7.6131496,-10.775107,12.215154,2.9734025,-0.88537824,-5.164287
2025-01-22 23:00:00,0.0,-20.689648,-111.242516,-0.39211622,-9.187584,3.1360004,-0.29886988,0.4058559,-5.3146772
2025-01-23 02:00:00,0.0,-36.17956,-51.769268,0.35194308,17.43995,-4.8197665,-2.506755,0.58546877,-7.8355165
2025-01-23 03:00:00,0.0,-58.59264,63.418114,-1.212729,-11.148048,-10.488477,-6.1554384,-1.9396622,-16.191324
2025-01-23 04:00:00,0.0,-25.213306,-43.259644,-0.5360424,5.8469267,0.7347262,0.8106565,0.10229878,-3.0062964
2025-01-23 04:00:00,0.0,-9.873386,47.360683,-0.4743518,-13.997959,7.3905306,-2.3224986,-0.06340212,-15.74629
2025-01-23 09:00:00,0.0,4.2966948,167.28047,1.2323931,11.520072,7.6582446,-2.51214,5.3324895,-7.803445
2025-01-23 11:00:00,0.0,8.214806,-27.626593,1.4524281,-1.2785382,-3.2884195,-4.053429,4.1571226,-13.100829
2025-01-23 11:00:00,0.0,-79.1916,94.81683,-0.03589635,20.214197,10.629357,-1.7261556,2.18119,-7.1608524
2025-01-23 13:00:00,0.0,215.69751,115.10112,17.214678,-8.493517,-26.85054,-0.75125176,4.191086,33.68148
2025-01-23 14:00:00,0.0,13.279845,183.70271,0.85051256,26.047508,2.5879414,-1.0853719,5.3925953,-6.6278863
2025-01-23 14:00:00,0.0,-113.417404,47.66845,-5.8177323,20.563705,-4.03435,-6.360871,3.2010908,-9.487347
2025-01-23 15:00:00,0.0,-18.428268,-118.10846,-0.54442734,5.6110106,3.862842,0.28152493,0.43978202,-6.1654706
2025-01-23 16:00:00,0.0,24.143414,-133.29999,0.6951711,-9.0047655,-2.7581222,-1.1554284,-0.87564474,-1.2176715
2025-01-23 18:00:00,0.0,-83.03763,103.70721,0.68585765,11.7650795,-1.7282696,-3.7769487,2.0948985,14.936681
2025-01-23 20:00:00,0.0,30.489954,-132.46425,-4.740328,-2.8500657,-15.615914,-2.8553524,-3.0102563,-3.8813057
2025-01-23 22:00:00,0.0,1.9052452,33.203884,-3.7024336,7.525968,7.01913,-2.6066246,0.12326412,-14.887132
2025-01-23 22:00:00,0.0,205.34615,162.60873,5.155177,12.764093,-37.690834,-19.050186,-0.48039627,31.62328
2025-01-24 00:00:00,0.0,-33.56113,-104.4476,1.4016931,7.110415,-2.7716937,-1.8575867,-0.4993149,15.15662
2025-01-24 01:00:00,0.0,-24.920511,-103.302376,3.842987,-12.267385,4.1063824,-0.1206737,-0.0060554,-1.8414872
2025-01-24 02:00:00,0.0,-72.21435,107.04031,-2.0361853,9.823713,-2.506677,-4.1154065,2.6604462,9.082458
2025-01-24 03:00:00,0.0,-53.210316,49.46427,2.6632876,-19.156416,-19.721264,-10.438673,-2.2757847,-17.074553
2025-01-24 04:00:00,0.0,-37.107395,-118.92149,-2.3581624,2.5078893,4.328193,-1.2146546,0.41328645,14.634704
2025-01-24 06:00:00,0.0,-16.983788,-48.365887,0.99100447,11.125861,-7.6419907,-3.6540809,0.5034938,-6.584393
2025-01-24 09:00:00,0.0,-62.044125,23.284996,-12.788236,-17.073032,-21.771824,-4.005028,-0.6745231,-14.608515
2025-01-24 12:00:00,0.0,-32.410767,-8.044724,-1.6597105,2.3636885,4.148047,-0.4285174,-2.060806,-10.023722
2025-01-24 14:00:00,0.0,-55.185707,72.3638,-6.2537584,-17.371218,1.6810359,-2.763166,-2.3647523,2.3644705
2025-01-24 17:00:00,0.0,38.927494,-24.940474,2.0832806,3.0414543,-9.845738,-1.0933169,-2.4017708,-1.2487957
2025-01-24 19:00:00,0.0,-48.77997,32.1209,1.5217084,7.961772,7.734601,-1.6679732,0.85754275,-15.78737
2025-01-25 01:00:00,0.0,-30.26754,-107.94705,2.6607764,-8.07862,-9.9565325,-1.4718332,-0.112966806,13.358842
2025-01-25 01:00:00,0.0,-63.628185,60.963097,-1.6232454,-14.01519,11.697389,-1.3851709,1.3984096,-12.975337
2025-01-25 04:00:00,0.0,26.286167,-133.61818,-0.30576384,8.960888,-1.94087,-0.7897095,1.1809936,-6.3610415
2025-01-25 07:00:00,0.0,101.788086,137.89957,-5.3045325,-8.767881,-10.012513,-4.7144,-5.600792,-2.284017
2025-01-25 09:00:00,0.0,-23.24616,-94.8541,-1.7934599,6.538143,-3.3990576,-2.8759198,-0.37755558,-2.885814
2025-01-25 10:00:00,0.0,4.5365887,-43.19293,-16.904531,15.840685,-37.223442,-1.2334176,2.3332696,-11.141962
2025-01-25 11:00:00,0.0,83.77198,115.49053,0.51690716,10.440782,4.031337,-0.6863602,2.404252,-1.3851188
2025-01-25 11:00:00,0.0,93.744896,187.84691,-13.775992,20.363749,-4.3331943,2.341656,5.150347,2.3114145
2025-01-25 12:00:00,0.0,237.4346,165.47215,1.8602091,11.851969,1.8609117,-1.7189116,4.040081,40.52137
2025-01-25 12:00:00,0.0,-63.53836,61.30857,-4.4307,-33.827915,1.7562183,-1.2455245,-4.6343913,28.751352
2025-01-25 13:00:00,0.0,-15.312624,-115.80661,-0.046764728,3.193049,-4.3201036,-1.6519141,-0.08263832,-6.169931
2025-01-25 16:00:00,0.0,-36.392445,1.9229047,2.3124993,-19.527046,4.1538243,-1.8293747,-1.5377517,-0.9389641
2025-01-25 16:00:00,0.0,-28.2035,86.740616,-5.5514755,2.924772,-31.733639,-2.884083,3.784724,-10.916093
2025-01-25 18:00:00,0.0,-22.269787,-84.62248,2.4173033,-7.614372,5.432466,0.51514417,-0.019779935,-5.1034675
2025-01-25 19:00:00,0.0,-20.975798,-9.705555,-0.80134535,2.974477,5.69684,-1.6276246,-1.4239532,-10.041269
2025-01-25 20:00:00,0.0,-18.243225,156.70879,-1.7435784,15.673518,-11.708587,-9.422835,5.909636,-8.768812
2025-01-25 23:00:00,0.0,-42.642796,-48.027615,0.48310333,-3.1722085,4.0530753,-0.25561494,1.9025717,-12.246868
2025-01-26 02:00:00,0.0,-29.289719,-40.90276,0.33701718,8.917356,12.196928,-0.70994955,-0.05185221,-3.5711846
2025-01-26 04:00:00,0.0,-27.123825,-22.486053,1.3036219,7.064741,-3.756436,-0.9147819,-1.3586931,-8.080878
2025-01-26 04:00:00,0.0,3.612896,-13.11994,2.259695,15.574935,2.5514305,-3.261928,2.915456,1.9677737
2025-01-26 05:00:00,0.0,-7.8247657,-81.20504,-0.23219351,-7.270536,1.04722,-0.8849817,1.1681098,-0.8282915
2025-01-26 06:00:00,0.0,-43.905045,9.645914,1.1641797,0.54697037,-2.15841,-1.8872268,-2.220808,-12.6259
2025-01-26 07:00:00,0.0,-12.030585,83.99401,3.8387468,9.059119,8.6376295,2.6066637,2.854704,-3.4704156
2025-01-26 07:00:00,0.0,8.555734,-24.711311,4.6595397,-1.3047242,15.815508,-0.18391997,4.723418,-13.875736
2025-01-26 09:00:00,0.0,3.234225,-87.660286,0.3232174,10.509195,-12.625638,-2.939456,1.6798786,5.774277
2025-01-26 16:00:00,0.0,64.744225,87.34057,2.1544344,-22.847145,-4.529202,-2.5311081,-0.98145825,-0.23928484
2025-01-26 17:00:00,0.0,-56.452515,41.562916,-3.8869011,7.164501,8.886222,-1.7256105,0.8988038,-15.712729
2025-01-26 18:00:00,0.0,-34.789303,-123.239494,0.4247254,6.3639145,-2.7445197,-2.9434378,0.21504425,14.478573
2025-01-26 18:00:00,0.0,-24.076538,51.04168,-3.3109365,1.0330796,1.8087807,-1.1844183,-0.119590074,-7.3073125
2025-01-26 18:00:00,0.0,-14.18877,-106.92149,-2.1867814,2.0493774,-15.49806,-7.42984,-0.104988076,-6.234384
2025-01-26 19:00:00,0.0,98.27187,210.40927,-2.2873971,49.462082,-4.392075,-10.761711,14.264348,-9.671865
2025-01-26 20:00:00,0.0,70.06646,88.97042,2.9172344,2.0415022,-6.6381435,-1.9143859,-0.98074794,-1.7888837
2025-01-26 23:00:00,0.0,-8.175809,-23.199387,7.9085107,0.041574582,-0.3187326,-0.5821528,0.30032763,-10.313571
2025-01-26 23:00:00,0.0,-45.45542,64.72487,5.3357944,12.391104,-4.3261323,-3.269529,1.3322371,-16.211971
2025-01-27 04:00:00,0.0,107.576004,-119.13951,-11.461887,2.956742,-21.653093,-7.065141,0.7027922,18.548286
2025-01-27 05:00:00,0.0,-8.710685,116.26479,-6.2590184,-44.70844,-9.863902,-2.7584493,-10.856179,-12.994437
2025-01-27 05:00:00,0.0,2.3770752,-112.49109,3.3190422,-10.89536,4.3069696,-1.1496255,-0.69044137,-5.3147817
2025-01-27 07:00:00,0.0,-29.186243,-65.14109,-1.1506144,-25.239094,-5.788551,-4.18709,-0.48873338,13.80854
2025-01-27 08:00:00,0.0,-58.669403,89.13094,-2.1821811,13.341772,4.1019187,-4.6256146,1.7262492,-3.585083
2025-01-27 08:00:00,0.0,-79.26723,16.812899,-3.107796,11.819384,4.522583,-2.6456504,1.7790554,-13.723299
2025-01-27 08:00:00,0.0,-82.17945,78.46907,-2.475645,15.65406,-17.762636,-4.4309583,1.3240334,31.187887
2025-01-27 10:00:00,0.0,237.55658,162.13914,-4.676188,9.414941,4.9733486,0.61459374,3.9950705,40.422745
2025-01-27 10:00:00,0.0,-45.124454,63.43693,-0.075703904,8.227857,3.6059957,-1.6978287,1.3511486,-16.098429
2025-01-27 11:00:00,0.0,89.29718,140.85011,6.1268644,-19.498083,4.7631874,-0.4827332,2.135791,-2.6379616
2025-01-27 12:00:00,0.0,-49.182243,-6.190552,-2.018009,10.167141,6.9940443,-1.8258753,0.91602,-12.466556
2025-01-27 13:00:00,0.0,100.4379,-149.29126,-2.6014903,-37.938496,5.9074326,2.2233531,-2.0394635,15.4989605
2025-01-27 13:00:00,0.0,227.29462,107.36023,10.133958,19.253447,-1.8949645,-0.35401148,-1.2179508,38.43181
2025-01-27 15:00:00,0.0,-58.868008,59.736702,1.0696932,1.6333299,4.270093,-1.347435,-1.8083991,-16.89641
2025-01-27 16:00:00,0.0,1.8799433,-131.47154,1.3807453,2.263251,0.19677027,-0.45319226,0.11240949,-5.829997
2025-01-27 16:00:00,0.0,118.25113,-70.51222,-1.350989,11.176718,-52.171314,-19.823225,1.0086943,22.655514
2025-01-27 17:00:00,0.0,-31.289217,-20.873371,0.40922096,10.130912,3.392451,0.40147445,0.68762374,-9.009504
2025-01-27 18:00:00,0.0,39.4338,-30.174921,1.5143521,11.6519,-12.7777405,0.5650275,0.97487724,-1.5752563
2025-01-27 19:00:00,0.0,-31.133553,-41.93671,-2.8654351,-22.525976,5.117836,0.1895144,-0.71615565,-6.919757
2025-01-27 23:00:00,0.0,15.884047,60.723446,-3.8585913,0.6120535,-34.081932,-10.657602,3.446063,-10.653214
2025-01-28 04:00:00,0.0,-0.08061455,140.30588,-13.964018,19.790703,-30.486423,-0.83011585,2.675068,-0.33465958
2025-01-28 05:00:00,0.0,-2.0385373,42.422596,-4.2182236,5.5301757,-16.10257,-2.0227919,-0.17085093,-15.622882
2025-01-28 07:00:00,0.0,136.03119,60.24612,-2.185991,5.8650417,-30.149971,-9.693868,0.14619064,20.27035
2025-01-28 09:00:00,0.0,238.28027,171.68343,25.999815,11.847934,29.525557,16.26165,2.782197,34.494453
2025-01-28 12:00:00,0.0,-34.214325,-101.75042,-1.6416217,6.1177626,7.3760166,-1.1352147,0.7791024,-5.3773794
2025-01-28 12:00:00,0.0,-1.1820179,-89.00235,-0.8851545,10.885075,0.29343137,-0.45191514,1.731526,6.2761416
2025-01-28 13:00:00,0.0,-12.315485,84.23396,-1.822468,-23.784973,0.15490803,-2.8946984,-2.5861394,-13.176468
2025-01-28 14:00:00,0.0,-75.411255,93.05116,3.3064191,-6.1861477,4.274064,-1.3826234,2.2882574,-9.017886
2025-01-28 17:00:00,0.0,95.539345,184.95033,1.5717372,16.47822,-1.0565243,-1.7052584,4.4243965,0.30434415
2025-01-28 17:00:00,0.0,-51.645447,63.189064,4.988569,10.222334,-1.0582899,-3.320452,0.9569356,-1.4988117
2025-01-28 18:00:00,0.0,-22.686888,-88.37993,2.9914474,-9.453665,-1.4351968,-1.5467803,-0.9031948,-5.397274
2025-01-28 20:00:00,0.0,-45.201828,18.68238,1.57649,10.14602,-4.5214105,-2.8236198,1.1784436,26.760386
2025-01-28 22:00:00,0.0,-2.4624398,-115.36324,-3.7666717,10.867786,4.8137183,0.20470797,0.68915826,1.7115237
2025-01-28 22:00:00,0.0,-5.4255047,115.80079,9.099365,-40.0559,9.690086,-2.0772147,-10.222253,-3.0017726
2025-01-29 00:00:00,0.0,-64.72194,30.606855,0.63173777,10.797007,-2.907438,-5.994596,2.2423165,-6.912285
2025-01-29 03:00:00,0.0,-36.6132,81.07988,3.3150263,-8.415527,-11.612508,-5.597891,2.9959497,-1.5340815
2025-01-29 03:00:00,0.0,-22.115423,-86.041504,-1.0488856,-10.074051,0.2620893,0.31368035,-0.8654914,-4.8467937
2025-01-29 08:00:00,0.0,-24.542253,-104.764366,0.86613923,-1.7477946,3.6221461,-1.8215762,-0.96683115,-2.080195
2025-01-29 12:00:00,0.0,-24.1594,-111.478775,1.472169,1.9278278,-0.2788672,-0.38127446,-0.025185317,-6.1106534
2025-01-29 13:00:00,0.0,-14.885156,-21.96886,-4.1973658,-10.456393,-26.192282,-1.5816348,1.3721422,-2.1686764
2025-01-29 14:00:00,0.0,-17.472322,28.888828,0.49350858,7.8649683,-15.118674,-5.1997256,0.08472136,-8.431933
2025-01-29 15:00:00,0.0,-34.930252,18.54347,-1.406874,13.9839945,2.6645763,1.1445662,1.7611852,-12.542375
2025-01-29 15:00:00,0.0,-26.52743,-33.817616,0.069724485,17.50016,3.2769325,-1.9203871,-0.066933855,-3.9185402
2025-01-29 15:00:00,0.0,4.4747024,-108.14705,-1.127249,6.098521,6.9658422,-1.2592582,1.7384008,-8.0070715
2025-01-29 15:00:00,0.0,-7.929729,70.260704,1.7845138,2.4370291,6.7110734,-2.8153846,0.26301235,-16.8068
2025-01-29 17:00:00,0.0,-13.5278635,17.285599,-0.8653231,-84.96489,-0.50382286,0.4528723,-27.295221,-7.0626073
2025-01-29 18:00:00,0.0,6.0330195,-11.065062,6.5245404,11.092182,-18.194838,-1.2113482,3.0910141,1.8873601
2025-01-29 20:00:00,0.0,-6.3603926,-25.8593,-2.0437536,12.432554,1.8106385,-2.5696616,0.5316047,-10.301886
2025-01-30 00:00:00,0.0,23.024717,72.375084,0.17559527,9.725294,10.575547,-3.2232177,4.1459074,-13.466553
2025-01-30 02:00:00,0.0,-45.38737,104.636955,1.1848958,-44.00672,-0.31355354,0.52101094,-16.507406,-13.904681
2025-01-30 03:00:00,0.0,-27.488909,-86.120514,-2.6251762,0.7959877,3.9438858,1.7368375,0.38654748,-6.313669
2025-01-30 03:00:00,0.0,2.1944966,-89.110695,1.9251573,6.868596,3.7831376,-1.46068,0.5038403,-6.1787868
2025-01-30 04:00:00,0.0,5.488541,-101.25054,2.2031667,-9.103491,2.4908454,-2.258463,-0.31189567,-4.690269
2025-01-30 05:00:00,0.0,153.19151,-66.98272,-5.3791294,21.787958,11.70247,7.529055,0.89345294,23.183538
2025-01-30 09:00:00,0.0,-1.1356516,111.24309,1.5610968,19.089558,0.94089204,-1.5383478,3.798119,-10.211754
2025-01-30 09:00:00,0.0,-17.10244,37.96268,-0.94464296,7.258842,-12.9305,-5.4442797,-0.35627767,-8.000154
2025-01-30 10:00:00,0.0,-28.609453,-97.809135,0.9601588,-9.733931,-3.7509158,-2.690837,-0.57031286,11.648651
2025-01-30 14:00:00,0.0,-16.332348,-99.85255,1.6500821,-11.252792,4.8203897,-1.2426627,-0.9821084,-5.5684595
2025-01-30 16:00:00,0.0,-30.388601,14.282146,-1.2041689,-24.217722,-6.174104,-3.6082482,-4.362762,-11.791245
2025-01-30 18:00:00,0.0,-15.063721,-101.951775,1.5840272,6.642398,-0.73731196,1.2165961,-0.40028834,-6.029638
2025-01-30 20:00:00,0.0,211.30504,132.88484,-12.565246,17.191435,-16.239117,-6.507303,-1.620528,40.32239
2025-01-30 21:00:00,0.0,-56.666695,69.24282,-1.7809916,-14.640928,-13.636239,-7.1556406,-2.958598,-16.203613
2025-01-30 22:00:00,0.0,-24.131132,16.96343,2.107172,-25.96518,8.14957,-1.0559303,-3.696231,-11.397135
2025-01-30 23:00:00,0.0,-13.210649,101.04871,1.9989542,4.8617945,-1.8726383,-1.7613425,1.6221713,-3.76617
2025-01-31 00:00:00,0.0,-22.32601,-115.852165,-8.4425,4.441778,-4.7418213,0.14500983,0.15857509,-6.269438
2025-01-31 00:00:00,0.0,-11.000628,84.39826,1.0783195,9.567038,-4.24919,-1.2203888,2.8041337,-3.559189
2025-01-31 01:00:00,0.0,-1.438724,44.726746,6.0405493,-9.216928,-2.4235823,-2.2282758,-0.09127694,-14.39627
2025-01-31 02:00:00,0.0,-7.647895,-47.59085,-0.8882045,-20.287994,1.7080348,-0.77096146,0.566882,-8.755719
2025-01-31 03:00:00,0.0,4.4798417,-97.9608,-5.9014544,5.047602,-17.428797,-1.2746621,1.2632426,-6.9022527
2025-01-31 04:00:00,0.0,99.808846,-208.18977,-10.757196,7.6541557,-3.1552942,3.6568208,0.30006844,16.405828
2025-01-31 05:00:00,0.0,-67.48699,66.42676,0.86664945,3.0809422,6.488072,-4.001558,1.2393988,36.9008
2025-01-31 06:00:00,0.0,-39.97738,23.945967,-1.2491833,-0.5339868,11.356244,-0.7727794,-4.040345,-12.041032
2025-01-31 07:00:00,0.0,-4.987917,-36.006847,-3.0519762,-11.013998,-5.412159,-1.2840272,1.481248,-2.120066
2025-01-31 08:00:00,0.0,-51.409313,29.650398,1.3594497,6.419863,-15.919888,-7.6060133,0.74628365,-2.42454
2025-01-31 09:00:00,0.0,-54.21681,59.617195,-16.353703,-23.579132,-17.883314,-10.941335,-2.4010396,-15.065568
2025-01-31 09:00:00,0.0,94.95106,150.4137,-0.8561123,8.141603,-2.7417583,-0.7460856,2.0590067,-3.480745
2025-01-31 11:00:00,0.0,92.68669,-134.3711,-0.109859094,14.229884,-38.2411,-18.768204,-2.0335684,18.04509
2025-01-31 13:00:00,0.0,-21.64139,75.24811,2.5174384,7.8059554,7.3952856,1.1953387,0.8706217,-12.0015955
2025-01-31 15:00:00,0.0,-18.50034,13.049232,-4.346015,-12.353413,8.530936,-1.436121,1.6034945,-11.96732
2025-01-31 15:00:00,0.0,19.163044,-135.03471,2.6436687,-14.542668,-8.576173,-2.9350665,-0.4650902,-2.7185516
2025-01-31 18:00:00,0.0,-65.57659,50.76613,1.0633378,17.034113,-7.5170193,-2.5824058,1.3551077,-10.388295
2025-01-31 19:00:00,0.0,-9.684604,71.67116,2.1187391,3.6155913,-6.7422667,-4.1400414,0.29444912,-16.896116
2025-01-31 20:00:00,0.0,267.29584,186.64592,-4.802685,50.757378,14.271467,1.8963615,15.133058,47.172714
2025-01-31 20:00:00,0.0,72.78618,223.14764,1.3568662,49.150246,14.686046,-3.092762,14.845996,-10.535226
2025-01-31 22:00:00,0.0,218.93222,129.23756,3.5677931,2.242387,0.5073696,0.115119934,-1.5899643,39.451107
2025-02-01 02:00:00,0.0,59.045605,89.63729,-3.923132,-18.727774,-6.759234,-2.1351504,3.2691383,-1.5857965
2025-02-01 06:00:00,0.0,-50.37681,17.587618,12.148845,4.3605227,18.143373,6.6483884,1.1778226,25.661345
2025-02-01 08:00:00,0.0,-62.96955,-27.395142,-2.739311,12.346746,8.33234,0.32964548,2.7993119,28.92955
2025-02-01 12:00:00,0.0,-35.06271,-62.401096,0.5984854,5.2773848,10.033188,-0.9809889,0.35009485,-7.277138
2025-02-01 13:00:00,0.0,218.27881,110.52887,-5.66299,0.49621516,-46.730755,1.3109865,1.30876,29.827114
2025-02-01 13:00:00,0.0,36.93228,39.333237,-8.50311,22.544397,-2.7434144,0.69265515,5.8067684,-14.175158
2025-02-01 14:00:00,0.0,31.170784,-63.331425,-5.110681,9.840453,-5.4826326,-2.5805068,-1.6873808,-3.1078784
2025-02-01 17:00:00,0.0,131.38924,-105.50585,1.9832419,-40.992035,-4.272386,2.1343076,-19.909143,21.568033
2025-02-01 20:00:00,0.0,-23.764507,-57.992737,1.5393559,17.718584,-4.488418,-1.430021,0.5575617,-6.939386
2025-02-01 21:00:00,0.0,-4.238501,-79.89431,-7.9676623,-27.543056,-11.16848,-4.279285,-3.1050725,-1.6568826
2025-02-01 21:00:00,0.0,-0.26782677,157.90778,-1.6439513,24.063032,0.33437067,-1.8231896,3.9351804,0.4772043
2025-02-01 23:00:00,0.0,-23.545866,-90.00857,0.80533653,2.464118,-2.4923959,-1.3412067,0.37142122,-2.290529
2025-02-01 23:00:00,0.0,37.111866,47.90652,-0.66832674,8.438243,-2.6442807,-0.9148112,1.508082,-7.236301
2025-02-01 23:00:00,0.0,-12.426564,-77.308014,-8.5682,-30.020018,12.350305,-0.89214134,-2.0105624,-1.6462258
2025-02-01 23:00:00,0.0,-37.609737,35.796127,1.2763834,17.96056,3.070908,-1.6565694,4.138135,-17.894464
2025-02-02 00:00:00,0.0,-22.628237,52.033535,-0.20566843,6.3687096,-4.382104,-0.6657792,-0.062196005,-7.267641
2025-02-02 01:00:00,0.0,-55.969574,82.78421,-11.851848,-12.2705765,-6.088453,-2.0752149,1.6843206,-2.3412302
2025-02-02 02:00:00,0.0,0.07111876,-120.858376,5.2198195,-0.28575826,-4.3332295,-0.3699249,-0.4955573,-6.0640545
2025-02-02 02:00:00,0.0,-32.05375,-118.08953,-0.7873371,8.213452,-9.892687,-5.0967345,0.050737433,14.936519
2025-02-02 03:00:00,0.0,-26.436699,-89.551765,-7.959314,-4.4790273,-13.005716,-4.4604983,-0.015551968,11.329117
2025-02-02 04:00:00,0.0,-44.49386,88.84452,1.4302249,-9.942154,7.148027,-2.3351474,2.1769245,-13.109321
2025-02-02 05:00:00,0.0,27.484674,-136.33289,5.713857,6.5604644,8.266324,2.4842808,1.1960365,-6.68367
2025-02-02 05:00:00,0.0,-37.46537,50.599617,8.338634,6.7523375,-4.5322504,-2.6363657,0.4570466,-16.499798
2025-02-02 08:00:00,0.0,-25.395222,-114.03457,1.9539132,5.769286,2.4614425,-2.0449479,0.39193872,-6.072461
2025-02-02 08:00:00,0.0,159.10384,-33.11849,-15.274252,11.639377,24.64253,-1.4593831,0.8594346,24.751892
2025-02-02 08:00:00,0.0,45.53248,7.9999485,-0.95963013,11.451564,1.8119878,0.11257681,0.97716355,-0.737017
2025-02-02 09:00:00,0.0,-21.858198,-66.635574,3.2305923,-12.691419,4.99919,-0.8555304,-0.10610535,-2.5127099
2025-02-02 10:00:00,0.0,-36.647903,-36.039165,-2.384267,24.414091,-0.19693528,-3.1329083,0.20016569,22.132042
2025-02-02 11:00:00,0.0,2.9941828,157.65723,3.3269544,2.6763594,3.1647694,1.1567727,4.0909305,2.15091
2025-02-02 13:00:00,0.0,-24.54628,-108.50827,-1.9800664,2.9974403,5.964386,-0.7795443,-0.09761286,-6.4932227
2025-02-02 13:00:00,0.0,-29.346807,-100.21078,0.16075252,-10.549294,-3.0770342,-2.0895474,-1.1051342,12.6835
2025-02-02 15:00:00,0.0,-40.878075,-44.42034,-2.8486962,10.171606,-2.3122096,-1.0024651,0.77523685,-8.896287
2025-02-02 17:00:00,0.0,-96.29095,93.59418,-7.9156437,20.399471,1.8296655,-1.9415873,5.4517903,48.025547
2025-02-02 18:00:00,0.0,-51.744854,30.118195,-4.7811484,6.5441065,-17.503927,-12.633408,0.74470097,-2.3381464
2025-02-02 22:00:00,0.0,35.709568,156.71059,4.975601,5.035252,-41.621735,-5.1097307,12.528295,-5.4944477
2025-02-03 00:00:00,0.0,-7.8418818,47.79478,-10.591001,9.414403,-4.6964064,-1.0454025,-0.30105412,-16.506983
2025-02-03 00:00:00,0.0,-53.90674,36.733,-4.9074607,-13.732884,-0.80495715,2.1251812,0.69055843,-15.608738
2025-02-03 01:00:00,0.0,-20.851368,-116.22691,-4.2269745,4.664655,2.7437747,0.121659316,0.6709421,-5.9707456
2025-02-03 03:00:00,0.0,209.15831,167.82802,-14.63154,-21.169334,-15.97075,-8.967429,4.0507402,36.728596
2025-02-03 03:00:00,0.0,64.89175,70.246216,-2.0612555,8.931298,7.306226,1.325666,-1.4534143,-1.5794742
2025-02-03 03:00:00,0.0,-53.549065,67.70658,2.4653163,2.7632961,4.584275,-3.1573026,0.8452982,-0.94574565
2025-02-03 05:00:00,0.0,172.2812,-34.091866,-15.713968,33.451443,15.302906,2.8920817,7.4588766,31.711426
2025-02-03 06:00:00,0.0,38.876606,12.378245,4.0929794,-52.94486,-4.0950522,-1.8525805,-12.945314,-6.18811
2025-02-03 06:00:00,0.0,-23.148188,-119.497894,-0.22924985,4.816905,7.3131337,-0.013860748,0.48732233,-5.919087
2025-02-03 10:00:00,0.0,76.619606,105.42784,-1.9715986,9.863844,-2.8871968,-2.1474457,0.20856866,-1.4396961
2025-02-03 12:00:00,0.0,112.161995,-119.6734,-22.414698,11.577121,7.509649,0.99208146,-1.3616377,17.457565
2025-02-03 12:00:00,0.0,-45.992554,63.479176,-2.6876953,8.363068,6.394238,-1.2542155,1.3217813,-15.869646
2025-02-03 13:00:00,0.0,-32.27827,-57.856064,-1.7336853,-14.986397,12.297855,-0.60666484,0.37774616,-6.9442983
2025-02-03 19:00:00,0.0,246.48592,183.33759,28.655361,-22.707207,36.945465,15.008899,1.1904354,35.40783
2025-02-03 21:00:00,0.0,-5.524646,-70.79141,-6.0539823,-17.713133,-19.387636,-8.978379,0.4539795,-6.652149
2025-02-03 23:00:00,0.0,224.04886,134.31563,11.686025,14.0873995,-9.98686,0.824175,-1.5979109,40.783813
2025-02-04 00:00:00,0.0,-95.31007,19.988066,4.1237416,3.3466277,12.39998,0.008542046,3.6174777,-10.412212
2025-02-04 00:00:00,0.0,-16.307978,-112.246574,-1.5436572,4.107632,-8.117832,-0.09310609,0.41523808,-6.1463175
2025-02-04 00:00:00,0.0,-32.424294,-53.17599,-6.830153,18.292187,-15.058198,-4.941265,-0.20471875,17.06274
2025-02-04 01:00:00,0.0,-40.931053,-49.621548,3.4102297,-2.16936,4.2825603,-1.1108279,1.8909231,-12.415596
2025-02-04 02:00:00,0.0,-25.149862,17.351368,1.9402022,-24.918903,4.691477,-1.7723752,-3.6593943,-11.50244
2025-02-04 03:00:00,0.0,-38.586227,17.159153,2.3586755,-31.018482,5.917755,-0.7579643,-4.171404,-12.604225
2025-02-04 04:00:00,0.0,146.25049,30.440409,-12.526925,-41.691223,22.362734,-5.4367266,-2.6822114,26.972538
2025-02-04 04:00:00,0.0,-5.1640067,103.23826,5.4448333,-20.06132,-11.075861,-3.651644,-3.9899635,-2.4982755
2025-02-04 07:00:00,0.0,19.078634,-114.010185,13.398885,1.7666969,20.713848,8.938127,0.38367003,-3.081513
2025-02-04 07:00:00,0.0,64.83998,101.43751,-2.032592,13.005118,12.747934,3.479129,3.1055782,-0.5167649
2025-02-04 08:00:00,0.0,173.78458,-28.000729,-3.4412215,26.801403,20.965536,5.868679,7.856819,33.65425
2025-02-04 08:00:00,0.0,-25.887928,-114.80439,-1.1656837,5.311001,1.5460443,-2.049396,0.25511375,-2.5756526
2025-02-04 08:00:00,0.0,-16.808687,-63.115036,-5.92599,2.835539,13.401307,-1.5118978,-2.3064535,-3.2139287
2025-02-04 09:00:00,0.0,3.6182654,-111.0948,-1.4081644,7.8368764,-3.9066532,-2.344288,-0.41895184,-6.16415
2025-02-04 10:00:00,0.0,-18.595758,-95.36901,0.95784676,7.342663,-12.595895,-5.276564,1.5709596,-8.062842
2025-02-04 10:00:00,0.0,-23.580112,-100.7883,-0.99336207,0.24994633,0.069898,-1.8768907,-0.53471553,-1.756002
2025-02-04 11:00:00,0.0,12.001633,181.93607,-3.0709121,28.601774,3.3888273,-2.1855683,5.437162,-6.757507
2025-02-04 11:00:00,0.0,-41.86735,-34.579914,-1.0189146,9.867939,-7.0836124,-2.639788,0.6757363,-9.721868
2025-02-04 12:00:00,0.0,3.5098846,-87.3227,-0.080119446,4.2071176,7.60347,-1.9340549,1.9675288,-6.1926317
2025-02-04 14:00:00,0.0,85.95884,-184.93831,2.8371994,-13.164942,-35.19367,-18.248978,-6.419359,17.96952
2025-02-04 19:00:00,0.0,-82.09801,20.924702,-3.628105,3.0701869,7.501597,-2.627267,3.770998,-12.701097
2025-02-04 22:00:00,0.0,-42.936737,-34.31165,-4.2993193,11.090302,-9.770495,-3.651604,0.8451069,-9.73236
2025-02-04 22:00:00,0.0,-34.0966,-17.410309,-1.2173675,12.273034,11.70196,-0.212224,0.75659144,-8.685957
2025-02-05 01:00:00,0.0,-62.597996,88.73323,0.9250371,-18.246393,-15.72688,-3.6541076,-4.688731,0.3223891
2025-02-05 03:00:00,0.0,-54.084858,85.58121,-23.16701,-46.175106,-8.80884,-2.432249,-10.118315,-0.40754092
2025-02-05 04:00:00,0.0,147.78413,106.492065,-12.086157,8.825537,-22.048983,0.88925505,-3.0402286,17.9451
2025-02-05 07:00:00,0.0,31.63169,84.25747,2.1276078,18.961502,5.5526714,-1.2680111,4.136642,-13.880669
2025-02-05 08:00:00,0.0,-53.08915,88.44091,0.5004551,6.5154667,-12.673621,-7.833934,1.6333499,-3.5549963
2025-02-05 14:00:00,0.0,236.46486,129.54486,5.547014,13.55999,4.615099,-0.15096615,3.1260233,39.6774
2025-02-05 16:00:00,0.0,13.506627,46.60125,5.8561497,-45.0122,9.40755,0.8088262,-10.713178,-13.555647
2025-02-05 16:00:00,0.0,110.76216,-199.38992,-2.263091,12.893043,9.958843,2.5056748,-0.28749976,17.999325
2025-02-05 17:00:00,0.0,123.228386,-120.212585,-1.1738943,12.277212,-7.7543764,0.5076546,0.77156264,18.08095
2025-02-05 17:00:00,0.0,-32.21291,-8.131226,-7.3365936,9.511237,-8.413824,-7.4435863,0.6499634,-1.4431696
2025-02-05 20:00:00,0.0,-42.962833,49.362667,1.0569742,-1.1322957,1.8131618,-2.165831,0.4731033,-16.845596
2025-02-05 22:00:00,0.0,67.4647,69.502914,0.047807105,8.158449,11.459131,-0.79848707,-1.4524467,-1.896333
2025-02-05 23:00:00,0.0,-21.436163,-89.88363,-3.3364904,-6.6085978,-2.755736,-1.4546717,-0.69113123,-0.95097226
2025-02-06 01:00:00,0.0,-42.013527,24.579226,-2.8639028,11.164161,1.2350078,-2.0130603,1.5535992,-15.124426
2025-02-06 01:00:00,0.0,-3.294036,-86.69647,-2.2038202,1.203466,-10.590556,-4.5140376,-0.7071352,-1.0182431
2025-02-06 02:00:00,0.0,-18.7854,-117.91777,-1.5751562,5.343391,2.4005547,-1.1417533,0.41469282,-6.213227
2025-02-06 03:00:00,0.0,-15.547424,85.61904,2.1402657,-1.8296926,-6.1572404,-2.5170186,0.549613,-2.2315445
2025-02-06 03:00:00,0.0,224.93652,178.8324,11.97458,-25.444706,0.027226448,1.7258139,-1.0866987,34.930763
2025-02-06 05:00:00,0.0,65.10336,102.55995,6.449243,21.02609,-7.595967,-0.84346867,3.1687665,-1.6980692
2025-02-06 05:00:00,0.0,-48.237705,-0.7260032,4.247527,-22.458897,6.7579226,-1.9401823,-1.5249208,22.177397
2025-02-06 06:00:00,0.0,-38.19651,-52.58879,-0.31984523,5.4588137,4.1408052,-2.7235494,0.117804624,17.826977
2025-02-06 07:00:00,0.0,79.00245,179.83229,-1.5454488,17.610596,7.5474305,-5.954884,14.096038,-9.404362
2025-02-06 09:00:00,0.0,-53.655643,50.335613,1.7652049,8.688344,2.0028932,-3.5155175,0.98357135,-16.687681
2025-02-06 09:00:00,0.0,23.764421,-134.46664,-4.9209237,2.168686,-2.7884333,-2.1883001,-0.31161192,-2.7859144
2025-02-06 09:00:00,0.0,88.560455,-194.12543,3.741984,-21.265362,1.0815579,1.3157276,-1.8630193,12.519213
2025-02-06 12:00:00,0.0,7.8578563,-90.62068,-7.35376,-1.4794174,-11.909179,-3.4025688,0.7501484,-4.555555
2025-02-06 14:00:00,0.0,26.212988,-150.88051,0.42460054,4.3712373,-10.240844,-2.4550009,0.071569555,-3.9747508
2025-02-06 16:00:00,0.0,-65.28302,49.825382,2.832147,14.059387,6.524949,-2.3506021,1.3109496,-10.221012
2025-02-06 17:00:00,0.0,-71.06753,54.796803,0.45074567,-4.849869,0.4194536,-3.059613,2.9100327,38.472595
2025-02-06 17:00:00,0.0,17.251822,56.678123,-2.152782,17.036976,13.974981,0.5355453,5.074069,-17.867266
2025-02-06 20:00:00,0.0,-20.196026,0.7982339,-6.4944553,-24.01885,7.7239804,-3.945954,-1.5100161,-9.734236
2025-02-06 20:00:00,0.0,-39.994286,-6.368525,3.3342974,-19.362268,11.609075,-1.6149986,-1.2717308,-9.637383
2025-02-06 21:00:00,0.0,-45.882515,63.6258,1.8262357,6.46683,7.864221,1.1673838,1.5247784,-15.517172
2025-02-06 21:00:00,0.0,-32.86399,-77.019516,-1.5770814,3.8878074,1.3293576,-1.1631534,0.22660708,15.819208
2025-02-07 03:00:00,0.0,94.47989,-194.2724,1.2033284,-2.9119184,-16.476963,2.1907957,-1.2098489,13.579101
2025-02-07 04:00:00,0.0,-16.800814,92.57705,-2.497511,-41.64324,5.9795413,-1.4630847,-5.9303813,-13.255975
2025-02-07 05:00:00,0.0,-16.93177,91.95384,3.2969248,-19.652325,7.115092,-2.309787,-6.1907167,-14.48589
2025-02-07 06:00:00,0.0,57.16571,74.44195,-7.1430483,-38.511524,4.494153,2.446106,-8.07486,0.731531
2025-02-07 09:00:00,0.0,-65.72046,122.78044,-8.159175,20.933313,-5.2205825,-8.213191,2.9815373,1.0540558
2025-02-07 09:00:00,0.0,23.569918,-103.2803,2.0532947,20.966307,-4.917255,-1.3020217,0.472351,-2.903747
2025-02-07 09:00:00,0.0,-42.54845,23.342117,-0.22360726,-10.208062,-16.868595,-9.016706,-4.3011556,-13.452577
2025-02-07 10:00:00,0.0,-92.442215,38.924946,-5.362805,15.511466,-9.706524,-0.0996979,2.6064794,-6.537878
2025-02-07 11:00:00,0.0,155.57153,110.9085,-10.150827,8.0433855,-28.570255,-0.6005497,-3.0006106,18.534933
2025-02-07 12:00:00,0.0,-45.27765,62.295307,-1.7634029,7.898228,-1.4078777,0.6713948,1.3767196,-16.197855
2025-02-07 15:00:00,0.0,25.01841,-135.78885,0.50579894,-11.264936,-2.868484,-0.8190528,-1.3748782,-1.7134562
2025-02-07 16:00:00,0.0,64.13458,67.306755,7.5850844,1.0245438,9.338334,2.4192376,-1.4761475,-1.6112559
2025-02-07 19:00:00,0.0,238.13957,97.370476,22.459167,4.1413674,35.941833,20.176506,-1.2029742,36.004307
2025-02-07 19:00:00,0.0,-13.749939,-61.237686,-5.2498865,-1.0447353,-11.185193,-2.4998596,1.2318053,-2.5867622
2025-02-07 21:00:00,0.0,65.82968,85.58336,1.119103,-21.996906,0.023467883,4.219293,-0.9157459,-0.025272802
2025-02-07 21:00:00,0.0,6.013457,-83.6419,-0.5287724,2.9226177,-14.941815,-7.4410095,1.6285614,-6.094259
2025-02-07 22:00:00,0.0,-34.45952,-106.45992,-1.0254625,-1.373793,3.9111202,0.28130385,-0.57850057,14.944381
2025-02-07 22:00:00,0.0,-24.105995,-104.66064,1.0755076,5.112964,-2.4549022,-2.5631914,-0.10255302,-6.276589
2025-02-07 23:00:00,0.0,66.929924,89.01454,15.503483,3.0678647,16.731346,8.386574,-1.0031855,-0.9919585
2025-02-08 03:00:00,0.0,-20.691093,74.48887,1.2746928,11.372431,-9.1565485,-0.7576571,0.4668113,-12.235367
2025-02-08 04:00:00,0.0,150.874,-41.9625,2.348492,8.216023,12.815002,0.13343367,-1.9915173,25.370516
2025-02-08 04:00:00,0.0,-23.347305,-106.08996,1.9360887,7.251905,1.3151798,0.11523874,-0.023505129,-6.3066792
2025-02-08 05:00:00,0.0,-56.730576,52.083523,-3.468058,1.8894737,-4.999295,-5.73852,-1.8306072,-1.457696
2025-02-08 07:00:00,0.0,-46.83424,-32.576164,6.0003905,11.854272,-10.487505,-6.3325815,2.3589096,24.72919
2025-02-08 09:00:00,0.0,-84.59816,103.5825,1.1733232,12.420537,-0.20264794,-2.867469,2.2855644,15.083757
2025-02-08 09:00:00,0.0,-12.675912,57.21259,2.226743,10.788472,-3.8282485,-2.8866704,0.1323924,-16.120249
2025-02-08 10:00:00,0.0,174.27061,3.8052895,-0.5237988,19.152166,28.830341,5.187434,1.0315057,28.292969
2025-02-08 12:00:00,0.0,-66.718765,117.49398,1.7870845,11.320652,1.5407693,-3.2322664,2.8244452,0.37069714
2025-02-08 12:00:00,0.0,35.549778,50.772633,2.6555002,22.47348,11.322044,1.426849,6.4784074,-15.515843
2025-02-08 12:00:00,0.0,-1.8803642,63.77047,1.8748901,-16.334229,-6.0058312,-6.1259255,0.12829104,-16.891434
2025-02-08 15:00:00,0.0,278.9834,248.01245,2.1939561,53.03789,3.8551934,0.091550805,16.682957,50.74437
2025-02-08 15:00:00,0.0,-35.875774,-123.36006,-1.6341802,6.730814,2.584975,-2.1508558,0.4489441,15.3475485
2025-02-08 15:00:00,0.0,173.26222,2.9648106,4.939835,-140.65067,14.294297,0.8856293,-41.17921,19.659357
2025-02-08 16:00:00,0.0,-42.90459,26.183931,1.0635517,14.170104,-6.281969,-0.47016233,1.3599674,-14.665796
2025-02-08 16:00:00,0.0,80.69591,-168.44066,-12.922705,-27.374187,5.08689,-2.2375991,-0.80638564,13.498328
2025-02-08 17:00:00,0.0,-14.242738,-98.14861,-2.3475225,-0.97377014,-6.5559487,-1.2797256,-0.31359443,-5.6410723
2025-02-08 17:00:00,0.0,89.592865,122.975655,5.34164,-3.339512,-13.975,-3.6983507,2.5502915,0.6040958
2025-02-08 18:00:00,0.0,-19.87367,-21.58429,1.4867852,-24.040693,0.3251561,-1.1209669,-1.8941653,-8.565692
2025-02-08 20:00:00,0.0,-2.7132785,110.585045,-5.17357,19.87387,2.4706862,-1.8698895,3.8147995,-9.735655
2025-02-08 20:00:00,0.0,-61.33526,-9.702199,-0.24855123,-37.31622,3.8447008,-3.934214,-9.044939,22.297077
2025-02-08 21:00:00,0.0,81.499756,101.18347,0.19551697,-8.416695,4.8983445,-0.003944287,3.6949284,-0.19883978
2025-02-08 21:00:00,0.0,-72.78813,14.497705,-2.98613,9.499437,-14.769182,-10.094158,1.7736158,-13.865268
2025-02-08 21:00:00,0.0,-18.17191,-101.0074,1.4442234,-1.8703192,4.9223695,-0.48042408,0.59795034,-5.9127684
2025-02-08 22:00:00,0.0,-16.634394,-117.51528,3.2831767,7.337939,-0.62956977,-0.65517956,-0.09970122,-6.14377
2025-02-09 00:00:00,0.0,-18.417057,-113.93235,7.369078,1.8997892,-6.6740127,-4.2419844,-0.09998541,-6.029192
2025-02-09 00:00:00,0.0,40.869087,-24.588247,-6.016805,1.2644173,-9.218252,-2.13376,-2.5122235,-1.0996668
2025-02-09 01:00:00,0.0,2.359986,-130.44907,-0.47397,6.303719,0.95956033,-1.2039405,0.12952448,-5.795093
2025-02-09 02:00:00,0.0,-0.49822244,-113.256485,1.4899538,-1.1588082,-4.837623,-2.4266093,-1.3579054,-5.865743
2025-02-09 04:00:00,0.0,-34.729008,-103.35862,1.5625776,6.059818,4.467203,-0.35290983,1.0561812,-5.259345
2025-02-09 06:00:00,0.0,-23.551891,-114.92141,1.1153203,4.2207193,-2.5461318,-2.9755158,0.42451787,-6.2404423
2025-02-09 07:00:00,0.0,-47.968544,23.176014,-9.952284,14.01354,-2.7725399,-1.3608915,0.9798695,27.406725
2025-02-09 07:00:00,0.0,-23.074732,15.779319,-2.2802813,-43.055866,2.7616916,-0.6717484,-9.057207,-7.738519
2025-02-09 10:00:00,0.0,-48.877956,64.04725,2.318551,5.8204026,4.7366824,-3.2308524,1.0300945,-1.3755419
2025-02-09 11:00:00,0.0,-81.505325,78.80323,-12.002447,12.791696,-22.641428,-4.4236574,1.3076125,28.518991
2025-02-09 12:00:00,0.0,-6.2229533,-21.169552,-0.394182,12.094534,12.88969,-2.7173996,0.40542236,-9.786477
2025-02-09 13:00:00,0.0,-76.042274,75.21842,-1.9088088,-0.8261316,9.366005,-3.5551631,-3.395369,38.43299
2025-02-09 13:00:00,0.0,-32.6155,-21.622831,7.4282417,-10.785825,0.35820985,-0.44118807,0.55675584,-9.340041
2025-02-09 14:00:00,0.0,-73.1694,73.23914,-8.55301,-3.8684468,4.5928516,-5.6028094,-4.1013227,37.165684
2025-02-09 23:00:00,0.0,-80.77721,17.107319,-4.7288957,4.6362605,-13.836137,-7.2321258,3.0885942,-9.830307
2025-02-10 02:00:00,0.0,-37.532032,46.179256,-2.6684556,5.4229865,-8.802527,-4.807624,0.3504975,-16.663961
2025-02-10 03:00:00,0.0,248.18971,188.80592,-11.509874,39.486897,-19.662096,-10.594494,15.3631735,43.52998
2025-02-10 06:00:00,0.0,208.27728,92.74981,-6.0296254,11.415104,-24.029484,0.92924815,-0.5106223,35.66444
2025-02-10 08:00:00,0.0,-26.097048,-47.914818,0.96197844,-17.290457,0.59855103,2.6387706,0.10312769,-2.9372203
2025-02-10 09:00:00,0.0,-56.988583,26.735275,-0.72832775,13.16376,3.2612467,-2.20413,1.7232931,-13.792374
2025-02-10 10:00:00,0.0,-69.32071,11.552086,-10.594052,-2.7641003,-23.76058,-3.5402923,3.2222567,-9.159526
2025-02-10 12:00:00,0.0,-13.685082,-12.5318985,6.550252,9.286565,12.543491,3.4754252,1.115436,-4.3320637
2025-02-10 14:00:00,0.0,-1.7249789,-70.612564,-3.6701984,-0.14478031,0.45884606,-0.63228714,0.4565855,-6.7706404
2025-02-10 16:00:00,0.0,-24.485716,-91.487305,1.4206942,-0.53590673,1.4291606,-0.86638826,0.3319193,-5.7969937
2025-02-10 18:00:00,0.0,-39.797535,90.99144,2.3746355,12.653095,2.534269,-0.8540474,3.0526967,-0.48282108
2025-02-10 19:00:00,0.0,-66.16211,65.3374,10.42816,7.6488366,19.094547,5.3997808,1.3900731,-12.061746
2025-02-10 22:00:00,0.0,167.72571,0.16303329,-2.1648724,1.2488915,24.332403,4.2253766,0.9965126,25.825909
2025-02-10 22:00:00,0.0,-41.448044,67.10965,1.818348,-14.289331,-7.1236916,-4.4522247,-1.1833981,-17.389174
2025-02-10 22:00:00,0.0,148.87924,-62.309433,-0.96672475,-3.1040552,7.77684,3.772971,0.8259177,21.18995
2025-02-10 23:00:00,0.0,38.45779,46.27357,-3.0736513,12.632143,0.71273494,-0.63482875,1.6290444,-6.9934573
2025-02-10 23:00:00,0.0,84.73074,122.38446,5.826118,-1.0658883,9.366666,-0.6906272,2.5423508,0.52588075
2025-02-11 06:00:00,0.0,-45.872593,63.278072,1.9554998,4.6841364,2.4790566,-1.3777686,1.3916241,-15.62517
2025-02-11 06:00:00,0.0,-22.028759,-100.39097,1.022457,9.188125,2.4704726,0.046871156,1.5513543,-8.354769
2025-02-11 09:00:00,0.0,148.86739,-62.53464,-1.1930535,18.300562,10.291839,3.0619366,1.0190816,25.333445
2025-02-11 10:00:00,0.0,-58.393806,40.58943,-3.0723383,-15.522448,-5.062089,-4.994252,-1.3019351,-17.101189
2025-02-11 12:00:00,0.0,-37.514217,-32.10932,-0.1619851,6.5094323,1.3017572,1.4812,-1.2861246,-8.208893
2025-02-11 12:00:00,0.0,-37.15512,-56.006027,-9.450538,-22.082294,-16.36132,-3.445647,-3.6831741,-1.8158008
2025-02-11 13:00:00,0.0,-54.299294,131.98259,-1.7658509,20.501526,-14.011984,-10.16994,3.68838,1.4589357
2025-02-11 14:00:00,0.0,-23.534178,-87.09306,1.4982113,-9.728037,1.0388721,-0.6448243,-0.89236957,-5.112634
2025-02-11 17:00:00,0.0,-33.700447,-79.996826,0.06715015,-2.0812812,-3.2494278,0.55848354,0.10174951,16.069895
2025-02-11 20:00:00,0.0,-6.8470407,102.65422,-8.96303,9.765445,6.5697637,-4.0239234,3.5440817,-10.4577875
2025-02-11 22:00:00,0.0,-15.488076,-110.35188,-6.7913413,6.283325,-2.6635573,1.1474069,-0.39381266,-6.258824
2025-02-12 00:00:00,0.0,-75.33727,96.12294,0.84278566,-8.316228,-1.5050509,-4.275031,-6.6724286,32.82799
2025-02-12 02:00:00,0.0,100.92067,-199.61044,5.164759,3.2957008,-3.273532,-1.0335438,-1.3952447,15.345896
2025-02-12 03:00:00,0.0,-50.497078,45.3708,-3.71505,3.2849634,0.88909495,-1.0323364,0.71999574,-0.5513272
2025-02-12 03:00:00,0.0,-77.12512,93.2941,-14.475422,6.1167817,7.777449,-5.3604183,2.4029238,-8.958363
2025-02-12 03:00:00,0.0,5.854213,-106.9553,-1.4467864,9.494477,5.061216,0.3814493,1.7042778,-7.951702
2025-02-12 05:00:00,0.0,0.123325914,-133.04611,-0.60082614,5.3885307,2.0316677,-0.6873819,0.52690864,-6.261638
2025-02-12 07:00:00,0.0,-97.71558,100.24521,-4.027657,11.465626,9.111239,-4.3409324,5.5309753,47.779472
2025-02-12 10:00:00,0.0,-29.980055,-50.38958,-0.30157176,-25.097918,3.9878504,-1.4056356,-9.632131,-10.179101
2025-02-12 12:00:00,0.0,-0.6710961,-21.470676,1.1364785,4.4105644,-1.6249545,-1.9306273,-1.4183303,-9.620246
2025-02-12 12:00:00,0.0,-56.394016,57.83002,-15.044658,0.44182327,-4.530798,-2.4159985,-1.4182633,-16.562489
2025-02-12 14:00:00,0.0,23.726402,-138.02026,-0.3595555,4.6981034,-0.48642,0.49750286,-0.37248337,-3.5353415
2025-02-12 15:00:00,0.0,125.56717,-101.668915,-1.3636183,30.686024,-3.4273832,-0.67482305,0.68373287,22.294456
2025-02-12 22:00:00,0.0,-17.935,28.747322,-5.2930946,9.696345,-2.560895,-4.560914,0.13709798,-7.849771
2025-02-12 23:00:00,0.0,0.27524608,-118.12113,0.4471325,7.6739416,-10.943165,-3.4072804,0.664848,0.84667164
2025-02-12 23:00:00,0.0,96.741974,-205.67783,0.6126047,0.44460285,-4.663872,1.648894,-2.0492427,14.867555
2025-02-13 03:00:00,0.0,196.77599,89.504555,4.352779,-69.02283,-0.2466584,-0.6826746,-15.020325,32.355896
2025-02-13 04:00:00,0.0,-4.782644,-98.56594,2.5418096,1.4910583,-3.3618572,-0.9702012,-1.199625,-0.17478795
2025-02-13 08:00:00,0.0,-55.745255,13.974413,9.334979,-27.168303,12.654607,4.5900674,-8.269234,-10.278164
2025-02-13 09:00:00,0.0,-45.35985,94.96852,0.0497564,12.95354,6.9981127,-1.4125032,2.1377482,-12.081585
2025-02-13 11:00:00,0.0,-46.690193,-51.387356,0.84185874,14.488891,10.405414,0.6295375,2.0518544,-12.617755
2025-02-13 13:00:00,0.0,-16.257906,64.90619,9.647005,-18.50295,6.2893605,-0.18098713,0.53800154,-6.7003784
2025-02-13 18:00:00,0.0,1.9010676,-127.14005,2.221421,2.0792112,-13.2634115,-5.2176967,-0.26085082,-6.205795
2025-02-13 18:00:00,0.0,-23.116533,-70.83788,2.6125824,-4.02236,3.6478453,-0.48677784,0.89304584,-1.5783278
2025-02-13 19:00:00,0.0,-7.8277864,49.378353,18.140606,5.1744165,18.100729,7.6597157,-0.05842445,-15.849899
2025-02-13 19:00:00,0.0,-79.3221,19.641655,0.9181142,9.168785,4.56415,-0.96292007,1.7912508,-13.8998
2025-02-13 20:00:00,0.0,-33.258366,-18.432573,0.93655497,12.334895,11.532317,-0.37100524,0.69158787,-8.793846
2025-02-13 22:00:00,0.0,-36.969654,-104.46042,0.7208705,6.9082794,4.055361,-1.6965401,-0.5301026,15.539174
2025-02-14 03:00:00,0.0,-12.497185,98.68155,4.982736,-11.416889,4.0335994,-1.3034905,1.655264,-3.115945
2025-02-14 06:00:00,0.0,-45.789467,-7.941679,0.46753746,11.710584,-6.0742784,-2.9543629,0.8238693,-12.163887
2025-02-14 08:00:00,0.0,-2.8817358,-18.442463,2.0589187,-21.225172,-23.174885,-9.750028,-1.2447469,-9.660807
2025-02-14 08:00:00,0.0,5.056498,90.251495,2.7097657,3.4908497,10.645738,-1.7347221,6.203378,-13.515908
2025-02-14 09:00:00,0.0,32.105442,-42.41118,0.27974078,10.28859,15.688655,1.2438339,0.65243894,-3.0196936
2025-02-14 09:00:00,0.0,-94.363045,17.787521,2.3429308,15.802556,0.38798526,-1.7188082,3.4107702,-10.569475
2025-02-14 12:00:00,0.0,-27.172873,-65.47698,1.2326981,-23.750118,-20.842419,-9.369785,-1.5190177,-6.0110464
2025-02-14 13:00:00,0.0,-20.51381,70.69509,3.751067,-14.167497,-15.679048,-8.385867,0.913208,-13.023342
2025-02-14 14:00:00,0.0,1.2463272,-83.98108,-1.0880709,8.909361,11.377608,2.965454,1.9525901,7.1271386
2025-02-14 15:00:00,0.0,-13.2359295,71.30079,-2.0841196,-12.43659,-4.949167,-2.3786476,-7.4100676,-3.6851127
2025-02-14 16:00:00,0.0,111.9652,-110.56115,4.9954767,-40.337334,2.8195715,-0.51678395,-1.2487411,17.271885
2025-02-14 18:00:00,0.0,158.35573,71.673706,0.35904396,0.6096653,-12.234585,5.473771,0.29040277,23.424711
2025-02-14 18:00:00,0.0,-32.27901,-102.27278,0.8938284,6.560471,8.207486,-4.2848755e-05,1.0221423,-8.469774
2025-02-14 20:00:00,0.0,-17.504408,91.362816,-0.8596854,-21.931715,7.2922816,-3.2108705,-6.5190997,-14.836879
2025-02-15 00:00:00,0.0,-25.491205,-109.57625,0.015154876,7.087482,-3.5748928,-1.1170452,0.21003553,-2.1767972
2025-02-15 06:00:00,0.0,-22.382471,-104.049995,2.3434598,0.7841038,-4.807085,-1.2299826,0.06485744,-6.3303323
2025-02-15 06:00:00,0.0,136.68729,-87.52871,3.2944946,27.343035,23.776752,-0.62175214,0.46586233,24.792019
2025-02-15 09:00:00,0.0,-21.57902,-90.07648,-3.613209,-9.342496,1.9397874,-2.5908062,-0.653854,-0.91808665
2025-02-15 11:00:00,0.0,23.394133,-157.7648,0.37990367,8.007032,-1.9423672,-1.1242512,0.37378973,-3.0939572
2025-02-15 11:00:00,0.0,-21.947601,-115.57357,0.8424633,6.088495,-1.5559645,-1.0761662,0.74651456,-6.0541496
2025-02-15 12:00:00,0.0,-50.403072,-43.92543,-2.355179,-0.29133722,-10.813469,-5.968985,1.6209257,-3.9207718
2025-02-15 12:00:00,0.0,-45.010525,-17.431864,-9.744061,8.474993,-9.828473,-0.22751871,0.13719335,-10.025839
2025-02-15 16:00:00,0.0,-7.121152,-29.368366,0.7385183,1.496765,7.3431473,0.28753993,0.4295916,-10.429646
2025-02-15 16:00:00,0.0,90.28529,166.5735,-4.9204082,3.8588774,-34.427475,-0.54302645,3.240548,0.85763955
2025-02-15 16:00:00,0.0,-9.106198,-106.23968,2.9316194,-16.83142,6.3819895,0.7250661,0.26602888,-0.63483083
2025-02-15 17:00:00,0.0,60.331024,81.159584,-1.2100697,-9.90458,2.8218772,1.515539,-8.0394535,-2.0771112
2025-02-15 22:00:00,0.0,25.872433,80.52832,5.4063663,-2.626947,13.743579,-0.7414712,4.152995,-13.500072
2025-02-15 23:00:00,0.0,178.07764,139.85576,4.481661,0.9287834,-1.7842878,0.2516791,-1.4372908,15.232293
2025-02-16 02:00:00,0.0,-34.83525,60.222237,1.0754148,-11.79824,-6.2293906,-5.243957,0.7728892,-15.498056
2025-02-16 03:00:00,0.0,-83.9864,18.240606,0.44922292,15.181003,-5.2870173,-4.745965,3.8623552,-14.454226
2025-02-16 03:00:00,0.0,42.514328,-9.491099,6.2679787,0.38700813,3.91016,-1.2951614,-1.7613829,-1.5777965
2025-02-16 04:00:00,0.0,-17.901978,76.06692,-1.0524017,9.582351,3.3114948,-1.7689906,0.6850877,-5.683723
2025-02-16 07:00:00,0.0,-24.216337,-70.609505,1.0330782,2.4350774,-2.00591,-2.5184293,0.866716,-6.407057
2025-02-16 07:00:00,0.0,3.7432623,-98.42139,-3.7666855,-9.580638,2.589524,-0.79726124,0.065579064,-5.3286176
2025-02-16 11:00:00,0.0,15.718177,-118.522285,6.413078,5.43145,7.4836717,4.68832,0.4162572,-2.8565202
2025-02-16 13:00:00,0.0,7.1271772,-81.39609,-7.422603,-8.620749,-16.390057,-8.4610195,0.87661916,-4.7390313
2025-02-16 14:00:00,0.0,-71.06145,106.62369,2.1289036,7.298527,0.89864415,1.2231556,2.4357245,10.122135
2025-02-16 14:00:00,0.0,-29.795113,-116.91945,1.336668,-9.425522,0.98358834,1.8165088,0.19577539,12.642022
2025-02-16 14:00:00,0.0,-24.28061,-44.29779,1.1896363,6.5389323,3.815562,-1.5341222,0.38978168,-6.6588726
2025-02-16 15:00:00,0.0,233.20476,130.64691,-10.199411,15.416202,1.7608277,-4.2465267,5.986969,40.662125
2025-02-16 16:00:00,0.0,-2.314775,-106.088806,-0.17967571,9.259685,-6.4521284,-0.4467632,0.37320235,2.179559
2025-02-16 18:00:00,0.0,31.348177,-137.3926,0.47232673,-4.892225,8.869021,-0.2732228,-3.2280369,-4.0545883
2025-02-16 18:00:00,0.0,26.612299,-132.02638,-2.5178983,4.937991,-1.4783566,1.9380494,1.1117682,-6.5114026
2025-02-16 18:00:00,0.0,227.14697,117.18196,17.161985,18.051056,-5.115424,-1.5012269,-1.0201396,36.88116
2025-02-16 19:00:00,0.0,-10.758916,-6.479951,0.68995714,-44.3021,-5.1503396,-2.1042871,-10.63058,-3.863753
2025-02-16 20:00:00,0.0,-23.49034,49.520405,-0.8735106,-1.0231178,-1.5195634,-2.04746,-0.35020894,-7.340416
2025-02-16 21:00:00,0.0,-24.857243,-42.444004,-4.1879454,6.8332224,1.8249836,1.7424818,0.471155,-6.6973143
2025-02-17 00:00:00,0.0,-2.2694292,-22.343647,12.897171,-23.891539,22.577312,5.3086762,-1.02601,-8.006528
2025-02-17 01:00:00,0.0,-19.763577,-101.19606,1.7607135,-8.544357,-4.4807153,-2.0101094,-0.14655112,-1.7351657
2025-02-17 02:00:00,0.0,-4.3713737,14.009481,-6.280642,-15.920835,-1.8890463,-1.9281279,-1.1558067,-12.25646
2025-02-17 03:00:00,0.0,157.58125,5.403134,-9.428791,-21.092802,13.137892,12.828217,1.0828499,23.815762
2025-02-17 09:00:00,0.0,-68.35313,68.9041,-3.016736,5.083097,9.42435,-1.5620675,2.1324213,20.152685
2025-02-17 13:00:00,0.0,199.51855,124.20592,-13.735136,-10.148601,-27.328045,-11.744569,-1.3715484,35.894855
2025-02-17 14:00:00,0.0,229.25423,140.24811,1.3225358,16.279562,-10.827542,1.776774,5.912171,41.8703
2025-02-17 15:00:00,0.0,-98.46474,32.008858,-1.2397624,17.439886,0.22402066,-4.7830067,3.367859,42.01042
2025-02-17 20:00:00,0.0,-35.719406,-89.89268,0.16058105,-2.310743,0.98730105,-0.23003304,1.1993002,18.543333
2025-02-17 22:00:00,0.0,-31.964357,12.265075,-4.1716027,-12.602207,6.3053102,-1.1602716,1.7937673,-11.308222
2025-02-17 22:00:00,0.0,-59.84994,70.73212,-10.143852,9.566015,-19.561668,-3.9262128,1.0875547,34.58152
2025-02-17 23:00:00,0.0,38.39907,49.170082,1.066918,-10.739909,-5.6246386,-2.1935678,1.512864,-5.961979
2025-02-18 00:00:00,0.0,-54.37112,35.88966,-0.40026137,-16.537466,-7.3354387,-4.437342,0.69426996,-15.774587
2025-02-18 04:00:00,0.0,-23.381079,51.30805,4.8027697,-16.215113,12.479157,-0.014650907,1.1735979,-10.461565
2025-02-18 04:00:00,0.0,61.617474,119.11755,-11.450821,31.603603,-3.842639,0.13263,10.467091,-10.017231
2025-02-18 06:00:00,0.0,-44.286736,94.833725,-3.0529258,13.737984,7.6398706,-2.3484328,2.2164094,-11.980443
2025-02-18 11:00:00,0.0,-14.881101,-69.74809,0.5653499,-7.0881968,-5.0105076,-3.4201076,1.0408208,-5.8723683
2025-02-18 11:00:00,0.0,-18.856745,-35.247734,-0.48781988,12.132167,13.220083,-2.3203335,1.1122204,-2.2998343
2025-02-18 12:00:00,0.0,69.179245,-168.1071,-1.5189869,-42.35793,-37.778378,-22.101559,-6.363671,15.796182
2025-02-18 13:00:00,0.0,-72.18151,91.82462,-5.7863593,-3.1755707,-14.722347,-7.801181,2.440184,-8.621192
2025-02-18 14:00:00,0.0,1.9495727,-105.90187,-4.726022,8.254158,-16.179327,-5.4903226,1.4009017,-6.9514256
2025-02-18 14:00:00,0.0,-55.180473,69.967514,2.567105,9.494941,3.6766706,-4.296497,0.8967345,-1.4147402
2025-02-18 15:00:00,0.0,144.55455,-109.14522,31.96952,-0.7024901,48.04805,23.806158,0.49867922,19.67279
2025-02-18 15:00:00,0.0,-66.91021,32.997612,13.828392,-38.451782,13.106712,2.651804,-7.702113,32.986176
2025-02-18 18:00:00,0.0,-42.630203,65.70221,3.1778445,-34.058933,-1.0843564,-3.0952063,-7.798584,-0.19816287
2025-02-18 18:00:00,0.0,-19.723557,74.16219,-1.7586943,9.312581,-0.39733547,1.4833871,0.9414989,-12.51067
2025-02-18 19:00:00,0.0,-55.304634,56.079193,0.9988648,-6.843321,-4.0486493,-3.4738264,-3.5350971,-14.493954
2025-02-18 20:00:00,0.0,-43.968243,-16.4378,3.242827,-27.826014,8.636276,-2.173299,-1.4024384,19.280987
2025-02-18 22:00:00,0.0,-54.83776,72.556465,3.0211542,-19.585384,1.0928825,-1.5088217,-3.6105528,-17.187027
2025-02-20 00:00:00,0.0,37.31412,-39.094307,5.7723904,-21.590738,12.406131,-0.49764162,-1.6301073,-2.0100057
2025-02-20 02:00:00,0.0,-0.7923693,-50.778454,-0.20351213,21.086071,5.4906907,-0.35361055,0.48841846,-8.348171
2025-02-20 03:00:00,0.0,-25.321882,-28.647291,-4.085983,13.01501,-4.8730063,-4.2601366,3.64938,-13.17264
2025-02-20 04:00:00,0.0,-33.45856,-123.39545,1.0138109,5.743222,3.8509376,-2.5959656,0.39967048,15.119875
2025-02-20 05:00:00,0.0,-44.662766,20.737614,3.9718678,8.867526,0.035553597,-1.201812,1.2162504,27.25008
2025-02-20 06:00:00,0.0,-34.39702,-103.303406,0.992838,8.01799,3.6817253,-1.5506507,0.79898536,-5.3593884
2025-02-20 06:00:00,0.0,-47.03076,61.348732,2.3306315,6.8982368,-9.287779,-0.7194365,1.1369299,-15.227887
2025-02-20 07:00:00,0.0,-33.153183,-98.46263,-4.882516,-8.388777,2.6091318,-3.20177,-3.0366316,16.175915
2025-02-20 07:00:00,0.0,-12.826321,-73.98698,-0.33749628,-0.29611713,5.682115,1.2566881,0.5364928,-6.2550025
2025-02-20 08:00:00,0.0,-25.006006,-112.876,-3.2044299,6.5446625,-0.6307819,0.17644696,0.17896369,-5.8244114
2025-02-20 11:00:00,0.0,-20.13095,-104.539246,-1.3906904,6.2100854,-11.1430855,-5.514935,-0.06942371,-6.2170005
2025-02-20 13:00:00,0.0,-22.472322,-116.02468,-0.4545176,7.35474,-0.21978898,-1.3440909,0.76333165,-6.0711603
2025-02-20 14:00:00,0.0,-33.159092,-100.546684,4.3131843,2.3892584,8.812568,0.79982173,-0.10166448,15.282825
2025-02-20 15:00:00,0.0,-50.67637,12.687058,1.626967,-45.36923,0.047970213,-2.9827647,-10.854844,-5.95114
2025-02-20 15:00:00,0.0,-13.520855,101.202225,-6.961924,17.26687,3.6939328,-0.06688485,2.0975506,-4.1551332
2025-02-20 19:00:00,0.0,-37.511284,-60.78941,-2.264244,-11.319687,-3.322603,-2.9902296,-4.547438,-3.3040845
2025-02-20 19:00:00,0.0,-43.091724,60.892235,-4.270169,0.9835869,-6.4979687,-5.235843,-1.3010503,-17.269707
2025-02-20 21:00:00,0.0,-25.992777,36.0016,1.2419521,3.75294,9.941503,0.55071235,-0.36817142,-7.4019756
2025-02-20 23:00:00,0.0,-18.844036,65.64868,6.832294,8.176837,-5.0805674,-2.5731823,0.2939557,-7.8401237
2025-02-21 00:00:00,0.0,-30.068604,-99.18647,0.016079988,5.013515,0.025039418,1.1254425,0.76884925,-8.5517025
2025-02-21 02:00:00,0.0,-26.703812,-116.10042,0.75946784,5.697923,5.7181053,-2.0726058,0.3685451,-2.9130812
2025-02-21 04:00:00,0.0,46.608044,3.2454274,-5.953094,11.10655,-8.8174095,-2.2725608,1.051407,-0.014865635
2025-02-21 07:00:00,0.0,-26.2982,-31.289158,-0.96731865,-3.1966019,2.829039,0.49653876,3.5232258,-12.902843
2025-02-21 08:00:00,0.0,-19.962406,-90.439995,2.2858517,-2.543728,-1.9776803,-1.9024427,1.598213,-7.8974266
2025-02-21 08:00:00,0.0,2.5641308,52.208195,6.3142924,-1.5456805,-5.344631,-2.8902636,-0.21453556,-15.090174
2025-02-21 09:00:00,0.0,-9.407786,-21.119654,-2.8683574,0.38442707,-8.378271,1.0257095,0.22023576,-10.626305
2025-02-21 10:00:00,0.0,-60.78333,9.372188,4.365237,-46.542953,5.229233,-0.9837962,-7.6945505,-8.942143
2025-02-21 11:00:00,0.0,-24.405956,-112.72116,-1.7063018,6.4782643,0.17354384,-1.3082812,0.45821708,-6.075003
2025-02-21 14:00:00,0.0,-23.951738,-110.269,-1.6389714,2.7204833,-1.6179595,-1.6516117,0.40627712,-6.04601
2025-02-21 15:00:00,0.0,-23.56203,-55.006702,-1.669604,18.71388,2.4794712,-2.309969,0.0509839,-2.918995
2025-02-21 16:00:00,0.0,207.89857,170.7646,11.42532,-18.628132,-4.084169,0.673236,2.3209229,32.131958
2025-02-21 17:00:00,0.0,-8.259296,-106.97996,-6.153378,-20.596983,7.504711,-0.6557942,-1.626669,-1.1431189
2025-02-21 18:00:00,0.0,-39.185425,19.54779,-3.865263,12.561175,-18.266047,-7.847041,1.1424243,26.434563
2025-02-21 18:00:00,0.0,-85.262276,68.895195,-2.2997904,-2.917132,-16.235966,-6.8072395,-2.2887225,38.12265
2025-02-21 20:00:00,0.0,110.18206,-122.48987,5.623404,-9.006613,-26.96374,-7.850301,0.78507143,18.02202
2025-02-21 22:00:00,0.0,-21.991032,-68.25129,-1.6459273,4.907587,0.14318788,2.441286,0.47473493,-6.309624
2025-02-21 22:00:00,0.0,0.62605023,-133.15411,3.3771293,7.998649,-0.762441,-1.2526602,0.51547515,-6.0822453
2025-02-22 00:00:00,0.0,97.57433,-199.76772,-0.8383804,1.5939429,-1.063206,-1.7120026,-1.3824605,15.329262
2025-02-22 01:00:00,0.0,236.33722,142.57886,10.5953665,13.670985,-0.5650566,1.156014,2.3976276,38.095867
2025-02-22 02:00:00,0.0,-62.354454,23.75375,2.454935,-68.16571,-3.7809815,-5.785246,-13.957834,28.006357
2025-02-22 02:00:00,0.0,-20.616335,75.3553,-0.97928077,6.2812824,4.8925753,-1.2491395,1.0482813,-12.184188
2025-02-22 03:00:00,0.0,-5.7541733,-106.29567,-1.0458355,-17.971226,1.742377,0.72530776,-2.389897,-0.0035096502
2025-02-22 03:00:00,0.0,-44.19375,-28.036457,0.82354987,7.8251863,11.265519,-1.1855648,0.438397,-9.837857
2025-02-22 04:00:00,0.0,-34.36061,-12.921514,1.1515064,12.967855,12.57362,-1.0208733,0.4233352,-3.340666
2025-02-22 05:00:00,0.0,-55.343914,30.100538,-11.20809,7.0686526,-7.642831,-2.946905,0.7061769,-2.742338
2025-02-22 05:00:00,0.0,-15.762744,-108.72322,3.4817624,-7.6902523,3.611928,-0.3615147,-0.3535607,-5.3283134
2025-02-22 05:00:00,0.0,-76.06389,97.582405,0.23448324,12.493291,0.2183469,-3.9194565,2.372525,-9.063301
2025-02-22 07:00:00,0.0,-13.971479,-64.5119,0.109578274,-23.416895,0.22259352,-1.2732592,-0.7757461,-6.0328126
2025-02-22 09:00:00,0.0,-11.018856,0.5659317,1.2170742,-19.899837,-2.836534,-2.7639604,-10.785317,-4.0104866
2025-02-22 11:00:00,0.0,-51.061268,43.82116,-2.9032147,9.666472,-4.601343,-6.3815355,0.7161884,-2.020499
2025-02-22 11:00:00,0.0,203.48645,83.943474,-4.5997624,-73.31847,16.449272,4.0656524,-16.021551,30.399887
2025-02-22 12:00:00,0.0,-5.1585703,-5.8519425,0.646777,5.3354044,-0.6500314,-0.04322676,0.8724563,-11.541353
2025-02-22 12:00:00,0.0,-39.547447,17.726439,2.9756048,-26.359444,9.362043,-1.9082543,-4.152817,-11.862162
2025-02-22 13:00:00,0.0,23.052746,-134.60631,-1.1846164,1.7243887,-5.673681,-0.40348896,-0.3698108,-3.477466
2025-02-22 16:00:00,0.0,-72.20633,45.52145,6.4072294,-24.751286,5.990846,-2.7143292,-2.5762627,36.760277
2025-02-22 17:00:00,0.0,-90.465904,58.884274,-3.0369873,1.600972,11.665323,-3.6673193,4.3025694,-19.278967
2025-02-22 17:00:00,0.0,114.31854,-169.78603,-8.942089,14.930247,9.390908,3.5859733,2.6296024,22.30474
2025-02-22 20:00:00,0.0,-24.7719,-94.58605,-4.835622,-3.3052506,1.8871635,-2.5401428,-0.65393484,-5.407094
2025-02-22 23:00:00,0.0,-24.589487,-108.07817,-0.27658746,-7.594492,5.6736755,-1.0353268,0.011330031,-1.7569017
2025-02-23 00:00:00,0.0,-40.614643,30.833973,-10.519647,6.524973,-4.9673223,-1.757172,-0.468243,-15.498766
2025-02-23 01:00:00,0.0,-27.908958,-60.597523,-2.9497268,-25.679142,10.485086,0.10377644,-0.73756486,-6.0238795
2025-02-23 03:00:00,0.0,95.71669,189.75734,3.0305033,20.64603,4.3879194,-0.096852295,4.6807394,0.52552545
2025-02-23 03:00:00,0.0,-27.091766,96.055176,0.35706264,13.685827,-9.043942,-0.4192448,1.6163917,-12.238765
2025-02-23 06:00:00,0.0,-83.71985,14.855611,1.9576765,15.595038,3.1157146,-0.7825876,3.0869951,-10.49604
2025-02-23 06:00:00,0.0,95.13712,182.34918,13.151087,20.211927,-12.368787,-1.1696899,3.7138824,-0.29426846
2025-02-23 07:00:00,0.0,-112.294,48.12207,2.4518743,16.829475,0.5287664,-1.1957054,3.2036512,-9.574707
2025-02-23 08:00:00,0.0,40.8781,-16.03327,3.8708832,-60.290405,-3.763068,-1.5794384,-15.802493,-2.7981155
2025-02-23 08:00:00,0.0,-38.051933,61.70564,9.418,4.549622,15.8859215,4.4504957,0.7500724,-15.491754
2025-02-23 08:00:00,0.0,-72.22604,103.66722,-2.3858247,-14.782602,-8.21084,-7.039677,2.3773162,11.249525
2025-02-23 10:00:00,0.0,-43.047565,24.062973,1.6049082,5.382898,1.9551499,-0.84650195,1.5029399,-14.67513
2025-02-23 11:00:00,0.0,-59.62488,22.911001,-0.26221943,-69.41432,-17.258842,-6.5707912,-13.925952,28.213419
2025-02-23 14:00:00,0.0,-60.745308,-9.369052,-0.2080787,-36.215263,2.7806065,-3.3541272,-8.211005,23.84602
2025-02-23 14:00:00,0.0,4.9148026,45.302162,-8.201302,-26.637772,1.7698067,-0.3481622,-0.31512162,-13.843878
2025-02-23 15:00:00,0.0,-27.986952,-13.762258,-4.155652,7.0804043,-19.982534,-10.953413,0.85155874,-9.76066
2025-02-23 18:00:00,0.0,33.729633,-36.615627,-0.14820746,6.896943,6.1745048,-0.9146208,-1.4972831,-2.6581764
2025-02-23 19:00:00,0.0,151.87222,59.53891,3.7462113,-22.746546,-6.8794127,-1.3404552,0.082109526,24.066036
2025-02-23 21:00:00,0.0,-22.161974,-57.231647,1.0444379,-26.652157,-11.03728,-5.531501,-4.814887,-8.675853
2025-02-23 22:00:00,0.0,-52.249054,47.98685,4.800731,-11.162312,11.105316,0.32504198,1.1229634,-15.741282
2025-02-24 01:00:00,0.0,66.52334,88.33602,5.1837845,-15.523659,-0.5804475,0.48111022,-0.8846593,0.3531587
2025-02-24 01:00:00,0.0,-17.93368,-109.83603,-5.7798185,3.1880484,5.1545877,-0.9959499,-0.0870064,-6.339177
2025-02-24 02:00:00,0.0,-34.853294,-63.300114,2.0990663,7.9155445,-0.852944,-1.166716,0.59400463,-6.644907
2025-02-24 03:00:00,0.0,109.39252,-163.42966,-16.490541,10.874018,-0.73058057,6.6591916,2.261496,21.492348
2025-02-24 03:00:00,0.0,-101.315674,48.17058,-6.3842864,20.54521,-4.798119,-6.3469887,3.1986613,-9.487626
2025-02-24 05:00:00,0.0,28.169157,82.826996,1.432889,23.89682,-5.143981,-6.1102357,4.150263,-13.81695
2025-02-24 07:00:00,0.0,-65.40791,72.911476,-0.48490295,15.329702,2.8951814,-1.5307585,2.073649,24.209492
2025-02-24 08:00:00,0.0,-2.3347583,-56.897152,5.415823,5.195269,17.227432,0.92920244,0.44897562,-7.219401
2025-02-24 08:00:00,0.0,-15.844362,-18.827562,-4.962636,-2.2595294,-23.375534,-4.499688,-3.5045564,-3.2611258
2025-02-24 09:00:00,0.0,-4.820949,-117.622795,0.2717994,6.924087,-0.55906266,-2.6598344,0.57947254,1.3452722
2025-02-24 14:00:00,0.0,-16.628214,-116.01491,-1.3943384,2.1269987,-1.2324647,0.6440116,-0.34752533,-6.2308273
2025-02-24 14:00:00,0.0,-22.451237,-67.28174,2.3296309,4.861738,3.6087832,-1.9772975,-0.09166778,-2.5909758
2025-02-24 18:00:00,0.0,-53.840958,26.20001,4.2459245,-7.05627,-6.489267,-3.442926,1.6740172,-13.819555
2025-02-24 20:00:00,0.0,-21.898941,-121.191635,0.60232353,7.832283,6.9484134,-0.45209906,0.3448191,-6.262195
2025-02-24 22:00:00,0.0,57.942135,85.38131,-3.4345722,-23.460878,-23.937466,-3.9511344,-0.9967074,-0.70622605
2025-02-25 00:00:00,0.0,181.19043,-19.45985,-0.2627182,29.05568,24.456354,2.9897904,8.317676,35.66016
2025-02-25 00:00:00,0.0,-39.50593,-53.18149,-0.3408562,-35.90294,-3.9794257,-4.642781,-6.4893107,17.221972
2025-02-25 02:00:00,0.0,23.88815,-135.27112,3.371446,1.2664409,-2.9672368,-1.4532605,-0.29028243,-2.6516504
2025-02-25 04:00:00,0.0,-25.685076,104.24728,-1.5550795,13.380402,-2.3265445,-4.840105,2.5523965,-8.076089
2025-02-25 05:00:00,0.0,-21.712605,-103.1294,0.15935881,9.807419,-4.6957874,0.47244886,0.66995853,-7.7605557
2025-02-25 06:00:00,0.0,-52.842552,-48.4701,-2.3436363,-2.8975086,8.256725,-0.7832459,2.011563,-12.477315
2025-02-25 07:00:00,0.0,-21.155481,43.33903,-0.025492374,2.1283019,7.164113,-1.4746902,-0.20918268,-6.6188684
2025-02-25 08:00:00,0.0,-31.231455,-104.21231,-5.5034966,-1.9564278,-11.524577,-9.615408,-0.3429204,11.449437
2025-02-25 09:00:00,0.0,-42.97712,104.5457,2.916782,-60.502625,2.270111,-1.4897708,-16.933146,-13.554536
2025-02-25 10:00:00,0.0,159.60095,0.94418967,5.104283,-23.520409,17.484327,3.1171277,1.0065118,25.278357
2025-02-25 11:00:00,0.0,-43.152626,63.573902,-1.0793474,-2.3832223,0.0882683,-2.6636143,-1.2598485,-17.347748
2025-02-25 12:00:00,0.0,279.38397,250.76334,-11.119164,53.15,4.0841384,3.5604014,16.839926,47.76144
2025-02-25 18:00:00,0.0,-61.384724,44.346462,0.039809763,11.646909,-10.20212,-7.705932,0.9753419,38.10077
2025-02-25 20:00:00,0.0,-19.255522,91.89596,8.270709,-6.934239,13.276145,2.6298742,-0.9524804,-2.2340364
2025-02-25 20:00:00,0.0,-13.469745,-74.84974,0.4427061,16.369616,-1.5875705,-0.84127045,0.9789363,-2.9618268
2025-02-25 21:00:00,0.0,-35.086723,-3.2866707,3.5914094,2.378455,15.919762,1.0417097,-1.8671274,-9.551752
2025-02-26 04:00:00,0.0,1.4374623,159.92574,-1.63873,16.515303,-9.705275,-2.145142,4.1596675,2.2570114
2025-02-26 04:00:00,0.0,1.4437162,-124.580315,1.8715186,0.5345025,-4.0970135,-1.5878373,-0.4217628,-6.3054667
2025-02-26 04:00:00,0.0,-63.594162,30.118195,-0.87466484,10.688183,2.3576636,-3.387009,2.290312,-7.021259
2025-02-26 05:00:00,0.0,-100.3908,51.04797,2.0596745,5.5380034,9.509525,-1.4753006,3.153083,-9.643027
2025-02-26 09:00:00,0.0,121.33251,-70.66732,3.083843,11.803407,-49.404617,-17.664726,1.065429,22.526016
2025-02-26 09:00:00,0.0,-60.36871,74.59463,0.4577986,12.2808075,-11.901792,-7.259268,1.3600229,39.50555
2025-02-26 12:00:00,0.0,28.2721,-73.66072,-10.591228,9.102153,2.5009384,0.45640346,0.43663296,-3.832759
2025-02-26 12:00:00,0.0,67.87996,106.06347,3.3825867,17.747122,6.748086,0.44846562,3.2176733,-1.2717186
2025-02-26 14:00:00,0.0,-43.3185,106.72735,-0.06090629,-60.162964,-5.366788,-5.55049,-17.078749,-13.960771
2025-02-26 16:00:00,0.0,-52.76528,73.66812,-0.45820233,-15.124541,0.44242647,-2.2820518,-2.4977486,3.0831716
2025-02-26 16:00:00,0.0,-58.07149,27.327787,-2.5527236,9.347157,6.7240257,-0.062035177,1.6800135,-13.547892
2025-02-26 17:00:00,0.0,-23.548504,-104.846985,0.9276515,6.830013,-3.3459473,-1.1874169,0.82808685,-8.207597
2025-02-26 18:00:00,0.0,-31.65681,-113.627144,1.1049948,-2.4399168,4.763546,-2.0230894,-1.0038278,14.201669
2025-02-26 18:00:00,0.0,-81.63343,17.070738,-3.1412663,2.7439725,6.8453956,-1.0587255,3.1806154,-9.519796
2025-02-26 18:00:00,0.0,152.95906,-45.88977,-2.458977,15.846137,14.933434,7.463432,0.87436974,25.40322
2025-02-26 19:00:00,0.0,-77.74458,58.167885,18.414684,14.786131,14.132973,5.9809337,3.0774307,40.23899
2025-02-26 23:00:00,0.0,-33.55319,7.3999276,-0.52406114,3.083586,4.7898407,0.45247817,-0.4408309,-1.2178168
2025-02-27 02:00:00,0.0,2.707862,-84.670944,0.15885758,9.218471,-10.067988,0.044764064,1.5196326,5.6103973
2025-02-27 03:00:00,0.0,-38.969162,-12.135949,1.0042354,11.039298,-20.550447,-7.8678465,0.7052671,23.652977
2025-02-27 03:00:00,0.0,-22.316563,-3.7779455,1.7503921,1.5383375,13.946612,-0.9382369,-1.7633443,-9.52021
2025-02-27 04:00:00,0.0,-24.113008,-103.15218,-8.4745035,2.625302,-3.9371073,0.2718448,-0.17806007,-6.4402914
2025-02-27 07:00:00,0.0,-108.569885,45.95873,-5.5670657,16.23571,-3.6869757,-4.699658,3.1937273,-9.616274
2025-02-27 07:00:00,0.0,-76.437744,16.351496,-1.7092669,12.1956835,-13.301959,-8.1182165,1.7659012,-14.193864
2025-02-27 08:00:00,0.0,-24.37172,-106.924904,-6.2877297,1.2100606,-12.811449,-3.013219,0.34910583,-5.472653
2025-02-27 08:00:00,0.0,-31.549742,109.82535,1.260614,14.928104,-4.58634,-5.4814005,2.430557,-6.2146754
2025-02-27 08:00:00,0.0,-24.40426,-65.53112,7.296623,4.4658566,-3.5863051,-1.4049469,0.45067003,-6.17034
2025-02-27 09:00:00,0.0,-39.443203,-2.9889426,5.26736,7.5136757,9.734076,-0.07834967,0.70899034,-2.28168
2025-02-27 09:00:00,0.0,-22.804893,-46.66041,-0.57824266,4.9603267,-17.357254,-7.8949203,-1.4325922,-7.0082707
2025-02-27 11:00:00,0.0,-9.86113,96.24164,-13.461492,-18.133759,-15.990582,-2.12126,1.1165967,-2.3099897
2025-02-27 12:00:00,0.0,-17.90656,-16.090004,1.9603016,4.657549,-0.6669406,0.7163845,0.74798197,-9.800375
2025-02-27 13:00:00,0.0,-24.631804,38.574642,-0.5235806,0.12682536,2.4192402,-1.1242625,-0.26509535,-6.595919
2025-02-27 15:00:00,0.0,-28.61821,-6.1068726,1.8769934,-23.060846,-19.32853,-7.9089255,-2.1761465,-9.6903305
2025-02-27 15:00:00,0.0,-48.45785,22.146498,-13.755394,-10.100104,-18.477224,-4.497145,1.1820661,-11.21517
2025-02-27 16:00:00,0.0,25.769482,-140.84586,-1.7448558,3.0876129,-4.911962,-1.3879546,-0.51085985,-2.6237311
2025-02-27 18:00:00,0.0,4.7341475,-85.49675,0.99828553,4.422214,0.26976502,-0.4361361,1.7292234,-6.0954447
2025-02-27 19:00:00,0.0,87.38998,98.37539,-0.3944093,13.72519,-12.306054,-4.492961,3.742117,-1.4756796
2025-02-27 19:00:00,0.0,92.35477,209.56133,-3.325055,25.533749,11.323362,-4.4624295,14.155423,-9.066295
2025-02-27 20:00:00,0.0,-5.556349,-35.91268,0.46671987,12.453257,12.561916,-0.96477115,0.46924612,-8.803841
2025-02-27 20:00:00,0.0,-23.318392,-71.02421,-3.951254,3.2671752,2.4996858,-0.882993,-0.124683954,-2.7279155
2025-02-27 22:00:00,0.0,106.99132,-169.36671,0.10427888,11.860878,-6.647019,-0.6831831,2.5439754,22.024498
2025-02-27 22:00:00,0.0,-24.99785,-24.26092,0.31214604,12.489201,-14.398474,-5.7201047,0.79281485,-8.933278
2025-02-27 23:00:00,0.0,-39.49519,67.77347,-5.1415567,-6.1071463,-16.485853,-8.522894,-1.5612566,-14.868286
2025-02-28 01:00:00,0.0,219.03096,167.93436,-3.378318,-23.377802,-0.104689136,-0.638286,4.0680923,35.137234
2025-02-28 01:00:00,0.0,-16.759308,-100.81231,1.5317749,-1.8261483,3.4644334,-1.0281069,0.27876136,-5.8740635
2025-02-28 05:00:00,0.0,-20.917019,22.589987,4.413573,-15.716731,-0.964433,-3.113247,-8.965341,-7.70378
2025-02-28 11:00:00,0.0,22.954294,-151.72607,2.0175219,3.0802379,-4.8110633,-0.98588306,0.07138803,-3.9939392
2025-02-28 12:00:00,0.0,-20.724144,60.14384,-1.6790702,18.565084,1.0481994,1.0888665,1.2481806,-10.669159
2025-02-28 13:00:00,0.0,-28.912706,-33.590733,1.2129194,9.300009,-4.258027,-4.042094,3.502755,-13.22766
2025-02-28 16:00:00,0.0,-8.336389,47.338802,-2.1351972,9.154034,-16.524559,-9.8728,-0.09231246,-16.729065
2025-02-28 17:00:00,0.0,-2.260047,-114.73632,4.8833795,3.8606036,-4.165371,-0.8402583,0.78987914,1.5568885
2025-02-28 20:00:00,0.0,-57.40268,96.16104,3.4603589,-40.945194,3.670585,-3.4089174,-9.300484,-1.2235726
2025-02-28 22:00:00,0.0,-15.235536,91.08687,1.8904113,-6.903742,6.974162,-0.7370934,-1.1140829,-2.6866155
2025-03-01 02:00:00,0.0,-21.940912,-11.839941,0.025692854,9.380735,2.0600233,-1.0465109,0.71910036,-10.177874
2025-03-01 02:00:00,0.0,-57.153152,12.870201,-5.237425,-13.512292,-10.533059,-7.4871383,0.45372915,-14.679206
2025-03-01 02:00:00,0.0,-15.2823105,-113.83557,0.46404842,3.1586308,4.391448,-0.5032469,-0.18075903,-6.341681
2025-03-01 03:00:00,0.0,-41.08363,24.613401,6.2633486,-3.5140746,-2.8142185,-2.0314474,-3.6006477,-12.392902
2025-03-01 06:00:00,0.0,-24.871096,-113.086494,-2.142101,7.6823063,0.12500691,-1.4892632,0.4016875,-5.928092
2025-03-01 06:00:00,0.0,-3.6126478,-109.880875,-0.3070666,9.4212885,-1.8355978,-2.0272136,0.36154178,1.8100878
2025-03-01 06:00:00,0.0,103.693954,-211.24155,4.450125,-0.6082377,8.233918,1.7135125,-1.7872477,15.133396
2025-03-01 07:00:00,0.0,12.060364,175.23413,10.4982195,24.535707,-12.36528,-2.267966,4.7021956,-7.9914966
2025-03-01 08:00:00,0.0,205.90239,76.750046,2.3240476,-89.367676,0.48133346,-1.240662,-42.921062,30.504786
2025-03-01 09:00:00,0.0,20.418142,113.8483,-0.6357996,18.938505,5.9896894,-2.2581255,10.804486,-10.4009495
2025-03-01 10:00:00,0.0,96.28695,215.5852,2.3972716,45.142982,-0.6945626,-7.0302405,14.117704,-9.5299835
2025-03-01 12:00:00,0.0,91.90295,137.68723,0.010186193,-7.519518,0.5016976,1.0695299,-5.4441395,-2.0659535
2025-03-01 13:00:00,0.0,-21.945704,-119.96161,8.661534,4.564492,14.219066,5.558217,0.34880546,-6.315971
2025-03-01 13:00:00,0.0,-10.363074,47.139793,-0.1329873,9.973968,10.242223,-0.73313695,-0.045926258,-16.294577
2025-03-01 13:00:00,0.0,-27.213747,-95.65524,-7.367326,-7.059612,-12.807382,-4.4409924,-0.9494634,11.996378
2025-03-01 14:00:00,0.0,-79.450615,62.04952,-6.7448506,6.22484,1.9397092,-2.931306,1.0989554,35.669167
2025-03-01 14:00:00,0.0,-40.794914,-48.48509,6.585177,-5.854779,7.796428,0.6969878,1.9921346,-12.333542
2025-03-01 14:00:00,0.0,-58.142174,-32.621788,-3.3774414,15.164034,5.1305046,-4.867334,2.5480907,28.102644
2025-03-01 15:00:00,0.0,-74.768,45.766403,3.3582306,-24.19223,0.8045529,-2.95653,-2.4292235,36.925194
2025-03-01 16:00:00,0.0,-19.915155,-20.389141,2.7406883,-12.917282,-10.91224,-5.4523444,0.7241979,-9.6999855
2025-03-01 18:00:00,0.0,7.3382936,-36.00771,-17.720709,-7.0640163,-12.076138,-0.92481464,3.2880337,-10.746256
2025-03-01 21:00:00,0.0,-80.23202,17.704802,1.6714579,13.945933,-4.5758076,-4.547027,1.7626293,-13.887057
2025-03-01 21:00:00,0.0,-4.765888,-25.514263,-10.335011,1.9875762,4.6592712,0.050446667,0.20406103,-9.463292
2025-03-01 21:00:00,0.0,-18.291676,32.86422,4.329906,-6.794728,-1.8031627,-1.5060977,0.067594185,-5.814986
2025-03-01 23:00:00,0.0,-25.21695,94.6393,-13.314694,20.114464,-27.946323,-1.4109309,3.7181964,-10.825653
2025-03-02 00:00:00,0.0,4.975418,-94.798706,-4.5586915,-4.8502564,-3.317689,-1.5161136,0.16074795,-5.060097
2025-03-02 03:00:00,0.0,-8.334822,-105.04427,-3.0423696,-16.243511,-0.36179543,1.35912,0.15844156,-0.5968525
2025-03-02 04:00:00,0.0,21.660473,-132.38272,0.39176303,-8.720848,-2.8901722,-0.9236185,-0.47795033,-1.3862803
2025-03-02 05:00:00,0.0,-73.73975,105.34639,-1.2048259,18.20207,-17.363565,-4.292062,1.9047033,18.147924
2025-03-02 07:00:00,0.0,-43.810497,62.283314,-1.0788547,-2.2637813,0.13973144,-2.7003055,-1.0606538,-17.355265
2025-03-02 07:00:00,0.0,-26.018984,-89.44399,2.2186685,-0.93376017,1.6397377,-0.18300942,-0.67284083,-6.409844
2025-03-02 08:00:00,0.0,33.706673,-49.604103,-1.4354599,12.894641,-6.1293707,-0.68979836,0.92741203,-2.3114824
2025-03-02 11:00:00,0.0,83.2625,150.10875,4.6755733,-44.132812,-6.1567926,-1.2810804,-11.259606,-1.4731994
2025-03-02 12:00:00,0.0,-27.758787,-43.136047,-3.803153,8.159689,3.0440536,-2.1593733,0.23012786,-2.7977374
2025-03-02 12:00:00,0.0,12.4080305,59.45842,-5.8685884,19.003794,0.5791003,1.1644255,5.0636916,-18.48592
2025-03-02 12:00:00,0.0,21.378134,-157.16316,4.7794366,1.5668982,13.07833,5.630001,0.5302177,-3.4332511
2025-03-02 12:00:00,0.0,-56.43622,133.11757,-2.946232,21.99033,3.157763,-3.7219603,3.7222707,1.6632689
2025-03-02 14:00:00,0.0,-33.94419,-80.09509,-4.3803062,6.075475,-5.106962,-3.8771653,0.12826326,16.21294
2025-03-02 16:00:00,0.0,-68.625565,34.09564,0.22445649,9.232669,5.5404525,-2.872737,2.3372982,-7.3523664
2025-03-02 17:00:00,0.0,93.43763,191.9872,1.7138841,20.716175,1.0748836,-0.5177241,4.4434466,0.78115773
2025-03-02 20:00:00,0.0,266.14676,184.7588,-5.9489236,59.266212,8.165184,0.5850165,15.139946,47.52162
2025-03-03 01:00:00,0.0,-25.442526,-113.06065,1.7248477,5.5471144,-1.306577,-0.7541721,0.006314355,-2.7845397
2025-03-03 05:00:00,0.0,-55.73331,84.243454,-1.4942366,-8.357662,1.2851763,-3.1717474,1.7316225,-2.4649239
2025-03-03 07:00:00,0.0,95.22067,-216.81332,-0.6143735,-12.165715,10.28766,-0.50805044,0.82969266,15.128733
2025-03-03 07:00:00,0.0,-49.675076,-27.180712,-3.1552184,-20.259632,7.5522213,-2.2902412,0.28578788,19.94518
2025-03-03 09:00:00,0.0,86.56374,-211.09547,-9.0745325,5.4447937,-18.127424,-4.853065,0.72831345,15.480327
2025-03-03 09:00:00,0.0,54.47055,39.97353,-2.0069294,-1.0465872,3.9085732,-0.9353143,-4.194812,-4.276491
2025-03-03 11:00:00,0.0,-16.529003,4.331544,0.8413571,5.58501,5.8335977,4.0510235,1.1811768,-3.8931406
2025-03-03 12:00:00,0.0,-0.92733425,-66.70109,0.83072793,5.5639505,3.151827,-0.21477579,0.29308787,-6.675813
2025-03-03 12:00:00,0.0,-55.420265,40.879498,-0.9933736,8.309943,1.559833,0.5665875,0.8313547,-16.672724
2025-03-03 14:00:00,0.0,-59.038147,18.628767,-0.0071526365,-24.00656,7.6644063,-3.0063398,-11.112469,-5.525816
2025-03-03 15:00:00,0.0,-15.393069,118.11093,2.73645,-41.45785,1.4471215,-1.2820498,-13.6177845,-14.231252
2025-03-03 18:00:00,0.0,-2.1570358,-112.61106,-0.506503,3.0175385,-12.082503,-1.5894669,0.93503916,1.5823543
2025-03-03 19:00:00,0.0,-30.86734,-111.73797,-8.395635,-11.162509,-4.4197435,0.3530198,0.16920495,11.777319
2025-03-03 20:00:00,0.0,-64.895454,35.97878,-25.84454,-36.053604,-6.3100653,-3.530655,-2.1510198,25.618513
2025-03-03 21:00:00,0.0,-7.862888,-81.6751,-0.96466017,-9.701502,-0.52740175,-0.5611944,1.0074072,-0.7716946
2025-03-03 23:00:00,0.0,-18.211222,76.44329,-8.506821,5.558945,3.918347,-4.0182805,0.329158,-5.333026
2025-03-04 00:00:00,0.0,-18.852053,-110.10068,0.79136074,2.8456125,-12.733219,-5.0712295,0.25581545,-6.348359
2025-03-04 01:00:00,0.0,-47.105522,-32.5917,-4.7297807,-2.542494,1.8810581,-0.37617972,0.48618108,20.279259
2025-03-04 01:00:00,0.0,182.84106,141.53,6.01818,-17.3841,14.783995,1.6442015,-1.0903106,17.42471
2025-03-04 02:00:00,0.0,-51.403034,37.711834,0.78687143,5.5468435,-7.0495667,-3.7292786,0.79488987,-16.32814
2025-03-04 02:00:00,0.0,0.24127388,-121.06152,5.4356346,-12.850593,3.7554898,0.31059706,-0.40608588,-5.5656333
2025-03-04 03:00:00,0.0,29.16135,129.62543,14.197962,19.01909,5.3077736,-1.815651,10.608494,-9.596696
2025-03-04 04:00:00,0.0,3.8752472,-107.75992,1.7587461,0.6036004,6.439522,-0.79627067,1.1377394,-5.6766458
2025-03-04 06:00:00,0.0,151.9162,-35.75287,-3.681242,30.186476,-30.244953,-14.9756775,7.449684,32.543064
2025-03-04 07:00:00,0.0,99.29674,-189.92572,-0.899284,3.1553485,-1.2096924,-1.6388955,-0.84632546,16.525625
2025-03-04 07:00:00,0.0,-2.594583,-118.93335,0.7007243,9.025579,5.483654,-0.14039691,0.96010554,1.406971
2025-03-04 07:00:00,0.0,-7.246296,-61.1946,-0.4655497,-10.678596,-0.09170452,-0.97646266,1.2133695,-1.8134555
2025-03-04 09:00:00,0.0,-18.43776,148.76424,-11.253113,-2.8520737,-24.963545,-4.009167,5.1993465,-8.891808
2025-03-04 09:00:00,0.0,-10.437688,110.17425,3.4699733,-29.85717,2.192573,-1.1226946,-10.571597,-3.193367
2025-03-04 14:00:00,0.0,-63.309975,14.942271,-4.1569953,-6.3210692,-4.6641736,-4.4573145,-4.545031,-13.933065
2025-03-04 14:00:00,0.0,-29.192945,-49.4359,2.3442457,-23.133272,-2.0283926,-2.1162565,-9.341685,-10.067449
2025-03-04 16:00:00,0.0,-44.74487,2.5492227,-8.490305,-48.86734,0.9636299,-0.43730307,-8.153521,-8.795217
2025-03-04 16:00:00,0.0,-38.49984,21.80761,-4.2449894,-10.564576,4.91892,-1.7735239,-0.10815105,-14.310237
2025-03-04 18:00:00,0.0,33.473423,82.177124,-2.0160882,20.41478,-10.222109,-8.141645,4.3603735,-13.8426285
2025-03-04 19:00:00,0.0,-55.64009,-45.69862,3.7134526,-2.078839,0.15210417,-1.8209487,1.8705435,-4.1553926
2025-03-04 21:00:00,0.0,-35.235126,-7.456799,-2.0991852,9.62184,12.603011,-0.9507072,0.7041459,-9.718705
2025-03-04 21:00:00,0.0,-41.790203,23.053783,2.3391922,6.1025667,6.833004,1.4078088,-0.18773556,-14.636475
2025-03-04 23:00:00,0.0,-24.59331,-92.85104,-3.6472337,-6.0876274,-17.291603,-9.301228,-1.6850832,-5.442073
2025-03-05 00:00:00,0.0,-1.1432008,93.6077,1.2928073,18.184898,-12.256411,-3.9854534,2.7719126,-2.9361534
2025-03-05 00:00:00,0.0,111.817566,-166.76755,-6.151551,10.381707,-1.8649216,6.6571336,2.432624,22.455254
2025-03-05 02:00:00,0.0,88.042336,181.7937,6.192812,-11.026152,5.0614653,-0.38539043,4.5901785,0.88392556
2025-03-05 03:00:00,0.0,-7.7248497,71.84746,-1.5894771,1.2276196,0.45233917,-3.1340241,0.21763383,-17.29612
2025-03-05 05:00:00,0.0,-2.2848809,148.13489,2.1668127,10.967106,7.7954345,-1.594523,4.128417,0.695732
2025-03-05 06:00:00,0.0,9.798602,-34.894077,-8.480396,9.4517975,5.146186,-6.039092,4.2131968,-13.056641
2025-03-05 09:00:00,0.0,-50.97843,-25.697073,-0.38348693,-3.0264902,7.837819,-3.3813837,0.4240798,19.891424
2025-03-05 10:00:00,0.0,-45.00825,80.70377,-12.660052,15.679504,-25.723293,-2.566623,2.0844755,-1.163088
2025-03-05 11:00:00,0.0,43.051598,47.930534,-5.7590833,16.77764,-2.7978098,-3.3429554,1.7736504,-7.48941
2025-03-05 14:00:00,0.0,-104.219536,101.24001,5.0136337,25.720459,11.614604,0.47084188,5.763255,50.669437
2025-03-05 15:00:00,0.0,1.7180924,-105.94435,-0.61378926,-0.95648223,-9.624682,-1.175478,-0.21047457,-5.3946357
2025-03-05 15:00:00,0.0,-13.378787,-94.01371,-0.5340222,-12.38086,-14.751688,-7.3301964,-1.1056364,-5.310427
2025-03-05 18:00:00,0.0,-20.587587,-95.348465,-1.638997,1.2366873,-8.725173,-3.3353326,-0.2728125,-6.0992475
2025-03-05 20:00:00,0.0,-37.247837,-56.647766,-6.887016,-24.084513,-15.933225,-6.0149508,0.07599794,16.981081
2025-03-05 21:00:00,0.0,-32.916817,104.92096,1.8680283,-6.8434854,-3.3394108,-5.287932,2.431114,-7.071108
2025-03-05 22:00:00,0.0,-17.395578,-112.92271,-0.17177197,6.869069,5.276629,1.0717084,-0.34706873,-6.244505
2025-03-05 23:00:00,0.0,-7.026899,75.70074,-6.2872677,-9.527332,-8.801559,-2.5791087,0.52255493,-15.853718
2025-03-06 00:00:00,0.0,-59.02751,-48.184776,-2.0395443,11.454877,6.353153,-1.5614629,1.8127182,-5.1485486
2025-03-06 01:00:00,0.0,-19.929493,29.82918,7.445722,3.1529684,-3.9786036,-1.928442,-0.031125657,-6.6293736
2025-03-06 02:00:00,0.0,-1.7921858,-21.505417,0.5137933,5.284351,-5.901265,-2.8371172,-1.336085,-9.680715
2025-03-06 02:00:00,0.0,-31.66234,59.6136,-3.9768243,-14.992597,-3.3631337,-1.1109746,0.7195981,-15.0683365
2025-03-06 04:00:00,0.0,-78.0481,57.174637,1.727871,12.076347,0.13131906,-2.4375985,2.9132895,41.261223
2025-03-06 05:00:00,0.0,69.461945,99.321304,3.8395188,-21.39518,5.105487,-0.77647805,0.022001058,-0.3488076
2025-03-06 09:00:00,0.0,-72.094795,75.41309,1.2118604,-19.977692,-8.661881,-5.7317543,-2.9134817,35.01323
2025-03-06 10:00:00,0.0,-4.695779,72.09493,-6.2458215,-9.718703,-8.461854,-2.5377285,0.64875853,-15.994329
2025-03-06 13:00:00,0.0,25.81741,-157.4226,0.82089365,4.299737,3.1230333,-0.958763,0.5824292,-3.344209
2025-03-06 13:00:00,0.0,-17.444248,-105.93197,0.9647776,-3.8686125,-0.14002149,-0.18468596,-1.0859752,-5.9062552
2025-03-06 14:00:00,0.0,140.21104,-4.723272,4.7945867,-33.055546,-17.083794,0.35719007,-3.0622666,25.757896
2025-03-06 15:00:00,0.0,-69.19045,68.19133,-2.3251007,11.477189,5.1322427,-4.0081425,1.2011775,38.522064
2025-03-06 19:00:00,0.0,6.310604,157.18849,-3.7815058,1.8421472,-0.4788211,-2.2145298,4.088629,2.0874178
2025-03-06 21:00:00,0.0,-113.707954,48.27184,-2.185763,18.406128,14.191512,0.34961194,3.1565645,-9.647468
2025-03-06 21:00:00,0.0,73.03323,92.29152,0.17455679,9.751799,11.723053,-0.7368395,-0.9811873,-1.6669292
2025-03-06 22:00:00,0.0,-37.36237,-13.85738,-4.305033,-21.157974,1.833471,-1.6551757,-1.4809378,-9.6160965
2025-03-06 23:00:00,0.0,91.520966,-172.67326,4.621126,-15.470638,-4.755653,0.7767591,-0.8532516,14.360701
2025-03-06 23:00:00,0.0,-66.62382,71.89203,-2.3749766,0.8908217,4.4487715,-3.254505,-6.0408483,34.194622
2025-03-07 01:00:00,0.0,225.79724,131.07382,2.571734,13.358441,2.608158,-0.1448484,-1.6148782,39.70353
2025-03-07 02:00:00,0.0,98.10837,-207.96825,-4.630226,-2.8909762,3.5649958,0.5923149,-2.0617568,15.3616
2025-03-07 07:00:00,0.0,-67.70054,50.38761,2.0885003,17.97954,2.2922232,-1.4574956,1.4409059,-10.589599
2025-03-07 13:00:00,0.0,-37.472748,-49.787636,-0.5797925,17.220459,5.6143146,-0.19447169,0.5786436,-8.376344
2025-03-07 17:00:00,0.0,-47.427555,6.3914733,2.756602,-46.04944,0.9856839,-1.2191675,-7.242942,-8.923408
2025-03-07 19:00:00,0.0,-21.029247,-107.45342,-0.4768857,-10.02495,3.0304775,-0.19872606,0.3128987,-5.435784
2025-03-07 22:00:00,0.0,-55.163742,96.34877,2.2961893,-40.72975,-3.4892907,-4.027369,-9.305971,-0.9871603
2025-03-07 22:00:00,0.0,89.68015,-210.17152,-5.805127,-12.860459,3.1867526,0.20313779,0.86869264,14.383885
2025-03-07 22:00:00,0.0,-33.971237,-83.54769,2.755006,5.321062,5.911693,-0.80423677,0.98849326,16.033335
2025-03-07 23:00:00,0.0,25.27625,-143.65456,-1.6651671,-13.743059,-13.348799,-3.1638744,0.51541466,-2.4564576
2025-03-08 01:00:00,0.0,0.73301876,-91.813255,1.4747968,-2.1822214,6.345408,-0.522736,0.4978219,-6.2402816
2025-03-08 05:00:00,0.0,1.7542673,158.72247,-1.1640209,17.978102,-0.25099546,-1.8238639,4.196547,0.6504723
2025-03-08 06:00:00,0.0,5.27164,152.69939,-0.07620252,14.533512,-9.226679,-4.233041,3.8908863,-0.029701076
2025-03-08 06:00:00,0.0,-7.6098666,92.35834,-0.3702081,16.632381,-0.09640613,-0.6944922,2.8306038,-2.5647972
2025-03-08 06:00:00,0.0,-61.518696,14.377644,1.5915151,7.4070005,1.7253909,-2.0382743,0.44319546,-15.161987
2025-03-08 09:00:00,0.0,-19.923014,64.4131,-2.1232789,-1.9098368,-1.3119167,-1.0954095,0.36298218,-7.2824416
2025-03-08 10:00:00,0.0,-4.018298,-120.79822,0.79330635,6.669077,5.2715654,-0.7320754,0.66710514,1.4702277
2025-03-08 12:00:00,0.0,-58.83087,66.07506,1.5701613,-15.214985,-4.1775055,-4.495776,-2.324535,-17.166767
2025-03-08 13:00:00,0.0,-23.179794,-106.84406,4.3003325,-5.282139,-2.3556893,-1.648378,0.17315175,-1.2455683
2025-03-08 13:00:00,0.0,2.9329016,36.731728,2.5212967,10.750812,-4.155215,-2.8665168,0.14229913,-15.409023
2025-03-08 14:00:00,0.0,-62.078773,74.79687,8.474454,8.027518,8.071404,0.24046962,1.5839704,38.700626
2025-03-08 14:00:00,0.0,-8.696923,48.85012,-0.33679637,2.6429133,4.82847,-1.4190733,-0.011798698,-15.786746
2025-03-08 15:00:00,0.0,-27.06796,-82.83065,0.53230566,-13.435006,-1.6079736,0.296845,0.51412684,-6.492917
2025-03-08 16:00:00,0.0,-22.697874,-109.128334,0.7161662,-7.7509127,1.7700654,0.059811965,0.21497744,-5.1056685
2025-03-08 19:00:00,0.0,-34.34838,30.5389,-4.085808,5.4823084,0.58617496,0.85868084,1.9597677,-11.348502
2025-03-08 20:00:00,0.0,67.589966,90.14839,0.6872754,-0.37529257,1.9643359,0.27909574,-0.88473886,-0.75076616
2025-03-08 21:00:00,0.0,-57.282513,133.63715,-2.8305194,19.855373,7.163637,-2.3014944,3.507235,1.7775143
2025-03-08 21:00:00,0.0,-22.39332,22.021976,-0.25598332,-16.306477,0.4563046,-3.2151663,-8.962808,-7.7065988
2025-03-08 22:00:00,0.0,-24.201344,-94.18192,0.64991516,-6.639367,-13.40227,-6.583213,-2.0581925,-3.2922556
2025-03-08 22:00:00,0.0,-21.65914,-118.58086,-2.1899076,8.616664,0.26013875,-1.060198,0.77304536,-5.985079
2025-03-08 23:00:00,0.0,-28.162266,37.432278,-10.105806,-59.232067,-21.25883,-12.206586,-15.841788,-10.950221
2025-03-08 23:00:00,0.0,-44.21735,-26.671732,-3.0938642,8.668726,-1.4272072,-2.339262,0.40878677,21.859709
2025-03-09 00:00:00,0.0,-19.748507,-103.12864,-4.804712,-11.453879,-12.054529,-6.0974746,-0.025683042,-5.091433
2025-03-09 01:00:00,0.0,-29.788584,-16.691679,-2.6776776,3.7198439,-6.475299,-3.0826612,0.8573638,-9.829291
2025-03-09 02:00:00,0.0,-50.35861,-8.841288,-2.8517048,8.502407,8.2600155,-2.5923948,0.39932972,24.027864
2025-03-09 04:00:00,0.0,-54.603523,89.10647,-0.7709825,6.18521,-5.088841,-3.9368544,1.6051309,-3.5812173
2025-03-09 05:00:00,0.0,34.91223,46.127968,-2.8576536,25.620193,0.7242763,-1.7112889,5.923833,-14.5161705
2025-03-09 06:00:00,0.0,164.78387,-2.7611423,-5.098593,-24.017479,27.114086,4.9066367,1.041598,23.937557
2025-03-09 07:00:00,0.0,-23.722374,-93.75973,1.449019,5.6370225,-1.1793404,-2.3142273,-0.33154905,-6.140737
2025-03-09 08:00:00,0.0,206.3415,117.61938,0.11338658,15.6365185,-33.89609,-18.35761,-1.826907,39.216545
2025-03-09 10:00:00,0.0,-16.61851,-13.999578,15.96809,8.334707,16.657692,10.406659,1.1163156,-2.9547434
2025-03-09 12:00:00,0.0,137.03456,-67.89144,5.1527634,9.071458,-21.111685,0.7503933,1.0245191,22.605097
2025-03-09 13:00:00,0.0,-25.73104,-71.54629,0.632534,4.5159216,7.0042,-0.089126594,1.2165096,-6.3298693
2025-03-09 13:00:00,0.0,-22.212175,-91.09405,-1.488367,5.463673,-11.510998,0.5239771,1.3553824,-7.823182
2025-03-09 15:00:00,0.0,0.9995266,-114.552795,0.11222638,-1.9075826,0.90914667,0.93373984,-1.2859033,-5.9573426
2025-03-09 15:00:00,0.0,-19.319958,60.60608,0.67547315,13.306417,5.40909,-1.8576642,1.2621825,-10.53918
2025-03-09 16:00:00,0.0,96.10508,148.02147,7.0272994,9.917182,9.280605,2.443429,1.935712,-4.356996
2025-03-09 16:00:00,0.0,-83.86507,100.20575,-4.9049172,-12.853945,-5.1056013,-6.4095473,2.128817,16.843428
2025-03-09 17:00:00,0.0,215.3252,99.354965,0.43485186,0.49862847,-12.077421,1.4511293,-1.2435989,36.148136
2025-03-09 19:00:00,0.0,-24.40046,-99.198425,1.0733858,1.6262397,5.4891257,-0.9051504,-0.38067666,-6.268716
2025-03-09 19:00:00,0.0,194.88522,79.02208,-11.231145,-79.17757,3.6253126,0.1872481,-15.229971,26.115093
2025-03-09 22:00:00,0.0,-36.463253,47.282166,-6.261913,-17.341665,1.8673426,-0.7271235,0.58990806,-15.328103
2025-03-10 00:00:00,0.0,-40.538887,-14.401017,5.2464647,3.7753537,17.420395,1.6818408,-1.3405269,-9.555189
2025-03-10 02:00:00,0.0,31.181572,-136.38585,2.5689478,-4.0002394,4.7819996,0.010559725,-3.074983,-4.0372105
2025-03-10 03:00:00,0.0,100.20961,-213.77776,1.1945462,4.690804,3.874285,1.1747943,0.5112109,15.987783
2025-03-10 03:00:00,0.0,-28.051138,-105.38749,-2.4450753,-8.786372,-10.940287,-1.7423639,-0.04860254,12.753602
2025-03-10 04:00:00,0.0,-21.049387,-67.67719,0.2536972,-2.68798,-0.099512376,-2.083068,1.0942867,-1.5154057
2025-03-10 06:00:00,0.0,-15.499651,16.730762,-9.84507,-92.63076,0.7939008,-4.0008774,-27.811922,-6.19232
2025-03-10 08:00:00,0.0,211.55579,76.14636,1.2078718,-91.26061,25.519056,2.7201915,-46.12709,30.478207
2025-03-10 13:00:00,0.0,106.47066,-193.25644,-1.5454166,-14.63564,10.586492,-1.4382181,-6.9194922,18.162693
2025-03-10 14:00:00,0.0,-9.363247,3.9774714,-4.407623,7.8382783,-12.80904,-1.180559,0.55605906,-12.708545
2025-03-10 15:00:00,0.0,-29.181469,36.996784,-2.0398479,-57.856876,0.16882952,-2.3828442,-16.011976,-11.983267
2025-03-10 17:00:00,0.0,-21.378326,-119.47366,-0.2848546,7.5125017,1.8089339,-0.23995614,0.7900302,-6.095997
2025-03-10 17:00:00,0.0,-15.299422,-34.252728,0.13497128,-26.379335,-3.3791423,-1.603444,-3.7120297,-1.952599
2025-03-10 21:00:00,0.0,-17.070305,-109.44914,3.6240685,-1.0294049,-10.972003,-3.8295481,0.751534,-5.9529085
2025-03-11 01:00:00,0.0,280.29388,198.49983,0.64118457,51.71578,25.709621,4.180371,16.147495,49.284748
2025-03-11 07:00:00,0.0,-6.654393,-30.304188,-5.3695545,12.971125,2.002294,-1.7495593,0.54110885,-10.018198
2025-03-11 08:00:00,0.0,-17.921,63.253933,-0.9564514,-10.866195,4.4593363,-0.34785163,0.8344245,-2.1000779
2025-03-11 09:00:00,0.0,1.3093953,-112.296906,3.561036,6.5830803,-4.7467136,-1.3616555,-0.48674396,-5.915036
2025-03-11 10:00:00,0.0,3.1535296,-57.245132,1.041937,-42.84618,2.3646414,-1.5956036,-10.890408,-8.616026
2025-03-11 12:00:00,0.0,-6.2120085,54.555748,-10.587468,-38.196983,10.208568,-3.6730757,-2.8841503,-12.998224
2025-03-11 13:00:00,0.0,-23.390823,-104.478195,2.100757,-4.818796,-3.0249276,-0.98724866,0.33535513,-5.5601053
2025-03-11 13:00:00,0.0,-56.838726,44.11252,8.38901,-9.410906,-3.8403497,-1.3942112,0.78011584,-15.670902
2025-03-11 14:00:00,0.0,157.23047,62.8194,-12.63784,4.1392555,10.7615795,4.26519,2.0795522,19.932253
2025-03-11 16:00:00,0.0,-33.860245,59.90647,0.6983802,5.4254627,-17.87691,-7.0914216,0.7618082,-15.920897
2025-03-11 17:00:00,0.0,-40.98059,-49.74042,7.1072493,2.4967408,-2.4674368,-4.0109553,-0.16702074,17.928492
2025-03-11 19:00:00,0.0,168.26169,5.533182,-6.5386567,13.38931,26.152998,1.942003,1.0040773,27.287096
2025-03-11 20:00:00,0.0,-12.299367,-71.4767,2.3101127,7.557634,1.917859,-0.43093666,0.47457224,-6.145038
2025-03-11 23:00:00,0.0,84.13078,124.15024,0.9916028,8.067789,-5.244498,-2.107484,0.033852838,-1.0911517
2025-03-11 23:00:00,0.0,-33.633213,-22.238834,2.0430722,15.253538,5.226157,-3.2517319,0.48618016,22.631586
2025-03-12 00:00:00,0.0,-14.970405,-62.15282,3.1613915,-20.947079,2.2186792,-2.2018652,-1.2019142,-6.056681
2025-03-12 03:00:00,0.0,-22.372637,-93.16177,1.3845788,-8.133232,1.8255942,-1.7852409,-0.6051642,-1.0336713
2025-03-12 07:00:00,0.0,93.34133,-196.08286,5.631461,-22.057566,9.494821,4.9755173,-2.1767282,13.50042
2025-03-12 07:00:00,0.0,226.63297,103.05403,2.6663346,19.124699,4.4609094,0.3989915,-1.2669568,37.677288
2025-03-12 09:00:00,0.0,-35.998497,61.38787,-0.43720278,6.8969336,2.1633747,-1.6646909,0.7848596,-16.09871
2025-03-12 15:00:00,0.0,-25.070967,-114.71611,1.8834915,5.968031,3.3662145,-1.2556186,0.38613647,-6.111348
2025-03-12 17:00:00,0.0,-35.959587,-76.038025,-2.4405186,1.6163907,8.132894,-1.9830661,-0.47725207,16.238068
2025-03-12 18:00:00,0.0,-24.779354,107.96933,-1.0742195,14.304991,2.4391673,-0.12497246,2.4549294,-8.9877405
2025-03-12 19:00:00,0.0,-19.098114,-106.55468,3.9387572,-7.441819,-4.3385363,-1.7635094,0.30002373,-5.42977
2025-03-12 21:00:00,0.0,-22.541641,-102.058914,-1.6502804,5.1211324,-14.394125,-7.3209143,1.0030321,-8.142283
2025-03-12 22:00:00,0.0,-44.756573,95.869026,-2.6090531,13.904247,6.286229,-0.9871906,2.140888,-12.28249
2025-03-13 01:00:00,0.0,-101.30635,41.29551,-4.092008,10.424585,-15.132353,-10.370529,3.0852523,-10.39993
2025-03-13 03:00:00,0.0,-0.089410834,-123.59093,-0.29283023,-12.03093,3.5685036,-0.80692464,-0.21686423,-5.236707
2025-03-13 04:00:00,0.0,101.31173,-204.16788,3.1269152,4.199181,-2.2665672,1.93935,0.3265509,16.944172
2025-03-13 05:00:00,0.0,185.89961,100.97779,-22.333797,-31.733511,-48.47144,-4.833566,1.3344651,32.68562
2025-03-13 06:00:00,0.0,-2.7856214,-5.7158213,-5.9038067,0.87468064,8.625351,-3.8399668,-1.360574,-10.222452
2025-03-13 06:00:00,0.0,-12.091472,-19.49672,3.5474265,-23.22162,-12.520472,-3.9542284,-3.7059236,-2.2155986
2025-03-13 07:00:00,0.0,1.9630576,154.47932,-0.6386073,-2.3041487,1.2530375,-0.97997147,3.9135306,0.3956999
2025-03-13 10:00:00,0.0,-18.270594,-39.13634,2.252524,11.594876,6.9980507,-2.0047357,-0.08908397,-2.263733
2025-03-13 10:00:00,0.0,-50.730263,51.19936,1.995717,9.935439,2.7033355,-2.6756833,0.974224,-16.490993
2025-03-13 11:00:00,0.0,-65.05607,30.101978,0.6091049,15.535958,-8.405675,-3.4718025,2.04992,-5.895276
2025-03-13 15:00:00,0.0,-13.616071,-103.153114,-4.5940747,-5.800572,-4.736947,-0.21630067,-0.14281374,-4.9211955
2025-03-13 19:00:00,0.0,-22.674517,-111.82192,-0.76436126,4.748637,-2.463263,-2.026763,0.27149722,-5.882009
2025-03-14 00:00:00,0.0,100.00588,149.73248,-2.5729103,13.344175,-2.2743213,-2.138231,2.1814969,-3.9615552
2025-03-14 02:00:00,0.0,-25.776539,-115.76305,1.8179529,5.4636226,2.8999586,-1.6464759,0.22758968,-2.6406596
2025-03-14 03:00:00,0.0,-14.569093,49.839737,-22.992619,-22.735596,-16.533241,-8.744172,-0.1462471,-14.640972
2025-03-14 03:00:00,0.0,-27.967115,-31.979534,-0.011309639,13.953868,1.3024722,-2.1201413,3.5836751,-13.458873
2025-03-14 03:00:00,0.0,-35.093998,42.923077,-6.0005074,-35.920483,4.266954,-2.992821,-15.841675,-13.437594
2025-03-14 15:00:00,0.0,-28.788107,-65.212685,1.0216794,-25.742256,0.17321135,-2.7979364,-0.18644325,14.697269
2025-03-14 15:00:00,0.0,52.44505,192.5915,4.927762,17.078405,5.274019,-5.2571487,14.911149,-9.776273
2025-03-14 16:00:00,0.0,-8.481256,-7.1160293,-9.822458,13.059241,-12.793027,-8.350655,0.81201327,-11.600796
2025-03-14 17:00:00,0.0,16.421732,98.39613,-21.107876,18.982954,-19.40392,-2.2416825,7.9088364,-9.444012
2025-03-14 18:00:00,0.0,-16.423933,-24.277199,0.4786402,9.115125,-7.901565,-1.7000515,0.73661995,-8.874833
2025-03-14 19:00:00,0.0,-44.36241,67.08969,4.1657143,-32.748093,3.5569258,-2.349715,-7.630467,-0.05752749
2025-03-14 20:00:00,0.0,24.68845,-145.03136,0.6233309,2.5974655,4.016837,-0.8533097,-0.5665618,-2.5749376
2025-03-14 21:00:00,0.0,-50.934753,68.227135,0.023913674,3.9692752,-2.1441634,-1.2832125,0.8052641,-0.99488163
2025-03-14 22:00:00,0.0,-95.95371,18.692076,1.2143958,17.907104,7.0342536,-1.8396213,3.5123482,-10.914947
2025-03-15 02:00:00,0.0,230.51883,111.468544,-10.562341,-3.90195,7.162973,-1.8123138,-15.189731,35.141624
2025-03-15 04:00:00,0.0,-44.639294,-40.51195,-13.145203,10.194353,-28.882185,-6.349194,1.6757287,22.951674
2025-03-15 04:00:00,0.0,-24.574102,-69.37285,-0.21180186,-9.002999,2.246074,-1.0150757,0.099888995,-5.7480645
2025-03-15 04:00:00,0.0,-10.034798,51.277893,-0.39108425,7.6867857,4.7336245,-3.2415595,-0.008714601,-16.625317
2025-03-15 06:00:00,0.0,96.004135,-199.52942,5.9760995,-14.19278,13.339854,-7.2677994,-1.8647957,12.503272
2025-03-15 06:00:00,0.0,203.62538,108.70925,3.2502224,5.4754596,-34.436684,-10.206251,-1.8477982,37.06802
2025-03-15 12:00:00,0.0,-51.516922,38.456146,-2.0238082,7.311266,11.827509,-0.9903224,0.7796343,-16.342953
2025-03-15 12:00:00,0.0,0.049809627,-36.151035,0.5310111,10.596206,4.334225,-1.5808345,-0.8373264,-8.148021
2025-03-15 16:00:00,0.0,-22.438906,-105.5479,-3.8589673,4.241928,2.440514,-0.14992428,0.15516646,-6.537204
2025-03-15 16:00:00,0.0,52.284542,-32.514095,3.3528767,13.152118,2.109239,-2.1692307,4.276312,-5.658104
2025-03-15 17:00:00,0.0,-38.987732,49.610836,-1.3630351,4.349317,10.06196,-0.09321542,0.4570672,-15.878711
2025-03-15 19:00:00,0.0,-23.10763,-120.125374,1.2020437,4.087532,8.473455,0.40623826,0.61226946,-5.9794126
2025-03-15 19:00:00,0.0,154.92024,63.806023,-11.127764,14.681969,-6.792222,-3.575803,1.2907374,22.947075
2025-03-15 19:00:00,0.0,-36.342815,-117.61903,1.4960214,5.983656,7.761456,0.5038298,0.14563999,15.42772
2025-03-15 21:00:00,0.0,-22.29201,-102.48835,-4.639154,6.157169,-12.109777,-4.516617,0.633375,-7.4622483
2025-03-15 23:00:00,0.0,154.0581,-31.334593,-4.4362254,-20.456968,18.242355,4.648624,0.828482,21.884077
2025-03-16 04:00:00,0.0,88.96179,141.88185,2.3296669,-20.220745,-4.2397304,-2.3410516,2.1018755,-2.6744697
2025-03-16 05:00:00,0.0,-23.453062,-113.17743,-1.3713869,1.5662466,5.055228,0.32275218,-0.008160096,-6.3987594
2025-03-16 05:00:00,0.0,124.74272,93.39235,3.0489259,4.6282454,-30.851206,-13.73217,-3.5122356,11.72148
2025-03-16 06:00:00,0.0,-24.83921,-114.02748,0.36726585,5.0592012,3.4819336,-1.6799976,0.20367861,-5.8264494
2025-03-16 07:00:00,0.0,-18.160854,76.3514,0.07638354,8.022543,-10.386577,-6.4531217,1.0805256,-11.850329
2025-03-16 15:00:00,0.0,-24.4585,-102.04495,2.0737245,-0.98551905,-3.414673,-1.9527668,-1.0382357,-2.0589888
2025-03-16 16:00:00,0.0,-87.200226,19.30689,-5.313524,17.64171,4.2490926,-3.4779236,3.9362476,-14.089691
2025-03-16 17:00:00,0.0,-35.88393,-35.640194,-0.9060871,23.226347,-1.0696614,-3.2760277,0.17031293,22.365568
2025-03-16 18:00:00,0.0,-55.015633,31.478771,0.8134912,7.2755365,4.8142366,-3.8638952,0.8358534,-2.5208201
2025-03-16 21:00:00,0.0,-28.247652,-14.664276,-5.2659273,-24.323687,3.966538,-3.5996628,-1.3943497,-1.9235567
2025-03-17 00:00:00,0.0,217.96304,163.33936,7.4601946,9.959131,-2.7707741,0.47466335,2.330831,33.48245
2025-03-17 01:00:00,0.0,-12.930963,-84.046036,6.2023153,0.9620616,16.706615,5.9991894,0.8441386,-1.0672057
2025-03-17 03:00:00,0.0,1.9526376,-130.84766,0.46373802,4.7330174,4.786831,-1.4511514,-0.3020475,-6.0890865
2025-03-17 06:00:00,0.0,-1.4414195,-93.96783,-0.1403423,-11.188953,6.7639956,-0.6777145,-4.9975686,3.6002092
2025-03-17 06:00:00,0.0,0.16039939,-83.72075,-0.8509381,5.925335,-13.357811,-0.7744638,1.631135,5.9941025
2025-03-17 06:00:00,0.0,26.447191,-146.25555,-6.1291857,0.10488915,7.8101654,-0.2923249,-0.94914246,-2.3577573
2025-03-17 07:00:00,0.0,74.745445,92.35355,-4.023691,7.2877855,5.2857704,-2.742294,-0.84371406,-1.24355
2025-03-17 09:00:00,0.0,-37.339928,51.211563,-2.7738538,10.140527,-5.181354,-4.9625163,0.6611419,-16.900341
2025-03-17 12:00:00,0.0,-33.67364,-120.25576,0.91612,2.4490325,-0.24375926,0.07893742,0.2462053,14.054999
2025-03-17 12:00:00,0.0,294.77844,239.69865,1.2508717,32.892616,36.21212,2.7923741,18.277607,48.41038
2025-03-17 12:00:00,0.0,-24.877508,-98.61395,0.67616063,6.7559333,-4.672054,-2.0498912,1.5914171,-8.013859
2025-03-17 13:00:00,0.0,131.15729,-121.197105,11.826718,-28.577606,25.270632,9.244616,0.55155814,19.016626
2025-03-17 13:00:00,0.0,167.85414,-34.99892,-6.8549438,23.132757,2.515178,2.9906156,7.4351935,30.780712
2025-03-17 14:00:00,0.0,-35.169617,-55.015278,6.6872644,8.930277,-0.22245026,-1.5227561,0.5552303,-6.545094
2025-03-17 14:00:00,0.0,7.0645933,47.253178,-9.098343,-14.233789,-18.648462,-4.669793,0.12424609,-14.560213
2025-03-17 15:00:00,0.0,91.715385,177.19882,-4.9629807,19.271639,-26.472424,0.30621725,3.2508638,0.03161159
2025-03-17 16:00:00,0.0,163.03635,137.7004,-11.527176,0.8083303,-19.090895,-7.205943,-1.8146608,15.0359335
2025-03-17 16:00:00,0.0,7.7577763,50.208157,-0.16780882,-26.270697,4.758717,-2.453894,-10.746917,-13.631037
2025-03-17 18:00:00,0.0,-67.05234,42.94319,-4.473121,-17.987453,-3.803746,-0.9915468,1.2871583,-9.991052
2025-03-17 19:00:00,0.0,-22.3514,-71.18097,-0.6793851,-14.589687,2.0781617,0.8219346,0.70702255,-6.304512
2025-03-17 20:00:00,0.0,-87.92011,19.04684,-0.9601956,16.616077,4.4207892,-2.6372972,3.9435995,-14.374784
2025-03-17 22:00:00,0.0,-0.6142774,-125.707794,0.56529695,-9.473751,0.18541056,-0.98487395,0.5487922,-5.867163
2025-03-17 23:00:00,0.0,1.1737065,-86.48216,-6.2365975,-18.659485,-11.114237,-1.3367712,-3.7347085,2.4461749
2025-03-17 23:00:00,0.0,98.8475,-215.1038,-2.3567946,9.271936,2.505641,-1.1355393,0.63318926,16.317411
2025-03-18 00:00:00,0.0,-28.539146,-27.447239,-6.9030037,13.466703,-15.682149,-3.2397997,-0.13400328,-3.617876
2025-03-18 02:00:00,0.0,-21.406586,-89.85386,0.6801825,-12.466737,-2.7576382,-2.5384998,-1.9011992,-5.386854
2025-03-18 03:00:00,0.0,-28.036318,-44.064137,3.2926097,10.321418,1.3208443,-1.6347322,0.23984478,-2.8245454
2025-03-18 03:00:00,0.0,-79.35986,63.85031,1.4384925,9.196619,-16.029934,-8.526044,0.9135944,38.490517
2025-03-18 07:00:00,0.0,114.59382,-89.838,-12.120067,22.022034,-18.829756,-6.2836976,-2.0044425,22.364073
2025-03-18 08:00:00,0.0,-65.98162,54.16098,-0.9707885,8.144928,1.724598,-3.4244514,1.0651511,37.60003
2025-03-18 09:00:00,0.0,-26.597267,-13.183757,-1.2258512,13.462579,-13.040147,-5.627751,0.870734,-9.686592
2025-03-18 11:00:00,0.0,-24.305677,36.925743,1.3760655,1.7580373,6.8677983,2.958076,-0.308669,-6.7828026
2025-03-18 13:00:00,0.0,-6.612251,79.443634,0.5756903,6.9173174,11.36858,-2.369701,6.2002106,-13.494781
2025-03-18 13:00:00,0.0,-19.446241,23.12817,-1.7390563,-29.639898,4.925216,-0.18183106,-5.035015,-3.9990788
2025-03-18 14:00:00,0.0,122.193146,-198.35594,20.703354,4.218767,30.864466,19.408009,-0.5156374,17.703703
2025-03-18 19:00:00,0.0,-91.08261,81.48627,2.1445065,-19.326395,7.858326,-8.425761,-3.8141017,35.02867
2025-03-18 21:00:00,0.0,215.36195,99.221436,-5.015559,-18.588224,-0.42917237,0.62473434,-1.2508476,33.385303
2025-03-18 21:00:00,0.0,-2.1786003,156.62915,-0.37228093,22.918026,10.783318,0.61373514,3.7055717,0.24673775
2025-03-18 21:00:00,0.0,122.57956,-121.19533,-3.589294,6.0519247,4.3925414,0.76796466,0.4559879,18.551176
2025-03-18 22:00:00,0.0,114.63157,-165.17677,-3.9585922,-1.6984605,19.405306,6.065224,0.4370289,16.436096
2025-03-18 23:00:00,0.0,12.363335,-29.814997,-2.2839417,19.697136,-2.567265,-3.6226742,4.264512,-12.987997
2025-03-19 01:00:00,0.0,84.55595,124.00813,6.3190937,-3.0364091,5.6901484,-0.5811976,2.4130032,0.4302396
2025-03-19 02:00:00,0.0,-27.470446,110.04719,0.86722064,14.939926,-13.4720745,-8.664067,2.3613744,-6.181594
2025-03-19 03:00:00,0.0,-37.355293,33.694023,-2.3252802,17.508867,3.4794655,-3.1669586,4.139239,-17.816975
2025-03-19 03:00:00,0.0,279.69922,259.79236,2.848691,50.58278,-9.62287,0.9099731,17.156631,51.386063
2025-03-19 04:00:00,0.0,244.79103,167.3951,-42.914093,51.99054,-105.46662,3.2540572,10.349867,29.118614
2025-03-19 04:00:00,0.0,-59.96339,40.979576,2.1372652,3.5403051,7.7058425,1.6464963,0.9150681,-15.580178
2025-03-19 05:00:00,0.0,4.2292094,46.892807,-9.892801,-29.171272,9.7293215,-3.0046716,-0.2516672,-14.326551
2025-03-19 05:00:00,0.0,-52.3165,49.323517,3.3764994,-18.097095,2.0387816,-1.4440365,-2.5033128,-16.998713
2025-03-19 09:00:00,0.0,94.599785,-205.76526,-1.3800555,6.1318393,-8.647271,-1.5343198,0.680688,15.041124
2025-03-19 11:00:00,0.0,-81.50828,93.71154,-5.7971163,-1.724251,-30.900845,-5.829429,1.7244837,18.188114
2025-03-19 12:00:00,0.0,33.520596,-30.044722,-4.607381,2.5222075,-7.5435057,0.80751395,-0.96080065,-2.3806646
2025-03-19 13:00:00,0.0,-87.44277,34.365158,-4.8102965,17.437378,-24.80067,-1.6771048,2.363204,-7.3730044
2025-03-19 14:00:00,0.0,-24.385714,-114.331024,0.29629898,4.0074215,6.0783467,-0.9649467,-0.028070036,-6.327918
2025-03-19 14:00:00,0.0,-24.49175,-98.89757,-0.71772027,0.22270095,3.9081278,0.60974896,-0.25881508,-6.2141223
2025-03-19 15:00:00,0.0,-18.53938,-23.618725,0.45271683,9.327738,-21.539454,-9.956681,0.73806614,-9.43228
2025-03-19 18:00:00,0.0,5.591099,-90.458855,2.634873,-3.355978,5.264543,0.25918782,1.1026049,-5.2987638
2025-03-19 19:00:00,0.0,2.389515,-131.59186,0.9512514,2.322999,1.8820626,-0.022679396,0.109000474,-5.7918286
2025-03-19 20:00:00,0.0,-81.590126,21.956263,1.7206484,3.2330043,-1.668023,-4.291531,3.834147,-13.080491
2025-03-19 21:00:00,0.0,-5.2246666,-3.992647,1.517459,9.894996,-2.2896593,-1.8644469,0.8887068,-12.104669
2025-03-19 22:00:00,0.0,22.356129,-107.23803,0.7709459,-3.432801,4.060946,1.6195644,1.8035189,-2.2755375
2025-03-19 23:00:00,0.0,12.602663,15.023272,-1.6649824,-60.576576,5.9260144,-2.5970843,-27.456232,-7.168576
2025-03-20 00:00:00,0.0,-5.8747077,84.931946,3.6458752,-9.868377,12.065636,2.2463117,2.64985,-2.9759705
2025-03-20 01:00:00,0.0,27.902138,-82.48419,1.6528786,10.194574,-8.389961,-0.3590375,0.59731233,-3.0003946
2025-03-20 02:00:00,0.0,-32.1393,25.587921,-1.160074,2.965264,-3.375301,-3.46903,-2.3880162,0.44766513
2025-03-20 02:00:00,0.0,-70.4347,32.61653,6.312515,10.060233,6.7594194,-2.159565,2.4394825,-7.0920467
2025-03-20 10:00:00,0.0,63.4579,67.92706,0.017286897,-2.4766848,4.28671,0.8999013,-1.3887893,-0.9707957
2025-03-20 10:00:00,0.0,-14.462553,-113.91216,0.55854964,-8.405806,2.6828938,0.33541852,0.19967996,-5.1059484
2025-03-20 11:00:00,0.0,-33.83728,13.200981,1.5431664,-27.307081,-8.162985,-4.9707155,-4.3377085,-11.761607
2025-03-20 12:00:00,0.0,66.30583,90.573135,10.817579,8.082878,14.019415,4.42755,-1.0028017,-1.5266008
2025-03-20 12:00:00,0.0,-55.20047,31.887049,-2.5799055,11.781894,1.2573999,-4.416242,0.7473107,-2.4085007
2025-03-20 13:00:00,0.0,8.147312,-6.7115164,-0.6264133,-3.0975337,-5.67674,-2.730559,3.251802,3.3069735
2025-03-20 13:00:00,0.0,162.23782,-23.868643,7.402987,6.261055,-8.508059,2.798809,7.8396335,32.614838
2025-03-20 14:00:00,0.0,10.360031,183.15295,-0.59534514,22.690125,7.871212,-2.2172937,5.383525,-6.1281514
2025-03-20 17:00:00,0.0,-29.816689,15.909488,-5.783748,8.697845,3.335764,-0.6679432,1.6809009,-11.218603
2025-03-20 18:00:00,0.0,92.54996,-213.07176,-0.057423383,-18.769028,-0.23833764,2.951809,0.50598115,13.589863
2025-03-20 22:00:00,0.0,-6.01746,-112.42674,-0.419544,-1.9113488,6.3808665,-1.0004606,-1.7439406,0.132808
2025-03-20 22:00:00,0.0,-27.753628,-18.470905,1.6621147,-24.37263,-6.8458376,-2.1247575,-2.0540128,-8.200725
2025-03-20 23:00:00,0.0,244.11342,175.05412,1.0417069,4.3057547,14.025107,0.58507353,1.2089567,37.941837
2025-03-20 23:00:00,0.0,-25.523249,-106.462135,0.5050571,5.671069,-2.9710317,-2.1662533,-0.13269314,-2.916601
2025-03-21 00:00:00,0.0,-54.406742,45.20848,0.652574,8.7649,4.956164,-3.8240225,0.7225506,-1.5006602
2025-03-21 01:00:00,0.0,213.63277,160.03206,-51.937355,-38.45263,-15.711097,4.040462,2.5232172,24.923903
2025-03-21 02:00:00,0.0,189.13922,145.26494,-6.9025846,-16.890625,-2.9090993,6.8676333,7.720211,25.74498
2025-03-21 03:00:00,0.0,26.801296,-135.47368,-1.2285373,9.9999485,-1.8654493,-0.85269743,1.0969912,-6.241834
2025-03-21 03:00:00,0.0,-103.1722,99.158325,-1.1353247,23.71527,-10.940858,-6.4100733,5.452882,50.55659
2025-03-21 03:00:00,0.0,225.29391,99.28102,-0.5362736,2.4539082,11.734614,5.3378243,-1.1777244,35.821243
2025-03-21 04:00:00,0.0,54.417862,123.31189,10.161005,10.516374,4.016389,-0.90112823,10.781785,-10.248173
2025-03-21 05:00:00,0.0,99.841896,-193.51788,-2.4188151,5.7630672,-1.3689502,0.66393626,-0.4016879,17.591452
2025-03-21 05:00:00,0.0,25.040829,-146.30843,0.73780304,0.40682414,-1.3596952,-1.3307889,-1.0439651,-2.1716504
2025-03-21 07:00:00,0.0,-24.430687,-111.500114,-9.488533,5.8630595,-5.6324863,0.30475414,0.02943279,-6.3186636
2025-03-21 09:00:00,0.0,-16.274487,67.416824,-0.3153998,7.0834193,-14.082094,-4.171542,0.42253673,-8.131073
2025-03-21 13:00:00,0.0,-37.918762,23.899931,7.882178,-6.972089,-2.3798513,-2.3500807,-0.24901822,-14.3354225
2025-03-21 14:00:00,0.0,64.00453,95.86798,1.6102642,13.299923,-3.2767415,-1.3247107,3.2510755,-2.3219588
2025-03-21 14:00:00,0.0,-12.686455,69.67624,3.9318733,-32.57003,6.109193,0.53204805,-7.330635,-1.3248175
2025-03-21 16:00:00,0.0,-5.1834126,-106.20786,-0.59761107,0.7444173,7.715376,0.19414304,-1.3186092,0.3618309
2025-03-21 16:00:00,0.0,-31.128881,-111.89733,0.742823,-1.4654503,1.7565349,-1.0659822,-1.0500379,14.32097
2025-03-21 17:00:00,0.0,21.640333,-106.98074,2.1130207,-24.562063,-3.8265388,-1.1583531,-1.1541005,-1.3962811
2025-03-21 19:00:00,0.0,-43.086987,24.745308,10.877526,6.966972,18.89851,5.5217905,1.5148444,-14.637673
2025-03-21 19:00:00,0.0,-26.655828,-99.38209,-2.2928967,-1.8654599,5.4710484,-0.77046174,-0.41182262,-2.95993
2025-03-21 20:00:00,0.0,-24.758257,-62.303505,-10.254889,-16.55749,-0.81003726,0.21507223,-0.23523128,-2.8565807
2025-03-21 22:00:00,0.0,-97.66791,104.09049,3.9956503,7.7800922,-1.7937679,-3.9691124,5.557533,49.567734
2025-03-22 00:00:00,0.0,-80.75325,78.14752,3.74959,-11.893253,-5.8183575,-4.4636836,1.5526773,31.33089
2025-03-22 00:00:00,0.0,-20.960558,-85.96817,-3.526851,-10.200856,-4.8114443,-4.302086,0.0036624745,-1.2667748
2025-03-22 00:00:00,0.0,-42.25032,48.863777,0.30043623,9.416078,4.287045,-2.4091375,0.35671413,-16.387936
2025-03-22 02:00:00,0.0,-20.621393,-98.13749,2.1688764,-3.329163,-3.8321788,-0.8491479,0.6807573,-7.49721
2025-03-22 02:00:00,0.0,-21.672785,-101.6106,0.6323074,9.961768,4.5900855,-1.0415285,1.594724,-8.492888
2025-03-22 03:00:00,0.0,-67.48597,45.023037,-1.5422506,15.314363,-3.6422057,-3.1695223,3.5494537,-23.339191
2025-03-22 04:00:00,0.0,0.63802373,111.38027,2.6326637,15.541423,-4.8916936,-2.5808547,3.7404904,-9.292647
2025-03-22 05:00:00,0.0,236.1198,163.80789,3.9648023,16.24378,-3.742311,2.857968,4.115521,39.55283
2025-03-22 06:00:00,0.0,6.721543,-108.32993,-1.6533946,11.0903845,0.7109353,-1.2394518,1.731909,-7.614916
2025-03-22 10:00:00,0.0,-36.917553,0.6421919,-7.5200663,6.457945,-15.017495,-3.1988811,0.27265579,-1.4630959
2025-03-22 11:00:00,0.0,-24.901266,51.152187,11.70431,2.9447024,-9.961754,-4.827902,-0.29419053,-7.295524
2025-03-22 14:00:00,0.0,43.451168,42.235783,-5.3694973,6.913649,-18.101242,-0.53387016,1.2685225,-4.655856
2025-03-22 16:00:00,0.0,-18.565823,-118.56196,-2.4039943,1.9733132,4.5443025,0.1653755,0.36603677,-6.183901
2025-03-22 18:00:00,0.0,301.3916,272.38354,2.9424999,56.740055,34.08506,11.35309,18.532238,51.47259
2025-03-22 19:00:00,0.0,-85.485214,16.330719,1.3642186,15.875904,-2.976516,-3.9096153,3.110935,-10.566164
2025-03-22 19:00:00,0.0,-2.401755,64.49821,1.4063592,-109.5472,-17.92529,-9.681236,-38.321957,-8.8624525
2025-03-22 21:00:00,0.0,-22.54767,-118.7983,-1.3999699,2.9436817,4.8822284,0.20877062,0.52514213,-5.9061193
2025-03-22 22:00:00,0.0,-64.56071,60.575256,-13.637312,-15.750278,-5.162962,-1.1248641,1.4270327,-12.167872
2025-03-22 22:00:00,0.0,-88.66133,60.83097,2.2549002,3.4597914,5.7210364,-3.0340989,4.449293,-19.296333
2025-03-22 22:00:00,0.0,-34.975323,-98.90787,-1.6508747,-6.5382447,0.0001352951,-2.1119242,-3.120476,16.576807
2025-03-22 23:00:00,0.0,97.623344,-197.86313,-1.1961215,4.300722,0.5552058,0.08922,-1.3929982,15.087072
2025-03-22 23:00:00,0.0,-39.89746,-37.18365,0.92756504,12.817643,-6.0625277,-3.771455,0.74661964,-9.452201
2025-03-23 00:00:00,0.0,-89.0783,16.187098,0.7380763,15.0615225,-13.214871,-7.549715,3.3978176,-10.684428
2025-03-23 00:00:00,0.0,-26.732378,19.445473,-11.029316,-28.85959,-19.684307,-10.393969,-2.5254066,1.2536066
2025-03-23 03:00:00,0.0,-33.059715,104.338806,-3.1571577,-5.65995,3.144851,-3.237035,2.4691951,-7.008948
2025-03-23 04:00:00,0.0,-21.764725,-109.10967,-0.8310254,1.8893595,-4.9026766,-1.510265,-0.0006623927,-6.151802
2025-03-23 06:00:00,0.0,-3.268866,-109.560234,-0.31426987,-1.8853208,4.461217,0.5262364,-2.5695772,0.88499606
2025-03-23 06:00:00,0.0,-20.436789,104.543976,-3.071955,23.250584,2.267877,-2.5018365,4.4785404,-10.200681
2025-03-23 09:00:00,0.0,-6.842668,-81.51004,0.51186126,-8.896087,-4.925356,-1.5279808,1.212739,-0.68348366
2025-03-23 09:00:00,0.0,-9.694606,112.19372,-11.137243,-49.33994,3.4349432,-1.5682651,-11.304409,-2.9442868
2025-03-23 13:00:00,0.0,-47.039127,29.57229,-3.102728,4.345163,1.708883,-1.5458778,0.8365708,-15.130217
2025-03-23 15:00:00,0.0,-39.408916,-41.24764,-0.885113,-13.132092,9.810049,-0.7794248,0.58581865,-8.443964
2025-03-23 16:00:00,0.0,218.89226,169.71364,-0.079267375,14.7077265,-4.374441,-0.13130444,4.0229135,32.84517
2025-03-23 17:00:00,0.0,-51.83587,62.45726,1.8726538,8.880267,2.9810889,-3.5880144,0.9470805,-1.4271426
2025-03-23 21:00:00,0.0,-28.699648,18.868105,-2.0764534,-22.134535,-6.3596597,-4.500746,-2.7453456,0.4965668
2025-03-23 22:00:00,0.0,-24.183304,-89.58741,-1.0993127,-6.284772,-0.68618333,-1.5791785,-4.064359,-7.0546465
2025-03-23 23:00:00,0.0,-53.5881,23.61783,-7.5142794,-7.7588162,-15.525032,-8.617744,0.6080786,-14.817341
2025-03-23 23:00:00,0.0,70.03013,90.131035,2.5530295,0.7344445,9.215901,3.866573,-0.93355894,-0.9659381
2025-03-24 01:00:00,0.0,-15.197324,159.75424,0.56086445,11.84294,-1.9708935,-4.6587815,6.5621696,-7.8438087
2025-03-24 03:00:00,0.0,-34.54409,-28.086525,-0.2802162,-23.502943,-22.172432,-9.384009,-1.8608769,-8.087587
2025-03-24 04:00:00,0.0,97.71629,-210.92998,-6.587348,5.240014,-3.2797105,6.5310264,0.5142328,15.348997
2025-03-24 05:00:00,0.0,-33.672764,-54.027077,0.9521088,9.813512,-0.7058762,0.5097003,0.5306973,-6.468513
2025-03-24 08:00:00,0.0,-14.246854,-28.667984,0.93888485,12.378201,11.291725,0.5149208,1.1920681,-3.933825
2025-03-24 09:00:00,0.0,-30.784632,92.76546,1.4050324,-26.83646,-4.239754,-2.964444,-5.29074,-15.868162
2025-03-24 09:00:00,0.0,-10.580588,111.74607,6.1648765,-28.151691,-7.8800516,-3.5302758,-8.806665,-2.0655034
2025-03-24 09:00:00,0.0,-4.6127305,-118.91696,1.7345532,6.308471,-4.4950576,-1.4251857,0.6600275,1.2885113
2025-03-24 09:00:00,0.0,-15.839486,163.80742,-1.7116803,26.311523,-12.104367,-8.089736,5.9787326,-8.008099
2025-03-24 12:00:00,0.0,-0.8421092,-65.63472,-2.1638477,10.390063,-17.668964,-8.597987,0.4645903,-6.6135654
2025-03-24 15:00:00,0.0,-14.972072,-113.7543,-2.1686378,2.8500714,-15.371416,-7.812647,0.4261563,-6.0225415
2025-03-24 15:00:00,0.0,3.8062944,-9.31151,-0.7800102,14.256055,4.3873525,-0.7534385,3.2223594,2.1513286
2025-03-24 16:00:00,0.0,-31.379381,-35.510735,-2.7635307,20.864069,-18.463192,-8.713791,0.21509525,22.001375
2025-03-24 22:00:00,0.0,34.464394,-34.7214,-2.03796,5.5856996,5.480679,2.601622,-1.5452336,-2.599518
2025-03-25 00:00:00,0.0,-19.709608,18.002274,-14.008217,-26.400017,-0.02336739,-0.8325809,-3.2824526,-10.520398
2025-03-25 02:00:00,0.0,-1.3106518,-70.78237,-2.6375844,-1.3503615,-0.41577765,-0.8318434,0.31412312,-6.751705
2025-03-25 06:00:00,0.0,-58.86418,41.211937,-3.7824564,4.5303564,1.689239,-1.417416,0.89807916,-15.52975
2025-03-25 07:00:00,0.0,147.61668,-49.54411,-1.5804965,8.585628,8.77893,2.3450096,-2.6158493,25.083965
2025-03-25 11:00:00,0.0,24.61242,-110.50536,-0.2887558,9.334701,0.09825675,1.2754563,0.504109,-2.2850914
2025-03-25 12:00:00,0.0,-16.198261,64.567635,3.3280244,-9.2452965,-2.866454,-3.155209,0.75528955,-2.6492403
2025-03-25 13:00:00,0.0,100.8589,-222.11987,-2.6825547,6.5732274,10.582461,-0.04266591,0.79848766,16.601025
2025-03-25 14:00:00,0.0,-39.98932,-19.605343,-0.38211468,17.626871,-6.158367,-3.8628285,0.5595104,23.444103
2025-03-25 15:00:00,0.0,-95.7779,79.458466,3.841655,19.907816,-1.0878962,-4.588129,4.910128,43.98209
2025-03-25 15:00:00,0.0,-40.77925,65.735565,2.4369395,-15.192292,5.9967895,-1.0409629,-1.1402764,-16.973064
2025-03-25 16:00:00,0.0,215.21788,154.33916,2.5500104,-21.450344,4.0980587,1.1474862,-0.49264032,31.403362
2025-03-25 16:00:00,0.0,91.91383,-210.1595,1.571228,-12.046536,2.079575,1.1153476,0.79976696,14.655085
2025-03-25 18:00:00,0.0,-67.61699,116.38446,3.2276678,12.280619,2.896084,-4.5395885,2.878059,0.39718756
2025-03-25 18:00:00,0.0,-9.318169,48.796394,3.9888184,9.814057,-0.33139735,-2.4900408,-0.085451946,-16.674229
2025-03-25 20:00:00,0.0,-14.09333,-98.7758,0.38437596,-11.316371,2.6318274,0.9234625,-0.44371328,-5.3259363
2025-03-25 21:00:00,0.0,168.91783,1.40291,-2.87547,0.7855229,25.453653,5.9044013,1.0286466,26.048828
2025-03-25 21:00:00,0.0,-22.633167,26.910414,-3.1556382,5.3135605,6.576063,-1.09587,0.06167938,-7.7347946
2025-03-25 23:00:00,0.0,-61.348377,74.407005,1.2677181,12.6718855,-2.8633232,-4.4315815,1.2835487,38.597572
2025-03-25 23:00:00,0.0,61.893837,53.93474,-11.112956,8.559451,-7.43342,0.14723022,-1.2698686,-2.9560003
2025-03-26 00:00:00,0.0,-59.826725,10.524161,-4.110189,-49.54029,2.8584898,-2.553427,-8.398391,-8.253345
2025-03-26 01:00:00,0.0,-74.17458,73.90467,-0.94285977,-0.010054328,4.7987976,-4.065012,-3.3181367,38.291115
2025-03-26 02:00:00,0.0,27.133812,-155.2279,-0.47431996,7.1670613,-1.4238394,-1.3387815,0.5639313,-3.3155434
2025-03-26 03:00:00,0.0,217.01901,100.44752,-0.6492975,5.1875873,0.60772747,2.7371883,-1.2359403,35.383377
2025-03-26 04:00:00,0.0,27.783953,-129.07635,2.7329578,-18.757261,1.5024472,-0.6403832,-3.1103122,-3.010552
2025-03-26 05:00:00,0.0,-64.948814,125.91201,2.1788447,15.687485,1.0440153,-2.5418372,2.8515503,1.0845144
2025-03-26 07:00:00,0.0,-60.83356,73.4249,0.03998892,3.518938,5.651389,-2.4488533,1.4362341,37.544437
2025-03-26 09:00:00,0.0,1.8629724,-114.87592,-1.1807396,6.842896,-11.808552,-4.2686176,0.55448437,1.2885675
2025-03-26 12:00:00,0.0,-15.064855,-106.82265,-0.0011394434,-9.490524,0.11439429,0.21592632,-0.17028648,-5.4385037
2025-03-26 14:00:00,0.0,-40.155193,-93.788605,-1.0971221,5.803616,-1.0751457,0.06888598,1.1459699,19.72501
2025-03-26 14:00:00,0.0,-42.809113,-45.253826,7.256207,3.0911384,14.949173,0.9365287,0.223353,20.284954
2025-03-26 17:00:00,0.0,2.897337,-58.197346,-2.7933807,-22.132357,-4.853261,-3.4508843,-11.287728,-9.779006
2025-03-26 18:00:00,0.0,123.4068,-120.36394,-8.558339,8.6711445,4.915284,1.6558207,0.77828616,18.625727
2025-03-26 19:00:00,0.0,-58.952362,42.398865,-2.8191361,1.8880835,-2.5511343,-0.6000411,0.6954396,-15.619593
2025-03-26 20:00:00,0.0,-55.69,18.915121,-1.5304623,-21.077795,2.1383166,-3.0482461,-10.778799,-5.2116613
2025-03-26 22:00:00,0.0,-41.11039,32.30849,0.71363753,10.398234,4.94697,-1.6108081,-0.21098094,-15.657845
2025-03-27 01:00:00,0.0,-57.292267,88.46423,0.3691449,9.637225,1.2594657,-2.6859882,1.6870104,-3.6273124
2025-03-27 06:00:00,0.0,-16.897013,-116.896194,-0.42154193,5.1319165,-2.1390457,-1.8969905,0.20359962,-5.887396
2025-03-27 07:00:00,0.0,12.600289,-28.74219,2.4632685,16.828264,-4.558189,-3.520818,4.2968354,-13.17827
2025-03-27 08:00:00,0.0,-57.576927,67.139656,0.13742019,-2.1033382,0.90982693,-1.554561,-2.5135736,-1.3022559
2025-03-27 10:00:00,0.0,-64.346634,30.950726,-4.9342628,7.8228354,-6.15734,-7.032093,2.235085,-7.434872
2025-03-27 10:00:00,0.0,5.522593,-35.497196,0.2522108,-18.060055,2.7306497,-1.5952823,-8.532332,5.619142
2025-03-27 12:00:00,0.0,-26.92846,-76.05925,2.0589163,0.93756807,-2.111835,-1.7053618,0.012935324,-6.763523
2025-03-27 15:00:00,0.0,-55.556393,24.603207,-2.566962,5.915773,-7.6586084,-4.824638,0.50260293,-15.922033
2025-03-27 15:00:00,0.0,16.928423,49.2847,-1.5349287,-71.0861,-27.99778,-8.039964,-30.003521,-9.0171995
2025-03-27 16:00:00,0.0,-95.94123,16.936827,2.7997117,19.095154,13.51518,-0.040379167,3.457421,-10.8869705
2025-03-27 18:00:00,0.0,4.2900147,-31.282192,-7.7738175,-43.10348,-8.133652,-4.461222,-8.401517,5.3891754
2025-03-27 19:00:00,0.0,-12.938637,-81.77476,-0.4217633,-6.371389,-0.02051886,-1.7143095,0.34719443,-5.5008273
2025-03-27 20:00:00,0.0,1.2405219,-128.05258,-0.40233603,7.924545,3.6447737,-1.2680652,-0.47725612,-6.1450324
2025-03-27 20:00:00,0.0,40.887974,39.93638,1.1663462,14.958039,15.05623,0.21669312,6.437329,-13.262335
2025-03-27 22:00:00,0.0,-26.646532,-90.86465,1.5906323,-15.203143,2.2726467,-1.9142,-2.1098952,-2.4900827
2025-03-28 00:00:00,0.0,97.3661,-214.93578,-2.5191905,-18.293716,14.294988,1.5616353,0.53901035,13.720327
2025-03-28 00:00:00,0.0,21.952671,-152.63737,0.12047623,3.172078,-1.5088451,0.13119876,0.069776975,-3.8553245
2025-03-28 03:00:00,0.0,30.616714,-54.364407,4.5132174,-18.60108,-18.052746,-2.7662234,0.8693019,-1.7477932
2025-03-28 05:00:00,0.0,167.67711,-65.70621,26.188992,21.091532,29.784376,23.614307,1.0314521,23.790163
2025-03-28 06:00:00,0.0,-0.03023545,-111.7282,-5.364908,6.403697,-5.988846,-3.915412,-0.5506709,-6.005458
2025-03-28 12:00:00,0.0,-7.351658,-61.608223,-0.121936955,0.1891711,-8.209346,-0.892933,1.2058538,-2.5037675
2025-03-28 13:00:00,0.0,-21.075653,-109.787796,-1.5723811,4.440178,-8.247351,-3.5934238,0.41328824,-6.0402083
2025-03-28 14:00:00,0.0,-10.487446,-35.703014,3.1603572,2.4353852,-7.758537,-0.33051643,1.3993763,-1.6504813
2025-03-28 15:00:00,0.0,-36.861233,-5.0996857,-0.18765715,6.4923863,-6.2891803,-2.742113,0.6253227,-9.977379
2025-03-28 17:00:00,0.0,-48.78499,61.803043,-4.3792415,11.026775,-4.827147,-5.5967913,0.92615116,-1.6901623
2025-03-28 20:00:00,0.0,-75.565216,95.811935,7.4235687,-6.1722965,10.954934,-0.821717,-6.1293745,33.236668
2025-03-29 02:00:00,0.0,0.915964,-130.92407,-0.41076335,6.4803877,1.6849542,0.7859,0.5174013,-6.127324
2025-03-29 03:00:00,0.0,69.02317,90.065155,-2.0075548,-2.1523507,-3.3734305,-0.94950175,-0.998885,-0.7261543
2025-03-29 04:00:00,0.0,-19.534504,-36.933372,-1.8142895,17.924887,2.8605385,-1.7301583,0.52062976,-8.337188
2025-03-29 05:00:00,0.0,-55.58347,41.045963,1.6270212,7.454824,7.9035,-1.6610186,0.7486112,-16.46883
2025-03-29 07:00:00,0.0,-19.649147,-22.506882,1.1888798,-0.3678758,12.670269,-0.6264178,-3.0719883,-4.818312
2025-03-29 09:00:00,0.0,-51.92578,48.38919,-2.1365907,4.4300704,6.8075886,-0.27440295,0.9583243,-15.78861
2025-03-29 09:00:00,0.0,25.852415,-122.341515,0.3467625,7.498377,9.349558,0.8180871,1.7694609,-3.4888802
2025-03-29 09:00:00,0.0,-40.666233,23.92541,-0.8319865,9.371265,2.3947747,-2.5090501,-0.1325677,-15.229792
2025-03-29 12:00:00,0.0,-58.98857,37.406467,-1.297618,-0.24817608,1.3219435,-3.180524,-1.9357299,-3.0703235
2025-03-29 13:00:00,0.0,-14.126056,-88.77603,0.8722391,-15.126072,6.8635488,-0.478964,-0.7440401,-2.2302575
2025-03-29 14:00:00,0.0,-38.571255,-50.79181,0.5705955,-5.600699,-0.5317595,2.2453978,1.7991941,-11.676891
2025-03-29 16:00:00,0.0,-34.822445,72.96541,-7.807552,-21.934828,0.59217685,-4.1232114,-2.102997,-14.551594
2025-03-29 17:00:00,0.0,-9.066876,165.70105,3.3121243,26.124037,-17.40129,-0.27261427,5.7214355,-7.3169165
2025-03-29 18:00:00,0.0,93.21389,187.2735,-11.479386,22.2522,-7.8527527,0.44241214,4.883242,1.22621
2025-03-29 20:00:00,0.0,-18.511148,-43.762222,1.4623835,11.402712,-4.54907,-1.5791677,-0.049953505,-2.2184157
2025-03-29 20:00:00,0.0,24.227716,71.92005,6.137684,12.08238,11.622791,-0.97431946,4.090806,-13.197161
2025-03-29 21:00:00,0.0,-82.44284,71.479904,-2.075051,-1.7905799,-2.7925582,-6.625875,-3.0593026,38.968807
2025-03-29 21:00:00,0.0,-0.22060749,154.35014,4.2240086,-2.837383,12.295069,1.7345133,3.8045652,0.21442842
2025-03-29 21:00:00,0.0,-30.076155,104.63329,-1.2177593,12.603181,3.7213838,-3.6837358,2.5073016,-8.18989
2025-03-30 01:00:00,0.0,21.05898,-144.83995,-2.4844317,-11.616949,0.5274023,-0.18731607,0.10501785,-2.3730116
2025-03-30 03:00:00,0.0,-28.98075,-33.38699,3.004346,17.392889,6.9083576,0.75568616,0.73894215,-8.381958
2025-03-30 03:00:00,0.0,-30.088373,-69.93813,-1.2672145,-4.4614906,0.6639247,-3.2551293,1.2840542,14.7335205
2025-03-30 04:00:00,0.0,-10.262802,109.99854,0.2347205,-29.041697,0.6571777,0.20308529,-10.521889,-3.2092664
2025-03-30 04:00:00,0.0,-46.808155,64.90831,5.038271,12.35141,-0.7316935,-2.5678976,1.3631932,-16.153687
2025-03-30 07:00:00,0.0,-63.470417,47.129597,3.7378533,7.955776,6.7034826,0.63865364,0.91002643,-16.082766
2025-03-30 08:00:00,0.0,-32.73472,-120.186485,-3.731738,6.0550365,-3.1534057,-4.008885,0.25625235,14.329902
2025-03-30 09:00:00,0.0,-1.2368459,-86.684616,7.1553817,11.468151,10.951184,5.9670744,2.0075529,6.8468385
2025-03-30 09:00:00,0.0,-23.327646,-66.88946,3.9330268,-11.890424,3.355413,1.2795495,0.64728725,-6.291328
2025-03-30 13:00:00,0.0,95.76144,191.71646,-3.185463,22.661028,-3.6932874,-1.3152202,4.6576567,1.7261553
2025-03-30 13:00:00,0.0,-62.53791,118.8661,0.8149191,-3.347904,-1.5437417,-4.409192,2.8674252,0.97203386
2025-03-30 14:00:00,0.0,-45.81788,-49.5853,-0.36756027,10.716298,12.311078,0.95438397,2.0285738,-12.750448
2025-03-30 16:00:00,0.0,8.504765,96.75113,-2.769245,23.600891,-2.922886,-0.49671057,5.9655924,-13.727746
2025-03-30 17:00:00,0.0,63.761932,53.490025,4.4569855,9.157659,4.522799,-1.2369055,-1.0984454,-2.908011
2025-03-30 17:00:00,0.0,176.30995,149.23746,-10.625329,-12.231789,-16.419329,2.509199,-0.9025386,23.070795
2025-03-30 19:00:00,0.0,-21.351068,-104.18268,1.2456305,-7.068744,-2.1967287,-1.985946,0.058943868,-5.25775
2025-03-30 21:00:00,0.0,231.32149,131.11249,-2.6894414,16.10049,20.427553,2.0103528,-1.7599001,39.48521
2025-03-30 23:00:00,0.0,110.42816,-158.8854,0.060065523,-17.707348,13.100682,0.44304043,0.5048374,16.319948
2025-03-30 23:00:00,0.0,0.124375165,-54.57282,1.5049524,-26.20881,-20.195427,-9.293001,-1.1643157,-6.6218424
2025-03-31 02:00:00,0.0,88.04807,144.83273,1.4104137,-20.411068,-5.375545,-1.3993115,-5.2911763,-1.1312377
2025-03-31 03:00:00,0.0,51.79574,-32.985775,0.49617925,12.857325,-1.4656744,2.975193,4.141431,-5.832361
2025-03-31 04:00:00,0.0,-17.121416,41.80057,0.39814636,0.25924692,-14.894845,-2.3374965,0.26440212,-3.3171074
2025-03-31 05:00:00,0.0,-15.33612,-74.465126,0.35540947,4.2560124,1.1146564,-0.16545719,0.56954473,-6.397077
2025-03-31 07:00:00,0.0,-50.307636,62.75867,1.3111968,6.5544915,0.8301722,-3.0052574,0.9577391,-1.1769836
2025-03-31 08:00:00,0.0,-54.54822,26.338997,3.9756758,-10.367604,-5.6847725,-3.2194102,0.50519955,-15.05454
2025-03-31 08:00:00,0.0,223.43958,104.617516,-11.631388,15.147793,0.9208658,-4.5513444,-0.9964469,37.792152
2025-03-31 08:00:00,0.0,42.205307,-22.269573,-5.9564652,8.448226,9.337019,0.11458096,0.97780615,-1.8794717
2025-03-31 10:00:00,0.0,211.75775,98.32785,-2.979329,-18.396208,1.5704896,2.0048144,-1.2306603,33.59829
2025-03-31 14:00:00,0.0,285.48923,257.08713,12.113582,56.46085,-3.6162562,2.2800798,17.116766,52.113537
2025-03-31 14:00:00,0.0,86.933586,145.91513,2.791918,-25.99082,5.6370497,-0.65798914,-11.383711,-1.2024596
2025-03-31 16:00:00,0.0,-31.149351,22.621279,1.9494679,9.647053,-5.880236,-3.0705075,0.98136026,-0.17207928
2025-03-31 19:00:00,0.0,-8.735359,71.98277,1.1310197,-13.161096,-11.296701,-3.6573493,-7.249621,-3.6999679
2025-03-31 19:00:00,0.0,-53.067173,-16.052488,2.6086695,-45.785423,-1.1587929,-2.4947948,-8.766925,-7.5375814
2025-03-31 21:00:00,0.0,-33.359726,30.31519,-3.2713568,12.981745,0.67053795,0.044523492,1.964114,-11.81954
2025-03-31 21:00:00,0.0,-23.746067,-101.548325,1.0405778,0.48250815,2.0992928,-1.3577199,-0.008877264,-1.6992795
2025-03-31 22:00:00,0.0,-31.794847,-107.52362,-7.2089157,-1.5195758,-2.208505,-1.3191656,-0.9709402,14.374344
2025-03-31 23:00:00,0.0,-38.07522,64.42173,-5.477075,-15.867207,1.6254958,-0.6157541,-1.1400441,-15.752391
2025-03-31 23:00:00,0.0,128.25327,-89.929504,3.7264302,19.01662,3.48826,-0.48771763,-1.0549648,22.746574
2025-04-01 06:00:00,0.0,-23.309568,-102.79391,-4.948016,1.5256435,-13.283498,-1.855221,0.10182796,-5.943149
2025-04-01 07:00:00,0.0,-15.482228,-110.21314,-0.92079514,3.5864465,-3.189741,-0.85787165,-0.02882972,-6.3328586
2025-04-01 08:00:00,0.0,-14.378792,-114.32552,-1.191513,6.517846,-12.9220705,-5.888513,-0.06928876,-6.0678244
2025-04-01 08:00:00,0.0,-38.43259,18.257824,-2.9229312,11.302841,-15.156923,-7.4651003,1.3921591,-12.043183
2025-04-01 11:00:00,0.0,-64.16922,45.425385,-2.4058788,13.789268,5.5186024,-5.2348166,1.0126371,36.912865
2025-04-01 11:00:00,0.0,-51.157322,13.315428,-0.103169076,-28.786858,-16.042494,-8.348938,-8.174515,-10.12162
2025-04-01 12:00:00,0.0,-11.72429,106.82022,-1.2564074,14.981054,-3.441533,-2.2136192,1.5426832,-4.419854
2025-04-01 16:00:00,0.0,-6.5444174,70.72205,1.9789761,1.8621519,2.950745,0.22842453,-0.0065042526,-16.98207
2025-04-01 17:00:00,0.0,-31.811058,-71.37406,0.8437729,16.142082,-4.6864085,-3.6752274,0.6025519,-6.9788594
2025-04-01 19:00:00,0.0,-33.233818,-82.25806,-1.7252642,5.8180356,0.06124635,-2.1389008,1.2903615,15.965147
2025-04-01 21:00:00,0.0,-28.802702,-93.40957,0.8918778,-8.878851,-3.8937857,-2.6823258,0.016397895,12.083651
2025-04-01 21:00:00,0.0,51.919964,184.49834,14.5852785,21.29584,-39.452778,-2.9091,12.483224,-6.4921193
2025-04-01 22:00:00,0.0,0.8147059,-126.41236,1.0285782,7.4708104,-4.31476,0.1770354,0.013621317,-5.678599
2025-04-01 23:00:00,0.0,-12.973344,-87.64494,1.1378975,-9.281665,-15.128958,-7.3672166,0.23538327,-5.0464225
2025-04-02 01:00:00,0.0,-14.243799,71.64275,-4.594675,4.0561705,-17.457476,-2.1541073,0.83561707,-4.109009
2025-04-02 02:00:00,0.0,-0.2863149,-89.52112,1.6423607,-8.777992,-8.7368355,-0.7754295,-3.7806885,3.7212653
2025-04-02 03:00:00,0.0,-57.596386,88.313866,1.6540315,9.200122,1.9619116,-3.2235014,1.7014905,-3.7991526
2025-04-02 04:00:00,0.0,-29.14796,-30.689003,-2.5408735,-18.731947,-3.536199,-6.106187,-0.6830292,-6.8574295
2025-04-02 07:00:00,0.0,31.3664,82.99318,-3.206299,23.190975,2.6484196,-2.9404988,4.220552,-13.779404
2025-04-02 09:00:00,0.0,158.44006,-30.65145,-1.6226287,-1.8042471,16.234978,3.9534805,0.91576153,23.254408
2025-04-02 09:00:00,0.0,-56.527313,25.97844,-2.207952,14.425925,-2.87006,-3.6051593,1.7205273,-13.804622
2025-04-02 13:00:00,0.0,-24.549608,-103.18414,-1.4300832,-2.2494116,2.224908,-1.885385,-1.0207632,-2.1732244
2025-04-02 14:00:00,0.0,275.91278,200.24866,8.325537,25.762064,17.814009,6.198815,16.159546,46.015392
2025-04-02 15:00:00,0.0,42.847233,-17.987568,-3.2840385,-16.104597,5.817312,0.20583473,0.68825436,-1.2086134
2025-04-02 17:00:00,0.0,63.808163,102.49656,3.173428,20.725101,0.907062,0.67915064,3.2444174,-1.6184403
2025-04-02 18:00:00,0.0,-23.491089,-83.707695,1.6543837,-11.821568,-16.482544,-8.113472,-0.92518604,-5.0892773
2025-04-02 19:00:00,0.0,-37.079903,-104.09454,-3.745468,6.2533116,2.0776327,-1.2182591,-0.3740643,15.402015
2025-04-02 19:00:00,0.0,212.68234,154.46362,-1.7704778,-20.989374,1.7432925,2.0145185,-0.48218793,31.3156
2025-04-02 21:00:00,0.0,-26.278925,-115.38272,0.13704348,7.1532583,2.5401735,-1.6813387,0.36711437,-2.6889744
2025-04-02 22:00:00,0.0,-50.308174,48.030533,3.169219,-10.202049,0.20461988,-1.8027469,0.98468584,-16.034735
2025-04-02 22:00:00,0.0,-36.858334,-62.6938,1.6272305,10.67059,1.7113949,-0.51439726,0.5935953,-6.7858896
2025-04-03 00:00:00,0.0,155.78178,67.020805,3.3654876,7.1655736,6.4520025,-0.34852356,0.86667454,24.200584
2025-04-03 01:00:00,0.0,-22.560556,15.770889,8.777363,-56.237354,-11.602467,-2.786547,-22.740211,-8.0342
2025-04-03 02:00:00,0.0,-1.8653485,-87.74617,8.719167,12.577437,12.596562,5.5556145,1.942743,6.806367
2025-04-03 02:00:00,0.0,22.92039,61.15922,-7.9481325,-81.314026,9.523556,-2.8398001,-36.666866,-9.883155
2025-04-03 03:00:00,0.0,-29.133202,-20.466139,1.6617153,7.826116,-6.1442103,-2.5128288,0.5702714,-2.267054
2025-04-03 04:00:00,0.0,-59.483147,39.5246,-7.1923575,3.380695,3.5768087,-5.424492,0.7273187,-16.386269
2025-04-03 04:00:00,0.0,146.1196,-42.621628,-12.778026,7.121565,9.894003,-2.0344565,-2.6192703,24.334337
2025-04-03 04:00:00,0.0,-17.029467,-78.60504,-0.28834245,-7.327816,-13.282322,-6.78246,0.3889587,-1.3972584
2025-04-03 04:00:00,0.0,-5.2263136,-113.5482,0.5380838,-12.882685,-1.7024117,-1.5077015,0.46373716,-0.31832728
2025-04-03 05:00:00,0.0,-22.25906,-112.900024,0.0926599,7.5483503,-7.0510163,-1.5746926,0.2917381,-6.3140793
2025-04-03 05:00:00,0.0,-22.513931,-109.97676,-2.2557006,0.30422765,-13.44506,-7.0642533,0.60911983,-5.4972363
2025-04-03 05:00:00,0.0,-58.527397,-29.984863,-5.044953,16.833673,3.8773234,-2.2810946,2.8227272,27.260826
2025-04-03 06:00:00,0.0,1.5625657,-124.50508,-1.3072984,6.5768104,-2.3504744,-1.80484,-0.30573195,-6.163355
2025-04-03 07:00:00,0.0,-17.039751,-30.041164,2.1159847,2.6031694,-18.157644,-5.5485096,0.7445372,-8.954011
2025-04-03 07:00:00,0.0,-30.630602,-13.758518,-5.696262,5.3387456,2.6050572,-0.37162137,0.8536247,-9.928147
2025-04-03 08:00:00,0.0,-28.821627,108.43346,0.43211943,20.233543,-13.645356,-9.590868,2.421889,-6.979834
2025-04-03 08:00:00,0.0,3.434168,147.77823,-6.2627473,11.624345,-0.6366568,-4.7699323,4.6934366,1.0884918
2025-04-03 10:00:00,0.0,-69.589005,33.97303,-2.54098,-16.168177,-16.121315,-6.0593743,-7.397162,35.76488
2025-04-03 10:00:00,0.0,-38.307095,41.288017,-2.8496416,-36.04523,-19.60385,-11.185222,-16.386312,-13.8344345
2025-04-03 11:00:00,0.0,0.9967105,-74.89059,-0.43665594,20.148516,2.4531481,-2.0747411,0.5362177,-7.101837
2025-04-03 16:00:00,0.0,-26.205507,-42.64013,-0.6392309,8.557199,1.3639821,1.573869,-0.7662962,-6.9811707
2025-04-03 17:00:00,0.0,222.69034,129.21977,-8.779106,-5.8271303,8.911585,0.6016587,5.8776116,37.89564
2025-04-03 17:00:00,0.0,-14.582346,-27.498915,-1.3989706,11.2496395,4.2318335,1.5802737,1.1430852,-4.156139
2025-04-03 18:00:00,0.0,-111.63063,44.19652,-0.4838565,21.766962,-0.20579123,0.53737223,3.2228067,-10.461447
2025-04-03 19:00:00,0.0,-24.476145,74.88462,-10.357687,14.771076,-9.028379,-8.89683,0.9570774,-11.997732
2025-04-03 20:00:00,0.0,-3.876231,72.3936,-0.79528314,-15.231829,0.35614786,0.547046,0.030957669,-15.219689
2025-04-03 21:00:00,0.0,3.284252,160.10945,0.1464607,21.570154,-7.743397,-2.8546457,3.8874905,0.52429193
2025-04-03 23:00:00,0.0,-60.94763,42.501972,-13.284802,-11.918357,-6.6113973,-1.8509891,0.8480732,32.82656
2025-04-04 01:00:00,0.0,-33.22315,28.049952,-1.4495921,8.488631,-8.456008,-3.4061964,1.8512502,-12.224201
2025-04-04 03:00:00,0.0,-61.8203,11.860095,4.1689596,-27.292713,8.744289,-3.5391686,-4.496874,-13.638516
2025-04-04 03:00:00,0.0,-22.367468,-70.28478,-0.63137245,-16.060682,1.5119976,-0.007443779,0.22809836,-2.7844405
2025-04-04 06:00:00,0.0,-61.63751,59.469833,2.6171677,-2.2136252,-4.506508,-2.4652185,-2.4170792,-16.953758
2025-04-04 07:00:00,0.0,-64.02811,44.93506,1.9812106,12.566613,4.813942,-5.5326266,1.0572357,37.579636
2025-04-04 07:00:00,0.0,-31.023472,102.01473,-0.31455708,15.648275,9.882938,-1.3088192,1.8219801,-11.966952
2025-04-04 07:00:00,0.0,-22.572681,75.16486,0.28682765,6.280277,2.4314702,-1.8708137,0.9059498,-12.088631
2025-04-04 08:00:00,0.0,224.09357,123.69629,2.9107783,1.0976924,18.430614,4.860392,-1.5830431,39.362705
2025-04-04 08:00:00,0.0,-9.424983,56.495728,-20.178532,-81.4838,-13.349765,-2.1701138,-32.970177,-10.010397
2025-04-04 08:00:00,0.0,-21.335215,7.533371,9.10105,12.780212,14.254703,5.407434,0.9888152,-5.5692854
2025-04-04 09:00:00,0.0,-82.481224,8.393364,-2.2653735,11.813688,4.323815,-2.4308338,3.09726,-10.550504
2025-04-04 10:00:00,0.0,-24.672155,24.62545,2.158216,-3.0382712,9.435121,-2.1318858,-3.9430304,-13.297177
2025-04-04 10:00:00,0.0,-25.54724,-110.35268,1.0018231,1.0892494,-3.133053,-2.476534,0.005720776,-2.7556767
2025-04-04 11:00:00,0.0,-36.624195,47.551678,-5.15111,-12.921103,0.37430406,0.8829916,0.37617227,-15.618926
2025-04-04 11:00:00,0.0,79.03336,107.87907,-1.9647567,11.745421,3.76951,-0.22840305,-0.008205224,-1.8188959
2025-04-04 17:00:00,0.0,65.28257,102.42737,-2.0976408,11.050093,8.050883,2.2064798,3.0655026,-0.58094954
2025-04-04 18:00:00,0.0,172.08282,-59.28412,21.61891,0.8020405,43.63125,21.006138,0.8000439,20.620094
2025-04-04 20:00:00,0.0,60.05242,67.35896,-5.3444304,-3.728161,-21.558983,-2.8234105,-1.4662184,-1.2329613
2025-04-04 22:00:00,0.0,-41.78528,34.05677,2.0702336,7.7245646,1.2514199,-1.5179385,-0.20706448,-15.8677845
2025-04-04 22:00:00,0.0,-32.19046,-102.116646,-0.38663468,6.414471,1.1653914,-0.9589151,0.78559417,-5.0056186
2025-04-04 22:00:00,0.0,-21.390062,-118.88839,-0.807365,5.1941905,9.739496,1.3982877,0.7324192,-6.2180967
2025-04-04 23:00:00,0.0,-37.354137,-55.81547,0.8374442,-4.0697136,0.8786887,3.4029865,-0.0041142814,17.797386
2025-04-05 00:00:00,0.0,-71.389786,68.38487,0.662625,10.346435,2.3787668,-3.47915,1.1884652,39.01194
2025-04-05 02:00:00,0.0,-24.899975,-33.723972,0.80048454,17.81245,-3.972579,-3.5058782,0.20675394,-3.8565042
2025-04-05 03:00:00,0.0,-25.706007,96.64348,0.049257923,11.9891405,8.884899,-3.051787,4.253308,-11.072143
2025-04-05 05:00:00,0.0,-17.25472,-102.88522,-10.661708,-10.222706,-9.119249,-1.2785997,0.33182868,-4.530592
2025-04-05 08:00:00,0.0,-23.57638,77.94404,-2.0277722,12.906343,-18.493172,-7.6306844,0.61069304,-10.878463
2025-04-05 08:00:00,0.0,57.625187,77.94012,4.9370995,-36.90345,5.03916,-1.1593136,-8.282525,-0.14180762
2025-04-05 09:00:00,0.0,-32.521126,-65.35477,-0.80507684,-17.279095,2.1046185,-0.33144575,0.605232,-6.799917
2025-04-05 10:00:00,0.0,-32.31112,97.80231,-9.97454,-5.759359,-21.936235,-1.1824392,1.3078504,-8.84028
2025-04-05 10:00:00,0.0,24.734873,-108.97823,-1.1749971,-23.959076,1.5761273,-0.08267425,-1.133509,-1.6360537
2025-04-05 12:00:00,0.0,-21.70232,-69.38302,-2.8182225,2.4374201,1.7541829,0.20458327,0.6244902,-6.0715084
2025-04-05 14:00:00,0.0,-21.6252,-110.732895,-0.8042961,2.3675683,-4.8788524,-1.5073723,0.23275289,-5.8741736
2025-04-05 14:00:00,0.0,94.09458,-204.61485,-4.7912235,-18.597338,3.2466145,1.6719757,0.4453769,14.478937
2025-04-05 18:00:00,0.0,-14.886346,-5.208756,-3.3710146,-3.7792954,-4.8685594,-1.1848019,-2.250985,-3.4021816
2025-04-05 23:00:00,0.0,-18.06545,67.03634,12.505698,5.1023846,-11.367975,-4.6667056,0.2927771,-7.0445614
2025-04-06 00:00:00,0.0,-55.795902,69.727516,1.4344553,9.9560375,7.193593,-3.6954484,0.8348154,-1.4995983
2025-04-06 01:00:00,0.0,-8.824391,-61.79014,-1.006481,0.69513315,5.9835415,1.8304929,1.2175146,-2.5478919
2025-04-06 04:00:00,0.0,38.248123,49.71565,-1.9034256,23.515013,-0.48679942,-2.2814581,6.074729,-14.724523
2025-04-06 05:00:00,0.0,-26.33446,47.784683,-6.970355,7.6663833,2.991095,-0.16357368,-0.06432299,-8.029262
2025-04-06 06:00:00,0.0,-55.37562,134.21727,5.595617,21.74038,-3.5343907,-3.9572363,3.666383,1.556668
2025-04-06 09:00:00,0.0,26.201588,-95.10011,4.596787,12.473133,-5.2642713,-1.3060871,-1.2060682,-2.0387032
2025-04-06 10:00:00,0.0,-34.962307,-119.60755,1.2690057,1.5452707,-4.2839637,-1.9911565,0.22505622,14.236006
2025-04-06 12:00:00,0.0,-22.652725,82.80663,8.219489,-4.0715547,13.750818,2.5292084,1.0575266,-2.1600783
2025-04-06 12:00:00,0.0,-44.38898,-32.63365,-3.7636876,-2.6132345,-1.9916579,-1.0339209,0.4096005,19.631403
2025-04-06 13:00:00,0.0,-60.07377,64.30865,-1.4140838,1.6393397,1.4995626,-2.0001192,-2.3694012,-16.901068
2025-04-06 13:00:00,0.0,-18.11412,-111.11669,-1.6653078,4.524176,2.3145697,-0.79459757,-0.1178009,-6.453618
2025-04-06 14:00:00,0.0,-58.13896,18.938791,-1.6836487,-22.617659,5.65504,-2.042419,-11.10968,-5.4359508
2025-04-06 17:00:00,0.0,-43.130714,-13.702715,0.043651097,9.139667,-15.745699,-5.832882,0.6977795,23.159199
2025-04-06 17:00:00,0.0,9.548797,-33.970383,-2.0968995,15.148509,1.5148704,0.15753731,3.9941075,-13.139506
2025-04-06 22:00:00,0.0,-8.729473,-81.570724,4.0150533,-12.13597,-10.817066,-2.4384406,-0.802203,-2.9772425
2025-04-07 01:00:00,0.0,-35.910973,88.0859,1.858089,-14.417496,4.881616,-2.544081,-4.930996,-15.758086
2025-04-07 03:00:00,0.0,-15.128701,-103.39007,-2.3157003,2.313008,3.721976,0.36498484,-0.38660786,-6.178085
2025-04-07 04:00:00,0.0,-34.31035,32.31893,-4.610946,17.307259,-6.0408144,-4.076488,4.150496,-17.989384
2025-04-07 05:00:00,0.0,-15.936435,39.83916,-1.4098223,-19.413044,1.0898037,-0.032827016,-0.24154943,-1.2694383
2025-04-07 08:00:00,0.0,-28.082533,85.29259,-12.878745,6.4081783,-32.30539,-3.2066784,3.7589788,-11.489086
2025-04-07 09:00:00,0.0,-0.017955929,-88.30626,4.882579,11.694713,-2.3315852,-1.0614235,1.800792,6.302001
2025-04-07 10:00:00,0.0,195.86128,102.07998,-48.59031,-54.704956,-12.75801,4.070937,2.9620159,25.886702
2025-04-07 10:00:00,0.0,-29.152018,-47.820618,-1.61123,15.536808,2.049551,-1.1503806,0.9997336,18.008448
2025-04-07 11:00:00,0.0,0.7922022,-130.27463,1.0224229,6.969563,-3.5349166,-1.6594583,0.5381331,-6.073795
2025-04-07 11:00:00,0.0,83.78793,-172.63393,-10.186937,5.5005517,-42.760624,-23.836367,2.4726818,21.846914
2025-04-07 12:00:00,0.0,-34.475883,-104.08734,-3.3667529,-1.6517912,1.0366336,0.9939255,-0.5972852,14.986206
2025-04-07 13:00:00,0.0,207.19926,126.530624,6.6919584,-12.239067,-22.870497,-7.587248,-1.5997359,37.327953
2025-04-07 14:00:00,0.0,-38.446075,-31.27547,5.2827363,-13.548579,-0.83007365,2.844508,0.60806286,20.11547
2025-04-07 14:00:00,0.0,-15.023544,-110.73946,0.13624677,-5.1985583,0.4619868,-0.25818667,0.4555356,-5.9027762
2025-04-07 15:00:00,0.0,-76.70635,16.032782,-1.7747537,9.235485,-0.027975067,-3.9856224,1.7944477,-13.950512
2025-04-07 16:00:00,0.0,-14.276253,93.19329,1.0710087,-2.8535736,-4.891541,-1.778931,-0.9177947,-2.0889874
2025-04-07 16:00:00,0.0,-34.18944,-113.849014,1.318687,0.73903936,1.3778689,0.8101778,-0.115939416,15.010892
2025-04-07 17:00:00,0.0,23.884714,-157.86119,0.64956,3.448485,4.5423813,0.20527019,0.21293445,-3.641425
2025-04-07 18:00:00,0.0,-54.0933,49.195835,-0.020630158,9.440505,1.8884506,-0.6798024,0.9931669,-16.778576
2025-04-07 20:00:00,0.0,219.76242,128.49312,0.98421603,2.5456274,-0.19664854,-0.3297796,-1.6282384,39.12815
2025-04-07 23:00:00,0.0,-37.24454,30.291992,0.37166578,0.23526123,6.1934752,-2.2565813,-2.663146,-0.008178489
2025-04-08 02:00:00,0.0,-21.565933,39.292377,1.9546397,6.23029,-1.2650288,-3.5031474,-0.302106,-7.6741123
2025-04-08 03:00:00,0.0,-40.59194,79.852745,-0.9882762,-13.071351,3.8498917,-1.5740564,3.1769235,-1.4085298
2025-04-08 03:00:00,0.0,-14.629401,-45.888203,-3.3086734,8.1611805,-7.8373747,-1.6696082,-0.5343535,-6.8178887
2025-04-08 04:00:00,0.0,105.4822,-217.78232,2.1840491,6.925281,8.953724,5.755021,0.72479236,15.615438
2025-04-08 06:00:00,0.0,-51.306152,51.696495,13.82645,-18.254786,18.996895,5.016077,-2.2742968,-17.084934
2025-04-08 08:00:00,0.0,-7.831155,49.201485,2.9050794,9.807618,-0.44460192,-0.60745627,-0.11129363,-16.373455
2025-04-08 10:00:00,0.0,-17.750467,-118.07119,-0.9654824,2.9251666,2.9751163,0.26075435,0.21262883,-5.881433
2025-04-08 11:00:00,0.0,-59.699825,10.016521,-9.7470045,-53.96404,10.794131,-2.9522703,-8.042052,-8.796532
2025-04-08 13:00:00,0.0,15.433633,183.77954,-0.95913184,24.522446,-8.321849,-5.8260794,5.55154,-5.9075923
2025-04-08 14:00:00,0.0,56.389946,71.15704,-3.6561098,-41.82252,-2.4123356,-0.9637835,-8.464175,-0.09323916
2025-04-08 14:00:00,0.0,113.43459,-172.85107,-15.104743,18.350904,-2.8846388,7.3715777,2.1993716,22.412199
2025-04-08 15:00:00,0.0,-22.5953,-113.5934,0.30907783,1.7669549,2.144585,0.44285205,0.23701876,-6.365216
2025-04-08 19:00:00,0.0,-60.984303,52.510166,-0.83530366,-9.955349,1.4090297,-2.5131454,1.084066,33.420692
2025-04-08 21:00:00,0.0,0.80514896,66.81596,-21.083319,12.694214,-67.76652,-4.3495398,6.3527384,-5.928449
2025-04-08 21:00:00,0.0,-27.208776,107.50127,10.64476,18.451954,-12.462143,-2.7470803,1.9854201,-9.023536
2025-04-08 22:00:00,0.0,-9.732368,85.99428,0.43273225,9.250994,-0.82910776,-2.9056706,2.8046813,-3.570927
2025-04-08 22:00:00,0.0,-42.977425,25.554977,-2.765039,14.185514,1.3704599,-2.086177,1.5269256,-14.948924
2025-04-09 00:00:00,0.0,-10.535718,47.99691,9.852026,3.0796893,17.32747,4.55564,-0.068102,-15.878244
2025-04-09 01:00:00,0.0,-23.325626,-106.83117,-3.5545726,-8.237919,0.08817798,-0.011430453,0.14415477,-1.4245479
2025-04-09 03:00:00,0.0,-54.49453,49.84414,-1.7603881,8.229029,-0.015483465,-4.2575903,0.98969966,-16.98025
2025-04-09 06:00:00,0.0,-25.166151,-114.67867,0.086925656,7.133928,4.1290126,-1.0400525,0.40750924,-6.0918307
2025-04-09 07:00:00,0.0,0.20371455,-86.11612,-0.502272,11.083074,-3.3473368,-1.280827,1.8241851,6.149028
2025-04-09 07:00:00,0.0,76.327705,100.91005,8.570948,-7.4964705,15.662716,2.46065,3.7871313,-0.61465955
2025-04-09 08:00:00,0.0,-10.953605,-7.2905602,4.336945,-47.8378,1.6897608,-2.2384145,-10.880479,-3.774597
2025-04-09 08:00:00,0.0,-25.344202,48.766556,1.3722948,-15.176344,7.107572,-1.3461725,-0.40750614,-7.0155945
2025-04-09 09:00:00,0.0,9.247819,95.28222,1.2212541,26.276684,10.016701,-1.6068308,6.2091804,-13.864709
2025-04-09 12:00:00,0.0,-24.553936,-51.134426,1.8288873,12.309739,-17.38384,-7.4946404,-0.25955725,18.072382
2025-04-09 13:00:00,0.0,-84.46772,69.1895,-1.0844934,2.1996572,5.781828,-4.22442,-2.3587637,37.58712
2025-04-09 14:00:00,0.0,182.56801,135.8386,-1.5696439,2.836778,15.088519,-1.1860096,-0.92893475,16.325514
2025-04-09 15:00:00,0.0,-46.749897,22.032843,-10.115652,-10.52407,-8.551112,-7.8406243,-4.4650865,-13.605932
2025-04-09 15:00:00,0.0,-8.472572,-75.229225,-1.6273682,17.051111,-15.634578,-4.4938226,1.1542939,-2.849879
2025-04-09 15:00:00,0.0,-7.421223,62.97584,5.837254,-5.1176887,13.490954,0.5896077,-2.9871984,-14.602139
2025-04-09 17:00:00,0.0,-71.53088,34.25828,-2.0062788,-11.342261,9.264832,-2.7608962,-7.305713,35.425797
2025-04-09 17:00:00,0.0,-24.240501,-106.30112,-2.1345077,6.313635,0.115326844,-1.2396926,-0.114982,-6.1271553
2025-04-09 18:00:00,0.0,92.311325,-214.14638,3.6630738,-13.540295,-0.9710231,1.0003409,0.7277755,13.397942
2025-04-09 21:00:00,0.0,5.047716,33.809574,-3.998039,13.932441,-5.6509824,-5.188632,0.3352337,-15.338285
2025-04-09 23:00:00,0.0,147.01498,-63.611576,0.116785996,13.956332,9.655038,5.091905,1.0394098,23.43975
2025-04-10 00:00:00,0.0,94.93266,-186.92459,3.5072546,-15.503126,-2.5602908,0.07238536,-0.7907288,15.1402445
2025-04-10 01:00:00,0.0,97.53652,-213.37402,-1.5819894,11.767524,0.2344195,-0.43411386,0.788963,15.555782
2025-04-10 01:00:00,0.0,-24.483751,-101.921326,1.3356072,5.500612,0.219263,-0.03837511,-0.0083737215,-6.3163576
2025-04-10 02:00:00,0.0,-56.287422,84.957466,1.2921376,-11.571337,3.7849448,-1.9614832,1.679226,-2.4763868
2025-04-10 04:00:00,0.0,-23.13764,-44.860287,-0.89975667,7.0262895,-10.413105,-5.657842,0.28164986,-2.9851844
2025-04-10 04:00:00,0.0,-19.870308,105.72823,1.833413,19.726288,1.8149909,-1.8581874,4.498482,-10.177543
2025-04-10 04:00:00,0.0,2.4360828,-59.695206,1.8499602,-24.647211,5.141325,-1.605704,-11.099029,-9.9467945
2025-04-10 06:00:00,0.0,138.1234,95.42917,-7.4366045,-0.20112246,2.6545448,-0.583631,-2.2024097,9.246721
2025-04-10 07:00:00,0.0,-25.864561,-98.08321,-1.4657212,4.734122,2.696546,-1.6714572,-0.4820994,-2.737763
2025-04-10 07:00:00,0.0,203.20006,74.43629,1.1577333,-87.89441,-1.4922405,2.2953987,-42.769547,29.74036
2025-04-10 08:00:00,0.0,-15.99007,8.882144,1.0107774,10.6114855,8.628136,1.3067086,1.0405854,-5.2571387
2025-04-10 11:00:00,0.0,-75.48967,100.97214,0.0760832,8.295755,-2.5455976,-5.733472,2.287059,15.2979
2025-04-10 12:00:00,0.0,12.745121,183.55753,1.844095,25.489866,3.3278155,-1.7294931,5.411576,-6.72476
2025-04-10 13:00:00,0.0,-41.868412,107.59809,1.7996024,-58.552074,-2.2373657,-2.5364096,-16.819609,-13.6638365
2025-04-10 17:00:00,0.0,-65.77587,32.295372,0.44635615,13.345124,-4.3550344,-6.060346,2.2351713,-7.574528
2025-04-10 18:00:00,0.0,49.35356,15.428419,2.270692,2.252718,3.2064857,-0.21721657,-2.6255107,0.1177494
2025-04-10 20:00:00,0.0,24.314383,-157.84251,-1.6176026,4.8322473,-0.10643627,1.7935556,0.31174564,-3.1803575
2025-04-10 20:00:00,0.0,24.416143,-156.9684,-1.0109406,7.701462,-0.73632586,-0.6363924,0.29376793,-3.081731
2025-04-10 22:00:00,0.0,-37.468388,36.64764,2.1503623,15.4120455,3.3303254,-0.48734376,4.1398277,-17.73006
2025-04-10 23:00:00,0.0,-53.20455,129.23956,3.3071253,0.6642555,-11.567498,-6.8110313,3.6922927,2.4800107
2025-04-11 00:00:00,0.0,27.825722,-72.53801,-1.3302463,21.320364,-2.2292778,-0.6931752,0.5175188,-3.9855578
2025-04-11 00:00:00,0.0,162.55159,-5.537085,-9.029976,10.986424,5.0051455,8.013388,0.33879644,24.201088
2025-04-11 00:00:00,0.0,-48.553135,-18.695936,1.6920604,-43.06424,-15.668729,-9.172805,-9.890607,-3.302902
2025-04-11 02:00:00,0.0,23.368076,-125.57395,2.310794,-7.5088396,-4.6962094,-1.4353079,-0.20034488,-1.9782993
2025-04-11 06:00:00,0.0,77.33841,108.93969,2.04489,11.878428,-5.5121984,-1.0432274,-0.07368381,-1.6477885
2025-04-11 08:00:00,0.0,118.38601,-124.37977,4.461192,-23.721361,2.6273706,1.228222,0.48621795,18.05376
2025-04-11 11:00:00,0.0,-30.91809,-15.283196,-3.198404,4.2408457,3.9783924,1.0499396,0.90587986,-10.009835
2025-04-11 11:00:00,0.0,3.8632956,-51.17966,-12.897721,9.276711,5.065503,-2.2324932,0.11291294,-6.4944844
2025-04-11 13:00:00,0.0,-64.63843,41.55034,1.925893,-0.4001193,-2.134023,-1.530098,-1.2771845,-16.807268
2025-04-11 14:00:00,0.0,-18.962801,-24.123587,3.468305,0.08437827,4.6726,-2.1128569,-2.6250496,-4.284813
2025-04-11 15:00:00,0.0,-7.112696,175.219,-3.5370033,29.443163,8.27049,-2.2459238,6.6684003,-6.381123
2025-04-11 16:00:00,0.0,-24.698849,-90.95054,-4.968896,-6.9914527,-14.204926,-8.554452,-2.1215174,-3.2523403
2025-04-11 22:00:00,0.0,-19.02315,-89.6259,-0.848051,-5.935952,-2.9938161,-3.215509,-0.6520312,-1.0177106
2025-04-11 23:00:00,0.0,-21.95782,60.285046,0.32343233,9.355392,2.532633,-1.7955303,1.3167843,-9.390381
2025-04-12 00:00:00,0.0,-23.992887,-89.964935,-1.0417314,-1.3688041,-6.2582183,-0.22468619,-0.3855537,-2.3004355
2025-04-12 03:00:00,0.0,22.35511,-112.3017,-1.9396122,-19.764841,-15.637126,-2.951793,0.42394727,-2.682403
2025-04-12 04:00:00,0.0,-7.634303,73.430305,3.7582705,-12.987841,6.2988067,-2.2943943,0.15381177,-17.32715
2025-04-12 04:00:00,0.0,277.77716,231.55836,2.305199,34.009254,-0.3050614,1.5309517,16.867207,47.750103
2025-04-12 04:00:00,0.0,154.22968,-3.3952856,-12.60582,-23.949768,15.228242,2.7822282,1.2233193,22.403116
2025-04-12 05:00:00,0.0,-24.133581,-103.102,2.6537654,7.0849595,5.9180365,3.1067126,0.8479481,-8.53708
2025-04-12 06:00:00,0.0,-7.905335,-87.31415,-2.1147957,4.82106,4.1816463,1.3995287,1.2032238,-1.4529649
2025-04-12 07:00:00,0.0,-0.9946528,156.38142,-2.643009,17.267073,-5.239604,1.3307306,4.3472652,2.0283587
2025-04-12 08:00:00,0.0,-32.66256,-56.66263,-0.07813519,-27.267284,-13.545792,-7.2167764,-3.9266121,-2.270019
2025-04-12 08:00:00,0.0,-17.121119,158.63173,-3.8167417,3.1888509,4.0357766,-2.2016094,5.98497,-8.595055
2025-04-12 11:00:00,0.0,9.761373,180.20201,1.7479513,27.73487,4.880877,-2.0682478,5.3745847,-6.899803
2025-04-12 12:00:00,0.0,-56.444996,36.313496,1.0406812,1.847833,3.1662173,-0.25954497,0.6948138,-16.056192
2025-04-12 13:00:00,0.0,-15.84619,-116.114105,-2.681796,2.4423065,0.28499296,2.3221264,0.31156254,-6.123893
2025-04-12 15:00:00,0.0,-64.85946,74.440895,1.7256444,11.34354,-5.0851884,-4.0389485,2.290064,23.553368
2025-04-12 17:00:00,0.0,-17.697365,40.77539,3.7416584,-18.307016,3.32527,-1.4791021,-0.47110936,-4.1703515
2025-04-12 19:00:00,0.0,53.66302,-36.422554,1.2491946,18.144289,-3.0935998,-4.608469,4.350713,-5.7848396
2025-04-13 00:00:00,0.0,-37.5812,-121.39068,-2.8648868,7.809987,3.3602722,-0.7578331,0.4632004,14.893142
2025-04-13 00:00:00,0.0,27.36042,-76.67777,6.591268,4.405324,17.520678,2.6318274,0.48530138,-3.8225226
2025-04-13 01:00:00,0.0,-73.564545,70.40644,7.852466,-8.109557,-9.91733,-7.3004913,-3.3169868,36.028698
2025-04-13 01:00:00,0.0,-27.313599,-38.665836,-2.3134162,6.014713,-9.87735,-0.15479806,0.25646183,-6.7830687
2025-04-13 02:00:00,0.0,35.633923,48.5368,1.4817792,24.887085,-0.6938368,-1.889348,6.0770755,-15.027229
2025-04-13 02:00:00,0.0,-44.357697,66.299515,5.4731336,-32.081364,6.949857,-0.77520144,-7.6206307,-0.52137357
2025-04-13 04:00:00,0.0,-15.873693,5.43175,2.3640938,-3.2905297,-6.4786844,-3.012601,-3.1983354,-5.4616594
2025-04-13 08:00:00,0.0,-92.05279,15.5850725,0.8288413,18.936668,-3.9484806,-4.3686543,3.4024632,-10.781004
2025-04-13 08:00:00,0.0,219.24939,114.97516,-4.955074,30.660177,-39.86454,0.931592,4.143074,37.060303
2025-04-13 08:00:00,0.0,3.2646506,-9.930263,1.3202528,14.62384,1.6906967,-4.114096,3.0400188,2.346754
2025-04-13 09:00:00,0.0,-21.460794,97.65805,-1.9741578,13.844831,-1.7857348,-4.3243623,4.4416256,-10.955561
2025-04-13 13:00:00,0.0,-52.810253,68.81642,1.377197,6.6563807,0.8660872,-3.0937994,0.90929663,-1.2753285
2025-04-13 13:00:00,0.0,-12.12262,-29.881329,0.2217603,12.697323,6.405725,1.097466,1.3752915,-4.087229
2025-04-13 14:00:00,0.0,1.1035501,-87.90577,3.7590592,8.319216,8.366295,3.1320126,1.9850314,6.4435244
2025-04-13 14:00:00,0.0,-29.076551,-99.284904,-1.4659994,7.685115,-11.372764,-6.661703,0.8167827,-5.1291656
2025-04-13 15:00:00,0.0,-79.57621,18.100021,4.993321,14.985384,-0.920353,-2.4729218,1.7926471,-14.096862
2025-04-13 16:00:00,0.0,8.58762,63.836746,-0.16883412,19.870687,-0.80717665,-1.5505044,5.0147095,-19.793978
2025-04-13 16:00:00,0.0,-22.801014,-14.862292,0.79726774,10.329455,-9.316122,-5.191751,0.7329308,-9.907581
2025-04-13 19:00:00,0.0,114.78881,-170.63618,-5.3799033,11.797298,10.560073,6.8696213,0.66244084,16.382502
2025-04-13 19:00:00,0.0,-57.72111,60.49941,-1.2384487,-15.504967,-19.68947,-11.1154995,-1.8180397,-17.295862
2025-04-13 19:00:00,0.0,-4.903338,2.5140166,-0.52089775,13.759326,13.02968,-1.2247047,0.75743926,-11.783539
2025-04-13 21:00:00,0.0,-14.295132,-61.210316,-1.7335452,18.901283,-5.6853414,-2.6043186,0.70380694,-6.9160523
2025-04-13 23:00:00,0.0,-36.25344,33.01412,-3.167833,20.885044,1.8912532,-2.2206292,4.161037,-17.824823
2025-04-14 00:00:00,0.0,-22.288088,-94.20682,2.6373825,-8.102281,-0.96973556,-2.367684,-0.88523877,-1.3175693
2025-04-14 01:00:00,0.0,61.748558,131.47176,-7.4755144,42.728954,-1.7814126,-7.539608,10.70362,-10.585674
2025-04-14 01:00:00,0.0,0.7218468,171.09128,-2.7473562,21.567436,-1.4536228,-2.986794,5.375531,-7.467873
2025-04-14 02:00:00,0.0,-59.066635,120.37727,-8.6212635,6.1191354,3.8835435,-6.87634,3.8481174,1.4861499
2025-04-14 02:00:00,0.0,-21.83401,0.7944641,3.4260132,-17.363323,5.345368,-2.3847697,-1.5840367,-10.229785
2025-04-14 03:00:00,0.0,6.8196096,-33.972687,1.0890222,-17.091248,-2.490151,-1.8781099,-8.060708,6.097742
2025-04-14 04:00:00,0.0,-60.375088,41.48578,0.9860711,1.8386161,3.2480035,-0.28171596,0.88513994,-15.705513
2025-04-14 08:00:00,0.0,-20.805933,27.632912,-2.1734776,6.5847626,-1.2425396,0.53898644,0.087236285,-7.6330147
2025-04-14 14:00:00,0.0,-20.56641,162.5974,2.3866394,24.806036,2.3731246,-1.6610824,5.9036756,-8.263673
2025-04-14 15:00:00,0.0,-33.301132,-96.78643,4.639558,-4.802725,2.6670413,-1.1319685,0.8668822,-4.684866
2025-04-14 16:00:00,0.0,-21.035385,-54.03492,0.84145695,-23.652084,8.912994,-1.9465263,0.3172396,-1.7937719
2025-04-14 17:00:00,0.0,-36.51787,64.400764,1.2398533,11.384251,-0.12844917,-3.5559137,0.7827654,-15.902318
2025-04-14 20:00:00,0.0,-50.080696,50.077198,0.12022515,6.627232,6.754508,-1.573225,0.93553936,-16.217707
2025-04-14 20:00:00,0.0,-20.25592,-14.766181,-5.9814496,5.242685,0.87429327,-0.72535974,0.6989221,-9.928427
2025-04-14 20:00:00,0.0,69.97729,88.99949,-4.2511163,-0.8821492,-14.200507,1.2495223,-0.98710316,-0.3109418
2025-04-14 21:00:00,0.0,125.29804,-120.90192,-2.0877242,11.611295,3.4630778,0.7551933,0.46158352,18.195572
2025-04-14 22:00:00,0.0,235.5969,133.38344,7.995061,18.12573,2.006499,0.14483817,3.1079519,41.0636
2025-04-14 23:00:00,0.0,-36.125725,-34.315514,-0.7442481,9.301473,-2.9381244,-2.431643,-1.5343254,-8.045973
2025-04-15 01:00:00,0.0,126.36338,-102.61532,2.6550798,28.737675,-1.9475887,-0.87970555,0.67466253,22.549215
2025-04-15 01:00:00,0.0,78.11143,-202.97308,-0.5350952,-0.042863786,-32.74649,-17.88043,-1.8555691,14.250577
2025-04-15 01:00:00,0.0,74.49407,224.1718,-1.0371131,48.855644,0.9808865,-6.159294,14.9660225,-9.567878
2025-04-15 02:00:00,0.0,-3.9198966,-15.066273,1.1200063,9.173775,-2.9300325,-1.2741364,0.2955242,-9.977678
2025-04-15 03:00:00,0.0,105.20191,-36.19221,-18.5174,-40.91902,-56.155697,-23.772356,-2.7439942,19.427193
2025-04-15 06:00:00,0.0,24.208345,43.801716,-13.590026,17.767466,-30.504696,0.26004976,4.0954084,-12.03621
2025-04-15 06:00:00,0.0,-27.375837,-47.11757,1.5652226,15.763654,6.155957,-2.5786712,0.7486192,18.184134
2025-04-15 07:00:00,0.0,69.503815,72.06914,-11.629342,-27.195892,-11.265866,-2.158243,2.89431,-1.202581
2025-04-15 07:00:00,0.0,-12.409929,-92.85289,-5.13032,-12.65602,0.9751013,-3.387665,-0.6145969,-4.831443
2025-04-15 08:00:00,0.0,-26.280334,-115.894936,0.96215934,4.8374143,7.477051,-0.67491335,0.43565026,-2.698456
2025-04-15 10:00:00,0.0,-25.30834,-114.05537,0.9502823,6.668499,4.3534102,-0.8032588,-0.11325457,-6.1087627
2025-04-15 11:00:00,0.0,-74.06431,55.953968,2.9872363,15.419134,6.414614,-5.240183,3.0317404,42.029324
2025-04-15 11:00:00,0.0,-5.80763,74.73583,3.2109704,-14.957336,-0.61389977,-2.5131373,0.030093618,-17.442354
2025-04-15 12:00:00,0.0,-58.448254,21.454618,-8.018521,-18.376793,-8.86569,-1.6438446,-0.66686493,-13.771129
2025-04-15 18:00:00,0.0,-1.0730963,-21.394787,-1.2738414,4.006586,-3.1301045,-2.397585,-1.4361324,-9.676555
2025-04-15 18:00:00,0.0,-39.704254,-44.41403,1.1939569,8.96135,-8.422815,-2.3828347,0.73828983,-8.943267
2025-04-15 18:00:00,0.0,-58.41588,63.27198,5.3637314,0.57458895,13.947863,1.396633,-2.3374796,-16.841795
2025-04-15 19:00:00,0.0,154.8323,63.883144,-8.352642,-20.841816,6.4831686,2.1267653,1.6055001,23.519772
2025-04-15 20:00:00,0.0,-31.327974,14.416503,-0.7084956,-16.173716,-9.771058,-4.7905836,0.9825598,1.7724154
2025-04-15 20:00:00,0.0,-40.003155,71.274864,1.1514378,-2.539482,5.0233274,-1.5190333,-1.9590586,-16.923475
2025-04-15 21:00:00,0.0,-29.041197,87.223114,-3.5864098,-10.446458,-13.904909,-2.0172446,-3.541835,-14.155276
2025-04-15 23:00:00,0.0,-22.916195,-92.44571,2.4871972,-10.512495,5.4595604,0.43448776,-1.5896267,-4.9151278
2025-04-16 00:00:00,0.0,-4.6092315,103.596954,-9.078574,11.089951,-2.8002021,-1.8362632,3.408476,-10.400905
2025-04-16 02:00:00,0.0,211.73564,174.91754,12.448483,-19.81964,1.242061,-1.3973566,4.2712865,31.935003
2025-04-16 04:00:00,0.0,-25.257473,-98.0326,4.2556033,6.051098,-1.4257555,-1.7773411,-0.40735945,-2.7022798
2025-04-16 06:00:00,0.0,-23.889389,-111.61709,0.8111347,1.9298565,1.0933021,-0.17268817,-0.021655567,-6.070836
2025-04-16 06:00:00,0.0,-27.337759,-49.474346,1.9036958,-0.6514614,4.767335,1.5051196,0.43712196,-2.619894
2025-04-16 08:00:00,0.0,-12.260784,-16.379528,-2.232291,2.5776782,9.987792,1.5128328,1.1058903,-2.9004054
2025-04-16 10:00:00,0.0,-23.487982,-106.47292,0.31715646,-9.377358,2.8061683,-0.53867346,0.25288644,-1.7011493
2025-04-16 13:00:00,0.0,131.48827,-54.52771,-1.1181982,-5.941244,-38.089592,-7.1202574,1.1126419,21.339169
2025-04-16 15:00:00,0.0,-1.5934519,157.98584,-3.1027827,17.28186,1.9273493,-0.98426104,3.9459522,0.72724247
2025-04-16 16:00:00,0.0,37.144474,11.220671,-6.026087,-50.36212,-20.45203,-3.823594,-12.922858,-6.4952884
2025-04-16 17:00:00,0.0,227.78735,153.92516,-3.7423584,12.733258,-4.985508,3.8522341,1.9139459,39.272125
2025-04-16 17:00:00,0.0,-15.855688,-71.69464,0.41930205,-6.1422915,2.7287753,-1.0725981,1.3322405,-5.7918878
2025-04-16 17:00:00,0.0,104.83186,-123.972404,4.17567,4.185853,-36.89121,-8.437556,0.7592167,18.038658
2025-04-16 17:00:00,0.0,-12.133074,101.65374,-0.15167692,-24.882164,6.347835,1.5187185,-3.5462508,-1.8313508
2025-04-16 18:00:00,0.0,-45.668785,-15.836172,-1.3631792,11.522076,-5.5187345,-3.6823153,0.5688063,22.666342
2025-04-16 19:00:00,0.0,-6.5476356,50.147297,-2.6378386,10.502743,-5.284733,-5.2584834,0.15329108,-16.881943
2025-04-16 20:00:00,0.0,-50.97655,62.32752,-3.5960364,1.23424,-22.496126,-12.219021,0.8317004,0.67317057
2025-04-16 21:00:00,0.0,-5.717379,-90.63716,-4.812933,-20.735712,-10.7550955,-5.6174893,0.5110568,-6.214379
2025-04-17 00:00:00,0.0,-20.911705,64.90764,-2.3673196,-0.50625277,3.6605392,-1.138538,0.4202563,-7.1402063
2025-04-17 00:00:00,0.0,206.35376,139.73712,3.792698,17.480722,8.028125,1.4254261,5.295563,31.996523
2025-04-17 01:00:00,0.0,-56.47503,41.81632,-0.01973622,6.734112,5.0589905,-2.872261,0.80690694,-16.653616
2025-04-17 02:00:00,0.0,-34.876537,-6.452778,1.5990328,9.203091,7.5967283,-1.9744225,0.82485706,-10.280581
2025-04-17 02:00:00,0.0,-23.393143,-66.24066,2.3900466,-1.3731989,10.26421,-0.16065155,0.41251546,-6.475801
2025-04-17 04:00:00,0.0,-24.265982,103.700264,10.969416,23.244373,14.882133,4.009023,4.4522142,-10.392821
2025-04-17 06:00:00,0.0,-4.8758154,178.17387,2.9115038,25.16549,-2.572111,-2.2153895,6.6352468,-6.129702
2025-04-17 09:00:00,0.0,-47.843887,51.57271,-2.794711,8.420927,-14.76347,-10.278478,0.95143074,-16.898333
2025-04-17 11:00:00,0.0,-20.404854,-117.93657,0.6133998,4.7833366,-5.126992,-2.0936792,0.75749755,-6.1680093
2025-04-17 13:00:00,0.0,5.135478,32.648666,-2.5554845,7.429153,-8.765162,-5.4122233,0.14320795,-15.341429
2025-04-17 13:00:00,0.0,-30.202581,109.33796,1.5235566,17.584663,1.474831,-2.6129954,2.5104845,-6.92504
2025-04-17 13:00:00,0.0,-16.84801,-117.11598,0.8426676,5.013161,-3.4520347,-2.240648,0.21783677,-5.91367
2025-04-17 15:00:00,0.0,-66.333206,31.324804,-1.934197,11.633374,-3.3554707,-6.4570155,2.2906666,-7.3756127
2025-04-17 16:00:00,0.0,-32.90674,-102.89417,-0.25011012,7.298445,7.003087,-0.9744321,0.73635286,-5.209219
2025-04-17 16:00:00,0.0,-58.111206,91.13109,-0.49889094,-34.0157,-12.301383,-8.2345495,-7.5871973,-0.1408883
2025-04-17 18:00:00,0.0,-30.257814,-51.607887,-0.47528723,-19.977816,3.632307,-1.1333787,-9.131804,-9.977456
2025-04-17 18:00:00,0.0,-20.7267,-120.48499,0.3662744,5.5227065,4.0297065,-0.3690229,0.62243694,-6.0756383
2025-04-17 19:00:00,0.0,-35.99488,87.047844,1.2275136,-15.217464,3.26479,-1.9606491,-5.041069,-16.310762
2025-04-17 22:00:00,0.0,-51.031193,64.74249,7.64914,9.787366,-6.0106063,-4.447689,0.85713637,-1.346329
2025-04-17 23:00:00,0.0,1.8264409,-127.21261,3.342719,-9.205335,4.0525956,-1.1291016,0.11924626,-5.1548657
2025-04-18 02:00:00,0.0,-33.697258,-105.19926,2.0795188,6.0956964,-0.73140264,-0.29430285,-0.52567446,15.260409
2025-04-18 06:00:00,0.0,-11.060423,78.506546,2.47146,-13.463037,-7.1854076,-5.0058317,-0.3257991,-17.026705
2025-04-18 09:00:00,0.0,-58.750122,66.95102,-14.461829,-10.337248,-24.405994,-6.4724045,-2.0291607,1.608986
2025-04-18 09:00:00,0.0,-30.787601,91.07701,2.1929855,-28.380083,3.3652399,-2.399691,-5.5173364,-15.812681
2025-04-18 11:00:00,0.0,216.28952,132.57936,-11.038129,-8.523679,-15.332273,-4.4264297,5.936398,40.44435
2025-04-18 12:00:00,0.0,-20.685776,-116.39328,0.1209935,7.6221504,-2.0112455,-0.90727395,0.3499978,-6.07869
2025-04-18 13:00:00,0.0,-2.6644824,-91.46964,0.8631276,-17.677166,-2.1808639,-0.42694306,0.5481411,-6.4619136
2025-04-18 14:00:00,0.0,-32.49814,-107.35593,1.2215807,-0.11833222,3.4986703,-2.316068,0.20750536,14.254421
2025-04-18 15:00:00,0.0,-23.763136,-102.93676,-3.803948,-0.48275387,-0.7705984,2.531052,-0.105215125,-6.3216867
2025-04-18 18:00:00,0.0,-0.431926,167.54953,-9.563954,21.400547,-5.8051906,-0.8143621,5.2668924,-7.9044814
2025-04-18 22:00:00,0.0,-45.905758,61.02658,9.0060835,-7.2658844,-5.8539186,-2.0383759,1.1728971,-15.65054
2025-04-18 22:00:00,0.0,-15.95424,-28.98467,2.4244137,-23.769308,6.5286684,0.110955276,-2.9580736,-3.1873443
2025-04-18 23:00:00,0.0,18.594416,42.77088,-16.13892,-49.26154,-3.3501704,-1.359526,-10.158507,-11.029282
2025-04-19 03:00:00,0.0,15.518544,14.839301,2.8238895,-86.618614,5.751195,-1.8198702,-28.699142,-7.1499667
2025-04-19 05:00:00,0.0,-43.8181,28.54245,-10.951084,12.462844,-19.326471,-1.4255483,1.1775134,-13.508913
2025-04-19 06:00:00,0.0,91.99433,-209.355,0.42762557,-17.86437,-2.3923967,8.93244,0.57394505,13.748221
2025-04-19 06:00:00,0.0,23.833399,-145.53479,-2.294239,-10.656648,-5.1193404,-1.7663594,0.4989833,-2.5247102
2025-04-19 07:00:00,0.0,5.8685474,170.30621,0.20072529,11.705051,0.69328165,-4.0141425,5.506403,-8.028103
2025-04-19 09:00:00,0.0,-7.291708,-5.1237907,1.1257986,10.473856,-9.287408,-5.3071594,0.84946537,-11.986165
2025-04-19 10:00:00,0.0,-26.139008,-114.76261,-0.80890983,7.6858144,0.52834743,-0.57806194,0.37804592,-2.7330694
2025-04-19 11:00:00,0.0,-24.765116,-101.60456,2.7906659,-4.204499,8.177567,1.0035782,0.8069395,-8.233749
2025-04-19 11:00:00,0.0,208.38518,127.38595,3.785062,2.46624,-28.10723,-11.410739,-1.6210433,38.217022
2025-04-19 15:00:00,0.0,-28.593504,-49.117832,0.66668713,-24.176937,-16.745838,-8.045588,-8.546322,-9.868516
2025-04-19 16:00:00,0.0,-56.245773,35.602283,-0.35286406,0.99339783,-1.6530044,3.0106416,0.72062534,-16.115414
2025-04-19 19:00:00,0.0,7.180624,49.06459,0.8709084,-25.750597,-3.9808805,-5.8609843,-10.660116,-13.607015
2025-04-19 19:00:00,0.0,-56.79301,133.79492,2.5349615,20.979542,0.42840776,-1.9975336,3.6877453,1.6104848
2025-04-19 19:00:00,0.0,-21.93271,-87.32936,2.0730715,-5.09439,-0.85283023,-2.3707037,0.01231971,-0.9516417
2025-04-19 20:00:00,0.0,-42.68517,-57.830532,-0.6253277,-17.0824,4.4529643,-2.9648838,-6.155511,20.377968
2025-04-19 20:00:00,0.0,1.2257459,-130.88004,-1.4132,8.059703,-2.232515,-1.9676743,0.6024034,-5.9662585
2025-04-19 20:00:00,0.0,134.75464,92.81879,0.7745325,-8.185649,-13.806164,1.2376487,-3.521388,9.476861
2025-04-19 21:00:00,0.0,-29.368797,-81.96237,1.5372301,4.160017,-13.5218,-5.3334036,1.2084647,16.083523
2025-04-19 21:00:00,0.0,-28.047518,-37.526894,5.3628716,6.5544443,14.0693655,1.3251832,0.54818976,-7.218307
2025-04-19 21:00:00,0.0,-89.476715,14.830355,8.953603,16.294455,16.890291,4.5255275,3.081304,-10.805371
2025-04-19 23:00:00,0.0,-30.017769,-4.3018665,-0.5048822,5.861397,3.0991244,0.35751447,-0.33810127,-2.497572
2025-04-20 03:00:00,0.0,97.27983,179.61993,-7.2774453,13.997449,-1.2641628,-3.2301095,5.047075,1.4346659
2025-04-20 05:00:00,0.0,1.9969686,-132.57938,1.8507234,5.227954,3.5265908,-1.9417913,0.11114192,-5.8480163
2025-04-20 06:00:00,0.0,38.620434,-18.217314,-18.40145,-24.087233,-3.1225343,3.1415539,0.49133378,-0.3385257
2025-04-20 07:00:00,0.0,-30.028519,13.959215,0.2326212,-27.53056,-16.589611,-7.5408583,-4.3176494,-11.653225
2025-04-20 07:00:00,0.0,6.5287623,-97.39663,-1.4027513,-6.4009914,-4.263988,-3.594118,-0.6743127,-4.803713
2025-04-20 07:00:00,0.0,-47.848053,64.82174,-2.722558,3.2915487,-2.709576,-4.859421,0.9160125,-0.568221
2025-04-20 10:00:00,0.0,-83.347336,62.970352,-0.12179171,11.778775,5.879774,-4.1624484,0.82607365,37.674515
2025-04-20 12:00:00,0.0,-59.226883,83.95323,4.1336417,-11.856103,9.662851,-1.123982,1.6840763,-2.7974854
2025-04-20 12:00:00,0.0,-47.837917,43.078495,-14.064744,-12.785533,-15.938279,-6.0719404,0.6542459,1.0676515
2025-04-20 18:00:00,0.0,-21.96744,38.42802,7.292367,4.475963,-3.040008,-3.0187578,-0.2904928,-6.9451585
2025-04-20 18:00:00,0.0,-8.531252,-106.541565,5.034186,-12.238143,8.520247,-1.6268036,-1.4223628,-1.1546582
2025-04-20 21:00:00,0.0,108.804855,-177.25032,0.965851,12.219564,-6.98684,0.4936091,2.5395257,21.9577
2025-04-20 23:00:00,0.0,-16.095512,118.744286,-1.3367928,-52.04556,-4.4193096,-4.7969728,-13.499361,-13.23469
2025-04-20 23:00:00,0.0,-1.5193795,-44.038372,-5.64312,-18.527899,0.6962189,-1.6675055,-0.1792384,-6.95038
2025-04-21 00:00:00,0.0,-47.88004,33.54929,-0.5023851,9.800104,2.1552558,-1.8587339,0.90530205,-15.762032
2025-04-21 01:00:00,0.0,-38.60267,-33.67185,2.9433513,-10.725964,-1.7274781,0.76514745,0.6720763,-9.79344
2025-04-21 02:00:00,0.0,-109.328735,44.00425,-5.0990276,21.23462,-3.270631,-4.8283286,3.2048168,-10.581245
2025-04-21 03:00:00,0.0,149.01982,96.67176,-0.891572,-5.7282553,13.932756,4.9962587,-2.3414562,9.86732
2025-04-21 04:00:00,0.0,158.10017,-16.282755,-13.241505,3.784259,19.778643,-1.9450947,-2.607182,24.158821
2025-04-21 04:00:00,0.0,70.60246,90.353775,2.9005804,0.51634103,-4.746875,1.1418945,-0.76431817,-0.09251212
2025-04-21 06:00:00,0.0,-77.01992,17.296299,2.1739466,10.572561,-4.3278317,-3.5115457,1.7685249,-14.079274
2025-04-21 09:00:00,0.0,-7.363534,113.89214,6.351223,-42.702225,6.370492,-0.44590724,-10.239424,-2.8813872
2025-04-21 11:00:00,0.0,-5.630259,-110.6365,-2.136047,-1.5806458,2.7645376,-0.82475466,-1.8802607,0.16016982
2025-04-21 11:00:00,0.0,-75.81906,16.504627,1.7312149,9.712441,1.9777601,-3.2550874,1.7903416,-13.662574
2025-04-21 12:00:00,0.0,-9.159979,121.219574,1.2763256,-57.187416,2.9964614,-2.4642558,-13.830551,-11.485455
2025-04-21 13:00:00,0.0,220.2556,122.9927,-0.7096176,-27.136927,13.728266,1.682074,-1.6109543,36.463352
2025-04-21 14:00:00,0.0,-38.788322,-45.684372,-2.1511502,3.3926635,-15.23441,-5.2777214,0.9064086,-8.796658
2025-04-21 15:00:00,0.0,-23.52404,-66.46668,-6.2108836,-7.832703,5.3523517,-4.0613317,1.3324182,-1.4306247
2025-04-21 17:00:00,0.0,-76.72312,98.89961,-0.60164803,13.107192,4.943117,-0.5245133,2.4132833,-8.045887
2025-04-21 18:00:00,0.0,-22.389614,29.008154,-7.892742,-6.275735,3.8629944,-4.37447,-5.1654577,-7.0706334
2025-04-21 18:00:00,0.0,-12.010845,101.92442,-0.53758156,9.526041,-1.4164706,-1.7979603,1.5381217,-4.1354795
2025-04-21 19:00:00,0.0,69.13529,99.3656,1.6342481,-22.695251,2.7560265,0.8650278,-0.023996264,-0.30859348
2025-04-21 20:00:00,0.0,-28.702087,-38.458862,2.1454077,5.2005253,10.86521,-2.6018715,-0.05101972,-3.6345153
2025-04-21 20:00:00,0.0,-56.94926,13.017458,-2.3886151,6.68243,-10.86711,-6.197846,0.43745765,-14.872708
2025-04-21 21:00:00,0.0,-23.13949,-103.09581,5.5229335,-11.41689,3.0745924,0.54224056,-0.1065484,-5.581892
2025-04-21 21:00:00,0.0,-2.234529,-91.42393,9.099978,-2.636276,18.324097,6.220185,0.03599927,-6.338084
2025-04-21 23:00:00,0.0,-47.767086,-8.61067,0.7784717,0.31409496,9.632043,1.8803638,0.81774914,24.048492
2025-04-22 00:00:00,0.0,-0.9015455,-66.66071,-2.1295524,6.2123103,0.26014164,-1.12575,0.3587403,-6.610549
2025-04-22 01:00:00,0.0,-18.720293,-69.78629,2.498329,5.401207,3.4339905,-1.9592677,-2.426454,-3.0457067
2025-04-22 02:00:00,0.0,127.36983,-89.619415,0.57701117,20.510895,6.124224,0.006450541,-1.1854006,22.666142
2025-04-22 03:00:00,0.0,-36.799004,-94.03209,-5.290748,3.2473397,-16.776947,-11.126449,1.013174,16.438372
2025-04-22 04:00:00,0.0,-36.435028,30.23567,0.7585008,9.702792,4.019453,-2.689776,1.964159,-11.814921
2025-04-22 07:00:00,0.0,-16.977129,15.678908,1.5020189,11.792601,-1.8443878,-1.1692466,1.5136968,-12.096379
2025-04-22 07:00:00,0.0,-41.79788,61.697132,1.3913236,6.3105397,-14.913772,-5.6407633,1.3233925,-15.920617
2025-04-22 08:00:00,0.0,-15.372219,-112.25501,1.3163631,6.011837,1.1985848,-0.3794778,-0.16364986,-6.1728125
2025-04-22 08:00:00,0.0,-25.196371,-112.48971,-1.4523662,5.1314483,-0.71135646,-2.7315361,0.4070319,-6.087026
2025-04-22 08:00:00,0.0,232.51727,167.46161,11.684827,-13.841142,12.9997635,1.5683539,4.190276,36.063515
2025-04-22 09:00:00,0.0,-5.996051,1.673512,0.43577552,10.143885,11.65883,-1.1438279,1.0113621,-11.482093
2025-04-22 09:00:00,0.0,-43.479477,29.620832,-7.766523,7.4984846,-8.509946,-7.790334,-0.27070174,-15.656882
2025-04-22 11:00:00,0.0,32.35997,135.46033,-5.942809,39.25734,8.961513,-2.0234783,11.18861,-11.632953
2025-04-22 13:00:00,0.0,-112.7032,47.90195,1.9454948,16.946001,3.8721867,-0.20053338,3.1955595,-9.583752
2025-04-22 13:00:00,0.0,-41.483753,90.60211,0.39515615,11.96493,3.9401803,-0.41431984,3.020284,-0.22748797
2025-04-22 14:00:00,0.0,-43.01223,23.321722,-2.1882112,5.4210353,-3.525202,-3.9132857,1.4954035,-14.700119
2025-04-22 14:00:00,0.0,-1.9406523,111.11167,0.60448116,19.041792,5.582097,-1.9904798,3.7577808,-10.403776
2025-04-22 14:00:00,0.0,-24.583778,-26.283007,10.427475,16.36851,20.73691,4.9577312,3.9237754,-14.457845
2025-04-22 16:00:00,0.0,-53.35331,45.415165,-1.0447152,8.860788,1.7135102,-4.050923,0.70733684,-1.5662448
2025-04-22 16:00:00,0.0,-2.6394632,92.63247,-0.6013023,19.99564,-10.513824,-2.959194,2.8874245,-2.7920876
2025-04-22 16:00:00,0.0,-62.82154,71.00381,0.5211418,4.5565248,-2.306909,-1.1478727,2.1995358,20.249126
2025-04-22 17:00:00,0.0,-40.423985,3.6482286,1.8096523,-20.528276,-9.211501,-3.2960289,-2.0934002,-11.714378
2025-04-22 23:00:00,0.0,-29.275793,-11.447729,2.4765153,2.8486898,-17.031656,-5.7187114,0.6287007,-0.59000087
2025-04-23 00:00:00,0.0,-43.6813,-49.17091,1.3612549,9.695294,-2.9899285,-2.7200482,1.9647776,-12.178957
2025-04-23 02:00:00,0.0,-53.20791,-47.66387,-5.7743483,9.559101,-2.9451342,-5.5772967,2.0331068,-12.153456
2025-04-23 05:00:00,0.0,18.025898,55.6695,-0.96201736,17.844587,2.899284,0.06229974,5.0257406,-17.831575
2025-04-23 06:00:00,0.0,57.331043,75.10761,0.64460903,-37.081654,3.3579297,-0.1918093,-8.460987,-0.38528222
2025-04-23 07:00:00,0.0,-22.78824,-70.40007,0.7206894,-2.0530627,3.117075,0.48074088,-0.29927427,-2.6416614
2025-04-23 10:00:00,0.0,-108.63263,45.98443,-2.2063794,20.647585,-8.1905985,-6.6914334,3.193711,-9.742646
2025-04-23 10:00:00,0.0,-41.12866,64.93449,2.4680178,-35.3112,-16.72645,-9.123857,-7.5969725,-0.2673853
2025-04-23 11:00:00,0.0,64.60824,130.74733,1.7546544,38.709103,7.7502956,-2.462479,10.659308,-10.8384075
2025-04-23 12:00:00,0.0,-42.238888,-50.45602,2.7234902,8.913465,-4.565824,-2.0983372,1.9150417,-12.491803
2025-04-23 13:00:00,0.0,41.614136,-20.802933,-2.6737156,11.868336,9.365505,1.2187175,0.91332895,-2.0595026
2025-04-23 14:00:00,0.0,92.95419,192.05319,1.814857,17.764393,3.982381,1.1645507,4.372497,0.9281608
2025-04-23 16:00:00,0.0,-11.749292,52.04945,4.6163335,5.7494974,9.001462,1.6607747,0.1592186,-15.910543
2025-04-23 17:00:00,0.0,-7.693304,-27.011158,1.8271964,0.5795251,8.880766,0.05540043,0.47134724,-10.51696
2025-04-23 18:00:00,0.0,-26.214798,-100.730484,-6.178331,0.8056724,3.1149719,-4.0936704,0.12900184,-6.2830615
2025-04-23 18:00:00,0.0,-23.144787,-63.941505,2.0541358,4.4019594,10.818196,-1.0955487,0.41608647,-6.4456267
2025-04-23 19:00:00,0.0,-47.28715,63.748356,0.036747653,-10.614305,-5.0501356,-5.2332997,0.92132074,-0.10947653
2025-04-23 19:00:00,0.0,-1.4680448,-123.11478,3.6935608,-8.264225,-4.941405,-4.341792,0.53980774,-5.815382
2025-04-23 19:00:00,0.0,-6.7320724,-106.316086,-0.97110146,-19.293896,2.9434688,0.1513387,-2.580121,-0.29612783
2025-04-23 19:00:00,0.0,-32.864166,-65.89225,1.2669545,-0.5284351,3.6860394,-0.7055018,0.4484488,-6.8177
2025-04-23 20:00:00,0.0,-3.992427,41.542576,-5.7063365,5.450336,-17.870024,-7.1797304,-0.14977854,-14.574874
2025-04-23 21:00:00,0.0,-18.965372,30.581196,-0.54541993,-10.248764,1.4116943,-1.27472,0.15053375,-6.2698526
2025-04-23 22:00:00,0.0,63.964706,95.26796,-0.2834084,13.971475,-3.0206282,-1.0686028,3.2006993,-2.2027209
2025-04-24 00:00:00,0.0,-4.654763,61.600037,-2.2196033,-109.150505,-17.745207,-10.69692,-38.510838,-8.494981
2025-04-24 02:00:00,0.0,-41.781303,-15.081621,3.7539198,10.441613,-8.385791,-0.91724676,0.7139845,23.024662
2025-04-24 02:00:00,0.0,-22.662527,-107.42603,-1.8037231,0.8254252,-17.173048,-9.057424,0.3239361,-6.308706
2025-04-24 03:00:00,0.0,-54.272476,31.056526,-0.81508875,8.426445,-3.1607616,-5.7419457,0.7575491,-2.2210002
2025-04-24 04:00:00,0.0,24.993544,-107.3986,-1.420656,-21.618193,-7.807969,-1.687921,-1.1675543,-1.4226499
2025-04-24 04:00:00,0.0,-79.34881,62.880726,0.9158664,3.213842,0.2767167,-1.5951533,0.9094516,36.051334
2025-04-24 05:00:00,0.0,220.49684,162.46269,2.4007142,16.385508,-8.060086,0.34031752,-0.482452,31.536938
2025-04-24 06:00:00,0.0,-16.42888,-111.91173,-0.14226396,-9.215927,-0.020651417,-0.20072466,-0.08684201,-5.3016458
2025-04-24 07:00:00,0.0,-48.230682,61.74915,-8.658414,5.384778,-25.81105,-3.5514784,1.1126184,-14.577038
2025-04-24 08:00:00,0.0,-43.831482,-50.237755,0.47262266,14.6186,-3.0295112,-2.3953872,1.9532102,-12.473041
2025-04-24 09:00:00,0.0,-36.150036,74.186775,-0.5739755,-15.268663,-2.4911091,-3.0703104,-1.9999464,-15.076847
2025-04-24 09:00:00,0.0,-59.629047,25.79486,-2.4664755,6.517737,9.9745865,-1.5052525,0.48251396,-15.619521
2025-04-24 10:00:00,0.0,70.25465,88.767746,-0.20067157,-2.4125774,9.866445,0.56147176,-0.97762674,-1.0389657
2025-04-24 10:00:00,0.0,1.8478037,163.02087,-4.5684986,-3.4690924,-3.4382672,-1.1753204,5.4140897,-8.358441
2025-04-24 12:00:00,0.0,-16.6899,5.34689,-2.2306552,-2.0190978,-9.585078,-2.231067,-3.298497,-5.419092
2025-04-24 12:00:00,0.0,-6.5269904,-62.879673,-0.94014245,1.0721171,-3.6011603,-1.7284138,1.2330501,-2.421404
2025-04-24 13:00:00,0.0,-22.605913,50.912422,-0.6009176,1.4770885,-14.3281145,-4.3071127,-0.25938505,-8.387458
2025-04-24 14:00:00,0.0,-21.33145,-65.620026,-1.9689407,-13.95376,3.9130874,-0.7261708,0.041601315,-2.1820364
2025-04-24 17:00:00,0.0,-48.201256,103.92035,0.13012503,-41.019325,4.866433,-2.0354834,-15.244607,-14.664811
2025-04-24 20:00:00,0.0,-25.22385,-113.20132,1.133196,5.8832645,-1.6552689,-2.6797378,0.2530671,-2.5412073
2025-04-24 22:00:00,0.0,-16.855198,-110.21867,-0.21075106,7.1554246,-3.7226605,-1.3791832,-0.16400197,-6.161082
2025-04-25 00:00:00,0.0,-25.939993,94.028824,-1.2271345,-9.606932,1.2281203,-2.2902892,2.063293,-13.125688
2025-04-25 01:00:00,0.0,0.0737257,-129.98402,0.41309658,6.4607058,-2.8301237,-2.8156025,-0.2772093,-5.991547
2025-04-25 02:00:00,0.0,-53.270542,48.47466,1.0471532,10.220025,-2.8082073,-4.2839627,0.9494435,-16.392035
2025-04-25 03:00:00,0.0,-43.13771,-20.552113,6.483322,9.767662,15.901134,0.35186073,0.50000465,-9.787855
2025-04-25 04:00:00,0.0,229.20802,132.63634,16.544973,-15.641409,8.413772,4.625416,6.0187807,39.3027
2025-04-25 04:00:00,0.0,-17.454449,-117.791626,2.3340833,4.9430995,2.8779683,-1.0145044,-0.10022188,-6.2237926
2025-04-25 06:00:00,0.0,-53.41261,47.99551,-1.0483555,10.064001,2.3651867,-2.8004467,1.0289524,-16.176916
2025-04-25 06:00:00,0.0,4.0335884,-85.68185,0.51887673,4.8162007,7.3701377,-1.9184358,2.2636244,-6.0600567
2025-04-25 07:00:00,0.0,-21.010254,51.69816,-0.37904662,-17.525276,7.9471226,-2.4651706,1.242393,-10.1231165
2025-04-25 07:00:00,0.0,-33.96628,-119.96367,-1.3772008,6.3578944,0.5371461,-1.3491342,0.4711743,14.874568
2025-04-25 07:00:00,0.0,-24.691694,-100.93562,0.685059,4.500468,-3.7782106,-2.7321293,0.06565603,-6.3651543
2025-04-25 09:00:00,0.0,84.093216,-192.97536,2.0860934,5.8137655,-36.444054,-18.011591,-0.36863497,17.552366
2025-04-25 11:00:00,0.0,-20.995611,52.716553,0.54057735,6.5666738,-14.876448,-4.950632,-0.3474003,-8.5458555
2025-04-25 12:00:00,0.0,-56.093357,121.57078,-2.8429306,16.753332,-24.070889,-3.012181,2.6606889,0.035256386
2025-04-25 13:00:00,0.0,-57.943752,-46.54236,-2.4750106,7.6916127,-3.106775,-4.232054,1.7391851,-4.3481336
2025-04-25 15:00:00,0.0,-49.870373,32.66826,-2.9752817,-25.23444,4.5423245,-1.7457708,-3.9631367,-14.949167
2025-04-25 16:00:00,0.0,-43.431965,30.541586,-0.092860915,9.992868,6.2825165,-0.8854538,-0.2819945,-15.549541
2025-04-25 16:00:00,0.0,-3.8525884,-119.36479,1.7055374,8.078922,-6.219327,-0.69203407,0.65238696,1.0024577
2025-04-25 17:00:00,0.0,-63.497593,61.068115,4.5359764,-9.608502,-5.4793153,-1.2737981,1.1449505,-13.140001
2025-04-25 18:00:00,0.0,5.83787,-106.923416,1.064117,8.995912,-3.30576,-1.7620203,1.744716,-7.5497894
2025-04-25 21:00:00,0.0,-22.123169,37.85902,-3.775399,-0.8982197,0.30804497,0.9264534,-0.299936,-6.420594
2025-04-25 22:00:00,0.0,-27.900112,-46.37999,1.9575584,-37.87757,-17.306583,-8.511261,-8.728484,-9.074837
2025-04-25 23:00:00,0.0,-17.32528,-102.883316,-0.45976812,0.9827543,8.157146,2.3011057,-0.42782173,-6.2570853
2025-04-26 01:00:00,0.0,-39.14096,59.78881,-15.702067,-19.684637,-20.69953,-11.595629,-0.9079903,-15.005879
2025-04-26 02:00:00,0.0,-37.962242,50.873947,2.0458155,8.924686,2.1154976,-2.3558357,0.47580788,-16.449562
2025-04-26 05:00:00,0.0,-42.78591,-32.55838,2.9274461,-16.165684,-2.3372774,-0.7515239,0.6240248,20.604393
2025-04-26 06:00:00,0.0,-27.423767,-99.78197,-0.83590734,5.021234,6.5830536,-1.1995308,-0.4064153,-3.089845
2025-04-26 06:00:00,0.0,-2.9508932,-102.95672,-0.46516648,6.866353,6.4922123,1.5448164,0.2729026,1.9894737
2025-04-26 08:00:00,0.0,42.359264,-20.18189,-1.2071652,-16.407665,14.699376,0.7435281,0.7255609,-0.6981729
2025-04-26 08:00:00,0.0,-37.383,-71.56911,-3.6445096,2.4797287,-14.705544,-10.196611,0.08868338,14.404963
2025-04-26 12:00:00,0.0,-24.981,-51.255653,2.6561053,-15.733459,-5.9777017,-3.9555962,0.20822069,-2.8081932
2025-04-26 12:00:00,0.0,6.384206,47.320843,-4.1589956,-20.706667,-6.276255,-5.777296,-0.77332354,-15.379674
2025-04-26 13:00:00,0.0,-58.03623,77.09836,2.998382,-15.757273,1.7219914,-3.1860282,-2.446319,0.85731614
2025-04-26 13:00:00,0.0,12.200223,-23.537472,0.4619116,15.346359,12.769399,-2.1101353,4.752447,-13.999474
2025-04-26 14:00:00,0.0,-23.649485,115.95754,0.9723967,-36.859642,-4.0880513,-5.606351,-13.450241,-15.051255
2025-04-26 15:00:00,0.0,-9.316285,62.552113,-0.7043014,-7.116778,7.237094,-2.8939238,-3.092358,-14.51885
2025-04-26 21:00:00,0.0,-2.7476897,-115.21093,1.4252514,6.251991,6.6757336,3.5069726,1.0361111,1.9537215
2025-04-27 03:00:00,0.0,-74.29691,93.84164,-2.77594,-8.8256235,-16.081993,-8.588066,2.248007,-8.896876
2025-04-27 07:00:00,0.0,98.95545,-195.47386,-2.1044495,6.232393,-8.496302,1.6397157,0.08406368,16.732632
2025-04-27 08:00:00,0.0,-40.76568,17.806133,4.740062,-23.754766,-9.189637,-3.1830857,-2.9590683,24.889744
2025-04-27 08:00:00,0.0,-23.138779,-98.57542,-1.3808304,6.204132,5.3976755,0.16438535,1.484533,-8.36766
2025-04-27 09:00:00,0.0,-41.67721,32.747284,-0.083330564,7.1763577,-16.90053,-9.5793,-0.24784765,-15.898643
2025-04-27 10:00:00,0.0,25.820646,-134.92865,-4.753852,10.811493,3.2918136,0.38907084,1.3726352,-6.639793
2025-04-27 11:00:00,0.0,-26.002312,49.068146,-1.6948727,6.067019,-3.822818,-2.829902,-0.28709355,-8.163757
2025-04-27 12:00:00,0.0,-14.2336035,-100.226524,-1.0882313,0.12699878,-6.1354413,-0.70732063,-0.35179496,-6.167677
2025-04-27 12:00:00,0.0,-79.25363,18.243448,1.1101487,9.102949,4.2236114,-2.253392,1.7819858,-13.942325
2025-04-27 15:00:00,0.0,1.5741227,158.83507,-0.8352581,21.31388,-0.6730384,-1.8314757,4.1019135,1.4987587
2025-04-27 16:00:00,0.0,-60.41982,54.267033,10.064893,-7.671368,-2.985018,-5.340697,1.0174719,32.962723
2025-04-27 16:00:00,0.0,-41.332516,-57.445507,-11.096407,-16.657299,-4.5292034,-2.026045,-4.4371033,19.665506
2025-04-27 18:00:00,0.0,-22.845251,-96.14987,-4.2693224,-4.6297226,-2.4391756,-2.9005337,-2.0671859,-5.8374696
2025-04-27 18:00:00,0.0,-34.341362,-63.831818,-2.3908856,6.6193094,-0.74991405,-1.034534,0.66072154,-6.663574
2025-04-27 19:00:00,0.0,-28.902996,-18.091064,4.2667522,-22.380848,4.8603053,-0.43317562,-1.475482,-1.3986706
2025-04-27 21:00:00,0.0,-66.265434,50.013203,1.0789388,16.559464,4.7528977,-2.2956147,1.4125487,-10.495969
2025-04-27 21:00:00,0.0,-37.062088,-50.890854,-0.16672766,16.076857,3.4183264,-0.7253025,0.5028824,-7.866753
2025-04-27 22:00:00,0.0,-74.59874,14.87953,-7.212038,7.289733,-21.509525,-4.9680734,1.3183879,-11.764336
2025-04-27 22:00:00,0.0,-75.31891,60.221985,-1.7217231,-15.45791,-15.935104,-6.9973764,0.8656632,36.282932
2025-04-28 00:00:00,0.0,-24.586712,-96.57029,-4.733909,-0.74964386,5.695732,-2.485889,-0.03236181,-2.1104653
2025-04-28 03:00:00,0.0,-8.90518,74.73377,1.723672,-13.657744,-5.9712586,-6.0013824,0.24297044,-17.293482
2025-04-28 04:00:00,0.0,-60.27903,65.07026,2.729533,-27.442768,-4.784596,-3.4414697,-5.60383,30.543415
2025-04-28 05:00:00,0.0,-9.033362,72.046234,-0.39253932,1.3022748,4.1254115,-2.7972264,0.18632486,-16.95283
2025-04-28 05:00:00,0.0,-7.1747017,177.4775,1.9619075,25.729635,4.4659557,-0.51628876,6.6219645,-6.135386
2025-04-28 08:00:00,0.0,-18.986322,51.934277,-0.8993124,7.398647,-12.705975,-5.2673664,-0.40938744,-8.630858
2025-04-28 11:00:00,0.0,-29.747263,37.775497,7.741267,7.124053,10.297979,5.146374,-0.3315014,-7.393052
2025-04-28 14:00:00,0.0,-27.590677,49.29785,1.6838946,6.4283686,5.9714575,-0.6607309,-0.42019856,-8.203424
2025-04-28 15:00:00,0.0,-65.37171,66.13679,-1.9003706,9.338868,-7.91971,-3.9420311,1.4335852,-12.31578
2025-04-28 15:00:00,0.0,-25.673546,-113.704834,-0.51859146,2.543915,3.7005224,-0.47080457,0.32614705,-2.6955252
2025-04-28 18:00:00,0.0,-20.835382,70.459175,0.6485865,-16.851255,7.249983,-2.538262,0.7944226,-12.768638
2025-04-28 21:00:00,0.0,-23.152506,-65.19182,-2.8508492,2.699533,8.960362,-2.1910534,-0.4712503,-2.6419752
2025-04-28 21:00:00,0.0,-13.360445,-64.83638,-0.8755834,-25.204273,1.8041112,0.99160075,-1.148245,-5.7237916
2025-04-28 22:00:00,0.0,2.515397,-128.29477,-1.423766,8.250915,-12.404285,-6.0052366,-0.09172281,-6.015797
2025-04-28 23:00:00,0.0,-103.53496,42.52961,3.5283887,26.623196,-1.770016,-1.7049893,3.2950313,43.692757
2025-04-29 03:00:00,0.0,-21.452888,-88.50568,0.3210491,-10.7423725,-0.19881283,-1.7400782,-1.0455136,-5.4661837
2025-04-29 03:00:00,0.0,-38.292377,-46.543083,-3.3254745,3.1077662,-1.840753,-0.4038388,0.73541254,-8.861938
2025-04-29 12:00:00,0.0,-1.823991,-89.790695,0.74241525,-25.614555,0.6200866,-0.6249941,-4.427589,2.7999914
2025-04-29 13:00:00,0.0,-53.62614,43.972622,-9.085446,6.6710863,8.309927,-5.884478,0.7887032,-1.3003979
2025-04-29 14:00:00,0.0,-108.72361,42.64248,-6.0566416,14.238335,-2.730196,1.0674821,3.2036006,-9.621899
2025-04-29 17:00:00,0.0,-22.605965,-66.10723,-0.27616376,5.158212,3.5836112,-1.8911872,0.15923104,-2.5216136
2025-04-29 17:00:00,0.0,97.95038,-217.45291,1.8025169,11.239744,-7.0990357,2.135372,0.8043834,15.949724
2025-04-29 18:00:00,0.0,-42.775955,-11.213547,-2.2610705,14.058147,-2.0015218,-3.125848,0.8592168,23.485014
2025-04-29 20:00:00,0.0,-62.635944,81.08857,-10.366209,-22.59718,-5.4600086,-6.796723,-6.352831,-13.549809
2025-04-29 21:00:00,0.0,-14.974327,-14.389095,-4.2814784,10.649519,5.6054525,-1.7272944,1.1870903,-3.9098473
2025-04-29 22:00:00,0.0,-55.574448,62.327934,-0.031965744,-15.288996,0.31590325,-2.8011317,-2.097797,-17.230799
2025-04-29 22:00:00,0.0,-12.593059,-74.04466,-0.35624352,16.250574,-0.9066181,-2.6027045,1.078548,-2.989358
2025-04-29 23:00:00,0.0,24.031986,-157.73233,0.58436805,1.5863155,3.8824208,1.7734765,0.34532827,-3.1898427
2025-04-30 02:00:00,0.0,2.4365525,-112.89122,1.2227647,6.066002,0.3620024,-0.35247183,-0.6680758,-6.1126018
2025-04-30 03:00:00,0.0,-22.430513,37.623394,3.5760071,-14.937237,5.9097595,0.18146983,-0.3729105,-6.137986
2025-04-30 03:00:00,0.0,-41.897564,88.17437,-11.378212,-11.419921,-3.8700712,-1.083962,2.364451,-12.137659
2025-04-30 04:00:00,0.0,-55.298904,41.194374,3.6587987,7.0812793,5.731256,-2.5552878,0.75210875,-16.58235
2025-04-30 04:00:00,0.0,-44.44371,23.688185,2.1747396,6.8033795,8.011563,1.6369435,1.5513823,-14.654205
2025-04-30 06:00:00,0.0,-8.019065,48.134644,5.1842003,-15.652085,-7.7868185,-4.8587656,-0.016388148,-15.935738
2025-04-30 09:00:00,0.0,-46.881153,-10.945112,1.1174358,7.738579,-9.085276,-2.7456646,0.83861065,-11.980658
2025-04-30 10:00:00,0.0,42.373993,23.979153,-2.276997,-16.449968,0.14033006,-0.8762282,-13.096045,-5.2942896
2025-04-30 10:00:00,0.0,-15.706927,64.59762,4.8641996,-16.601706,-14.02171,-2.6806118,0.4350703,-7.3586655
2025-04-30 11:00:00,0.0,-1.210173,40.63139,-1.1509867,12.900847,0.7626557,1.1603252,-0.04028009,-15.739959
2025-04-30 18:00:00,0.0,-19.780293,21.549414,2.006836,11.038023,9.50604,-1.7921134,1.5256845,-12.766354
2025-04-30 19:00:00,0.0,-3.4679623,-120.44464,-0.08423563,7.8276453,5.806732,0.80553824,0.67092997,1.1815549
2025-04-30 21:00:00,0.0,-11.638959,-32.9462,-2.5603032,11.357797,-2.1124594,-1.0915471,1.482344,-3.0494204
2025-04-30 22:00:00,0.0,26.365562,-130.20868,-0.2583383,4.0279465,-6.9220295,-0.85518754,1.2180516,-6.2879243
2025-04-30 23:00:00,0.0,100.33771,-211.69696,0.31205362,-1.4020491,7.614593,-0.13857895,-1.8896339,15.084356
2025-05-01 00:00:00,0.0,-25.590597,-111.21242,4.3710475,7.291033,-3.9897232,-1.6138387,0.34537387,-5.8957653
2025-05-01 01:00:00,0.0,-0.92928714,-22.020685,0.6650876,7.394629,-4.994494,-3.0917265,-1.353263,-9.487762
2025-05-01 02:00:00,0.0,-27.61551,-83.26537,2.5287251,0.7724488,0.105280325,0.3453528,0.53610235,-6.273985
2025-05-01 07:00:00,0.0,22.476208,-148.08537,4.041268,-11.042781,-13.146814,-3.0803967,0.3367596,-1.9535077
2025-05-01 08:00:00,0.0,-83.0963,13.849916,0.6742398,18.030079,2.3705885,-0.7857007,3.0518928,-10.485466
2025-05-01 09:00:00,0.0,-43.286163,23.531412,-1.5867367,-7.5550914,1.354924,-1.812778,-4.3948565,-13.494849
2025-05-01 13:00:00,0.0,-6.740125,-4.5405974,-3.2203658,14.060314,4.4542074,-0.47558814,0.8743727,-11.98402
2025-05-01 15:00:00,0.0,-4.17549,-112.058945,1.1137707,7.4566083,4.134532,-1.445121,0.48293185,2.1059084
2025-05-01 15:00:00,0.0,-14.604283,85.242,0.042760946,-21.68824,-6.6914825,-6.0354114,-2.5211027,-16.158712
2025-05-01 16:00:00,0.0,-33.310432,32.083233,3.3103054,-5.256358,4.8678637,-2.3071446,1.9258906,-10.356156
2025-05-01 16:00:00,0.0,-9.716608,113.77853,2.5283017,-29.669594,-1.7221905,-1.9085399,-10.809569,-3.3993106
2025-05-01 17:00:00,0.0,-22.387608,-105.95542,0.7461195,0.8650875,3.2569282,-0.45932958,-0.031771377,-6.251947
2025-05-01 20:00:00,0.0,-9.03249,-62.160336,1.1733674,1.2073107,6.0112867,3.319252,1.2248911,-2.504312
2025-05-01 21:00:00,0.0,239.11658,158.31834,3.8478658,11.7892,14.338803,2.2655308,4.1600575,38.908245
2025-05-01 21:00:00,0.0,-14.5436,-71.107895,3.6644063,4.744916,-3.8242116,-2.3656647,-3.1334288,-3.0099103
2025-05-02 00:00:00,0.0,28.692669,55.161472,0.6007347,-106.42005,3.983237,-2.3602397,-36.064087,-7.850536
2025-05-02 01:00:00,0.0,-26.234045,-92.6647,-5.234615,3.997579,-10.218161,-6.6761446,-0.48322403,-2.081813
2025-05-02 02:00:00,0.0,-61.651943,76.26979,1.6886436,-20.288061,-4.070881,-2.966129,-3.710651,-15.659582
2025-05-02 04:00:00,0.0,-56.880817,56.488354,-1.5553739,-1.1476824,-17.85199,-2.6875193,-1.6232489,-14.691291
2025-05-02 04:00:00,0.0,-42.610916,61.96618,2.3286383,-10.204504,2.0064728,-1.4361336,1.3470867,-15.638198
2025-05-02 05:00:00,0.0,-9.828554,-21.398869,0.2270397,11.664938,-7.4154606,-0.88104326,1.3867038,-3.41035
2025-05-02 06:00:00,0.0,78.20444,180.97144,0.5569818,15.680887,1.4661232,-7.5055017,14.103392,-10.476139
2025-05-02 07:00:00,0.0,0.671299,-101.783295,2.0900755,-8.182456,-4.217119,-3.2848542,-4.4336777,-7.0034275
2025-05-02 08:00:00,0.0,-31.771227,92.93987,-1.2117622,-27.95334,3.1906152,-2.249473,-5.0107646,-15.581931
2025-05-02 12:00:00,0.0,-32.152798,-102.41939,2.0116215,8.382408,1.1432241,-0.73188466,0.81564015,-8.397049
2025-05-02 14:00:00,0.0,73.18817,224.58167,-4.5834208,46.06419,5.739642,-5.9761863,14.923969,-9.270952
2025-05-02 16:00:00,0.0,-9.891323,-83.44805,-0.16078894,8.412917,13.263003,1.7392794,0.80274594,-2.072066
2025-05-02 19:00:00,0.0,26.484665,-87.832794,-7.4405317,0.25321954,2.3814204,1.8371662,0.7243329,-2.616796
2025-05-02 21:00:00,0.0,165.0482,-5.2273326,9.047449,-140.45082,1.9778589,2.0360541,-39.69786,19.379921
2025-05-02 22:00:00,0.0,-107.36878,37.049046,4.867581,25.449986,-0.511777,-4.282561,2.950254,41.901146
2025-05-03 00:00:00,0.0,-39.468796,67.21145,1.4214767,-11.464096,-4.002636,-2.5338054,-1.2066563,-17.46445
2025-05-03 02:00:00,0.0,-79.128006,95.26433,-1.0566326,17.35183,-2.0747259,-3.5546086,2.2173617,-6.8975053
2025-05-03 03:00:00,0.0,-17.51296,58.691525,-0.71198225,13.984711,10.918966,-1.8582706,1.0678481,-10.989286
2025-05-03 05:00:00,0.0,-16.752441,-79.66016,0.7518227,2.1039972,2.8965468,0.89193654,1.1276793,-6.447632
2025-05-03 05:00:00,0.0,47.943798,32.459652,2.0939488,-34.992443,-3.4597895,-0.9957285,-4.0857687,-3.063672
2025-05-03 06:00:00,0.0,1.005534,-109.83283,0.70361614,-14.286793,6.2883115,-0.9990653,-0.9916899,-5.1272516
2025-05-03 08:00:00,0.0,-109.298615,47.75993,8.574978,-0.11815109,3.1913297,0.52724046,3.254357,-10.033041
2025-05-03 10:00:00,0.0,-18.297628,-78.95063,1.0142055,2.442409,4.653171,-0.78144145,1.3043389,-6.352865
2025-05-03 12:00:00,0.0,-22.916914,48.86156,-10.541563,-0.79121065,-3.3339455,1.208819,-0.13243803,-7.350406
2025-05-03 14:00:00,0.0,144.63544,-43.361305,5.6586947,7.1310654,-15.599654,0.44593295,-2.6272955,23.85818
2025-05-03 19:00:00,0.0,-31.268524,-116.02185,2.2628925,-8.240509,2.9189613,-1.7049359,-0.06658803,12.9249935
2025-05-03 19:00:00,0.0,-37.078304,-54.92732,-2.5676343,-21.466743,-9.847796,-5.4042964,-4.285468,-8.764771
2025-05-03 21:00:00,0.0,276.091,229.14273,-3.9665961,37.30276,6.736564,-0.17420125,16.810774,47.31018
2025-05-03 22:00:00,0.0,-25.072018,-98.45352,-0.3429325,1.4633795,6.348107,-0.028610671,-0.39510572,-6.250124
2025-05-04 01:00:00,0.0,51.11092,-37.417084,5.419827,19.010937,3.9022331,-3.413932,4.251556,-6.5764318
2025-05-04 02:00:00,0.0,-25.528225,-45.563328,-2.7559388,5.8522468,0.36861718,-2.047962,-0.046948466,-2.957253
2025-05-04 02:00:00,0.0,-11.9628315,28.439516,-4.3841166,-5.1923304,-11.772235,-6.19713,-4.9731965,-6.9349074
2025-05-04 04:00:00,0.0,-6.3856735,45.79788,-2.5805538,5.1286387,-8.691638,-5.337707,-0.106616065,-16.634464
2025-05-04 06:00:00,0.0,59.742702,132.84471,2.5848,16.03198,11.490854,-2.9849946,11.082886,-10.4893465
2025-05-04 06:00:00,0.0,-30.898003,-99.50298,0.50336635,8.817778,-2.1590698,-1.4040924,0.85715735,-8.231739
2025-05-04 08:00:00,0.0,-63.75713,53.56341,0.17576626,7.9061604,6.4392695,-6.101438,1.0826132,36.896744
2025-05-04 09:00:00,0.0,-1.0219742,159.1631,3.234613,16.588387,0.5295246,-0.7359366,3.8779845,0.72787523
2025-05-04 09:00:00,0.0,-22.252724,-104.282,5.1233244,7.0404806,-4.6371703,-0.8937323,0.65414095,-7.83924
2025-05-04 10:00:00,0.0,24.695347,72.95231,1.5402666,9.791453,3.589911,-3.7942364,4.157431,-13.586916
2025-05-04 12:00:00,0.0,-31.950586,-1.8220103,4.7268176,-18.913124,4.7675705,-0.29485208,-1.6536417,-0.42010075
2025-05-04 13:00:00,0.0,2.697201,-99.30503,2.7379391,-21.351448,2.6275334,-2.0504372,-4.4388223,-6.3398714
2025-05-04 16:00:00,0.0,27.067215,-159.37442,0.78397393,6.6553097,4.5516133,-0.3392529,0.35683328,-3.199096
2025-05-04 18:00:00,0.0,-19.772243,-17.552969,0.277903,9.589485,11.332887,-0.7190702,0.6143359,-8.869271
2025-05-04 19:00:00,0.0,-86.93336,98.26744,-1.9858338,11.270153,5.1238027,-3.5409293,2.1645565,17.898138
2025-05-04 22:00:00,0.0,89.37091,-208.07274,2.877082,-12.0714855,-8.604957,1.0738779,0.8294563,14.934228
2025-05-04 23:00:00,0.0,-25.433811,-114.07474,-1.5834562,4.2751055,-0.57427645,-3.1916325,0.25952578,-2.5821104
2025-05-05 00:00:00,0.0,-38.53561,-91.77539,1.1602957,-2.4569595,6.278955,-1.530586,1.2033037,19.22773
2025-05-05 04:00:00,0.0,-52.527893,38.230305,-1.1851957,7.3967013,-2.8739648,-3.2044568,0.82013386,-16.354015
2025-05-05 04:00:00,0.0,-13.66834,-110.41724,1.0514139,-6.9008226,-4.2768445,-1.6856539,0.4299221,-5.7407255
2025-05-05 07:00:00,0.0,-53.006607,50.053127,5.464136,-26.90444,-1.5610359,-2.3742592,-3.325476,-14.679952
2025-05-05 07:00:00,0.0,-32.03579,-53.700977,1.4260379,6.2967806,-4.8217816,-2.7106917,-1.5444536,-7.094131
2025-05-05 10:00:00,0.0,-13.070783,-87.02727,0.70047766,3.1974795,1.6033577,-2.513193,0.9949821,-2.0554805
2025-05-05 10:00:00,0.0,84.36046,143.24696,2.9065485,-26.506584,-1.833144,-1.8849896,-11.988255,-1.9800025
2025-05-05 11:00:00,0.0,61.182423,54.203876,-7.4084625,11.260057,3.0899372,-0.23246695,-0.6934451,-2.5397983
2025-05-05 13:00:00,0.0,-20.368204,65.62768,0.69977325,2.4156406,3.6011825,-2.733704,0.46929634,-7.7563686
2025-05-05 15:00:00,0.0,-59.553936,60.058544,-1.7934839,1.2553449,5.3105597,-1.3375657,-1.8686199,-16.858667
2025-05-05 16:00:00,0.0,85.2718,114.48278,-0.8060655,10.17761,0.86082923,0.9942688,2.3216784,-1.4444752
2025-05-05 17:00:00,0.0,82.685196,145.62436,3.3634799,-44.010616,-6.4322133,-1.8005962,-12.126831,-1.0876797
2025-05-05 18:00:00,0.0,73.31355,89.453476,-2.5779564,4.224877,-2.8348527,-2.3881204,-0.9031803,-1.2843204
2025-05-05 21:00:00,0.0,-15.504538,30.475885,-15.036015,-16.341969,-13.864388,-2.9259803,-0.09325626,-5.3188868
2025-05-05 21:00:00,0.0,143.983,-50.568356,2.3561313,11.064152,-13.97925,1.0066127,1.140775,23.588364
2025-05-05 23:00:00,0.0,61.58987,86.08585,3.8587904,-24.902498,-11.041666,-3.9512882,-0.99168426,-0.5919692
2025-05-06 01:00:00,0.0,-21.623009,-13.200989,-1.2516677,5.2778106,-14.06413,-2.4113781,0.48662946,-9.715479
2025-05-06 02:00:00,0.0,-43.990788,-14.048454,0.90650326,8.1419325,-5.9248667,-2.6366522,0.7335846,22.895697
2025-05-06 04:00:00,0.0,-26.972076,-115.813095,0.49544054,6.1501617,7.134732,-0.21454877,0.42748734,-2.6900225
2025-05-06 05:00:00,0.0,69.14118,88.64864,2.010774,-2.3682954,2.6312637,0.24187161,-0.89931476,-0.60396045
2025-05-06 07:00:00,0.0,-66.57129,66.16264,3.296777,-11.618594,0.4016442,-1.6033448,1.2418623,36.224365
2025-05-06 08:00:00,0.0,-27.73447,-48.575317,3.0774293,-37.321472,2.018189,-1.4316559,-9.104209,-8.987626
2025-05-06 09:00:00,0.0,84.06762,121.05001,0.70624673,-7.291506,1.5882397,-1.0197505,2.4269557,2.9872277
2025-05-06 09:00:00,0.0,-32.499416,-47.552505,-0.38116965,-27.373655,-8.705501,-5.8542914,-0.64634234,16.902658
2025-05-06 13:00:00,0.0,-105.506195,41.91614,1.4003596,13.263543,-1.9943929,-4.635064,3.1961288,-10.048998
2025-05-06 13:00:00,0.0,269.41476,187.78711,11.487765,56.03365,-4.6065755,1.2334628,15.689389,48.96826
2025-05-06 14:00:00,0.0,-25.156988,-113.77346,-2.1126492,1.9835193,5.786156,-0.1322749,0.383216,-6.183621
2025-05-06 15:00:00,0.0,-59.24437,9.896121,5.916353,-27.60064,-3.7121422,-2.1657495,-3.481729,-13.656119
2025-05-06 17:00:00,0.0,-24.985994,-114.869865,-0.07571615,4.934247,3.8005674,-2.1706262,0.25365317,-2.6554832
2025-05-06 18:00:00,0.0,-57.180206,63.48534,-5.059956,-17.111635,3.5746164,-2.020531,-2.4411936,-15.040522
2025-05-06 20:00:00,0.0,-0.5833497,108.86062,-2.88519,13.243247,-18.458593,-3.2975183,3.3701885,-8.350648
2025-05-06 20:00:00,0.0,-39.94723,-43.96622,-0.64296347,9.04795,-6.034427,-2.312,0.74371934,-8.8811865
2025-05-06 22:00:00,0.0,-34.950264,-120.59926,-2.9116015,4.785477,3.2583683,-2.5648396,-0.053200226,15.054191
2025-05-06 23:00:00,0.0,-25.448072,98.03744,1.1752665,11.946484,5.684831,-3.0247767,4.401501,-11.218847
2025-05-07 04:00:00,0.0,76.29753,181.56798,1.7187599,14.719379,11.934898,-5.6815915,14.114893,-9.725588
2025-05-07 05:00:00,0.0,21.400726,-122.68042,-0.7890872,-6.369276,3.7920973,1.610576,0.4268252,-1.819129
2025-05-07 05:00:00,0.0,-29.202229,-32.879738,17.516705,9.386591,-12.468394,-5.0232844,3.3317373,-13.357385
2025-05-07 06:00:00,0.0,-3.7461858,-90.03224,-5.7694516,-14.436277,-19.258114,-8.156813,0.585492,-6.3063564
2025-05-07 10:00:00,0.0,-15.342193,-119.974014,0.5800869,4.460132,4.4175453,-0.849261,0.20788464,-5.899263
2025-05-07 12:00:00,0.0,97.91771,-216.61064,-2.4656398,13.145762,-0.21489574,0.13743791,0.6927288,15.340073
2025-05-07 15:00:00,0.0,-49.861855,-8.101772,-4.7030287,8.409951,8.200214,-3.1809528,0.7570013,24.150759
2025-05-07 17:00:00,0.0,-25.695147,94.36918,-3.4058332,-10.733842,5.78711,-2.1133547,2.106713,-12.854066
2025-05-07 17:00:00,0.0,-20.789518,-93.220406,0.11580499,-3.321152,-12.072944,-5.611465,-0.6053789,-5.52373
2025-05-07 22:00:00,0.0,232.1065,131.62277,-0.12850806,13.994833,15.396907,0.3417948,-1.5737443,39.812294
2025-05-08 00:00:00,0.0,-48.257763,-11.104271,-2.7539105,8.964337,-1.3455586,-1.2647076,0.8617543,-11.97935
2025-05-08 01:00:00,0.0,-24.233835,-115.50683,1.1267558,4.4269958,4.2592497,-1.134773,0.20297907,-5.944978
2025-05-08 01:00:00,0.0,46.01409,45.950886,2.4783206,12.879575,-2.1080794,-2.0579524,1.5275106,-7.2861476
2025-05-08 02:00:00,0.0,97.862564,-197.00719,-1.6965594,5.712131,-0.53248733,-0.4507668,-1.3367356,15.069861
2025-05-08 05:00:00,0.0,11.321201,-29.182095,0.016036823,15.181515,9.524849,-0.7292078,4.5246053,-13.753965
2025-05-08 05:00:00,0.0,-57.920296,77.02251,3.3196306,-15.229273,1.379835,-3.1007576,-2.4161031,0.9162684
2025-05-08 06:00:00,0.0,-1.9800329,-42.082226,-2.8059483,9.32648,-8.282286,-3.1108437,0.6591333,-8.838763
2025-05-08 07:00:00,0.0,-28.569054,-62.92592,-0.1537665,-12.836446,3.7828417,-1.2497722,-4.9769206,-9.857816
2025-05-08 07:00:00,0.0,-73.7292,99.532005,1.3867172,14.245297,-14.376953,-7.4652276,2.2529929,-7.8303547
2025-05-08 10:00:00,0.0,-17.517275,-104.64996,2.0863688,-3.004992,2.3340018,-0.35010186,-0.49787593,-5.657711
2025-05-08 10:00:00,0.0,-78.619354,102.005615,5.651255,-11.67026,9.910297,0.2816898,2.488768,11.572774
2025-05-08 10:00:00,0.0,-17.117758,-7.5027413,-0.2162447,-2.0380888,7.6948066,1.483277,-2.6199331,-3.2644534
2025-05-08 12:00:00,0.0,-85.99046,29.83238,0.6382259,26.507812,-27.728441,-3.3285067,2.624886,36.713154
2025-05-08 13:00:00,0.0,4.4976416,-104.62568,5.981783,5.4139404,-7.29372,-0.50481194,1.431439,-7.1521196
2025-05-08 17:00:00,0.0,-84.85709,77.91451,-14.057557,-32.48116,9.307984,-7.327697,-3.689251,29.204067
2025-05-08 20:00:00,0.0,-31.66824,-118.45032,5.077282,-11.595827,4.441818,-1.451483,0.1793964,12.820789
2025-05-08 22:00:00,0.0,149.50421,-3.5141232,-15.429043,-159.05705,1.9290621,-6.0099564,-38.612408,16.68098
2025-05-08 23:00:00,0.0,-4.311383,93.19627,2.5659223,16.527653,-3.3816133,-2.4535644,2.788668,-2.6687295
2025-05-09 00:00:00,0.0,101.447464,-190.08115,-3.856397,-0.58974135,-1.2583504,5.647139,-0.47427347,17.34768
2025-05-09 04:00:00,0.0,55.534462,10.181426,-2.7391868,1.4319842,-17.316933,-4.161043,-2.5949233,0.7059405
2025-05-09 07:00:00,0.0,9.180085,-90.389435,-10.591095,-7.554708,-0.80342466,-0.56674653,1.1348432,-4.5098543
2025-05-09 09:00:00,0.0,32.506153,133.4566,3.2116845,18.95829,-2.6379316,-3.7885945,10.7499485,-10.544651
2025-05-09 12:00:00,0.0,225.38481,138.25893,0.61400235,-26.740225,9.655117,3.254463,-1.0048355,35.467216
2025-05-09 13:00:00,0.0,35.66269,-64.97871,0.89923763,11.841454,-14.669273,-4.0307965,-1.5675118,-3.3524747
2025-05-09 16:00:00,0.0,-6.4872327,-104.39735,-6.3816814,-12.222923,-10.454847,-1.8915892,-1.3004225,-1.1968349
2025-05-09 17:00:00,0.0,86.573524,108.16815,-2.3400364,10.882059,-12.525887,-4.56366,-0.064945176,-0.92907137
2025-05-09 17:00:00,0.0,-48.666935,33.71488,2.8639147,3.696289,9.254745,-3.4905581,-3.053058,30.05735
2025-05-09 18:00:00,0.0,-32.131653,-51.09442,-0.9526571,7.7281322,2.053328,1.7255653,-0.6406556,-6.981767
2025-05-09 18:00:00,0.0,-25.251972,-92.27351,1.6136967,-8.865937,2.6486118,-0.90918654,-4.0182734,-7.1632447
2025-05-09 18:00:00,0.0,220.2345,123.041565,-2.8195765,-26.511057,19.444048,2.3618772,-1.5786107,35.96779
2025-05-09 19:00:00,0.0,-18.28624,-14.558245,-2.5361192,-26.750183,11.430575,0.31256306,-1.4403151,-7.679792
2025-05-09 20:00:00,0.0,80.17129,99.038315,4.062893,-7.2708974,1.1413482,-0.30045718,3.5290337,-0.2697108
2025-05-09 20:00:00,0.0,-112.205795,44.401424,-0.28028828,19.618063,2.6674418,-2.3165927,3.1567879,-10.330033
2025-05-09 21:00:00,0.0,-24.476173,-96.171425,1.6439447,-11.059635,-12.65283,-5.690414,-0.61497664,11.357154
2025-05-09 21:00:00,0.0,1.4491371,-117.425156,0.79670435,-1.3067858,2.6651614,0.30003232,-0.68031234,-6.144684
2025-05-09 22:00:00,0.0,-24.651379,-114.062614,1.0199634,4.565752,0.88507617,-1.0674866,0.40789446,-6.110963
2025-05-09 22:00:00,0.0,-1.2056981,-110.25687,0.3534844,7.3437176,-10.969052,-3.0757744,0.4701899,2.0792959
2025-05-10 01:00:00,0.0,62.212727,131.1744,2.1147957,40.890114,-2.2371342,-6.0246696,10.740589,-10.950722
2025-05-10 02:00:00,0.0,0.6170042,-116.14657,-3.6164253,6.6489196,6.480606,-0.22323066,-0.6249994,-6.3022866
2025-05-10 04:00:00,0.0,50.57159,23.493916,-10.214799,-31.511145,-10.607344,0.48839614,-3.2335384,-0.62707055
2025-05-10 04:00:00,0.0,-3.0188308,170.7348,-2.634713,19.100266,6.8633432,-1.3598169,5.2999787,-7.866391
2025-05-10 07:00:00,0.0,-21.785875,-110.70239,-1.1744931,6.1310387,-10.176118,-5.1439185,0.40099093,-6.1489887
2025-05-10 12:00:00,0.0,-25.740852,-108.40093,-1.5736692,4.403987,2.2513127,-2.3664293,-0.16824599,-2.9310572
2025-05-10 13:00:00,0.0,83.8415,98.108025,6.110856,12.086782,3.9269948,-0.8416009,3.5432727,-1.0923522
2025-05-10 13:00:00,0.0,-57.771,59.62774,-11.049536,-6.025353,-18.852434,-12.28341,-2.3379796,-16.346807
2025-05-10 15:00:00,0.0,-34.791603,-62.869675,-1.4943485,7.6968513,3.0885005,-1.5977612,0.5398501,-6.5437813
2025-05-10 17:00:00,0.0,27.030466,-136.30785,0.6114572,7.769,3.1118302,-0.48462117,1.1851796,-6.3792267
2025-05-10 17:00:00,0.0,235.40291,142.52979,4.2126393,17.92757,-0.77543235,1.1362513,5.9212785,41.425735
2025-05-10 19:00:00,0.0,-29.385609,-116.5719,9.535703,7.680205,10.210618,3.2975492,0.6111291,-2.8072987
2025-05-10 21:00:00,0.0,0.6062804,-115.16611,-4.6541724,0.4490955,1.899965,0.18435377,-0.47916052,-6.222412
2025-05-10 23:00:00,0.0,-19.557175,-38.550552,-0.6056918,-27.752497,-16.623524,-7.3932757,-1.3850528,-6.578291
2025-05-11 00:00:00,0.0,227.01201,186.36934,9.017516,-24.99131,-8.344617,-0.8175067,1.2651601,34.681526
2025-05-11 02:00:00,0.0,31.581564,-51.435818,0.12902626,-0.5773142,4.133905,1.7778205,0.7118298,-1.5405213
2025-05-11 05:00:00,0.0,157.42621,-28.578678,5.27057,-22.748493,21.653309,9.134335,0.86338675,23.527645
2025-05-11 08:00:00,0.0,-66.61941,33.048702,2.679484,8.055003,-5.0854025,-4.9112573,2.2402613,-7.579049
2025-05-11 10:00:00,0.0,76.88796,104.26837,-0.45337695,4.484374,2.5089524,0.045427866,-0.009833295,-1.783373
2025-05-11 12:00:00,0.0,-31.381319,27.118528,2.1274858,0.21516703,-0.7010611,-2.4559407,-2.64811,0.27570447
2025-05-11 13:00:00,0.0,-22.213144,-88.69562,3.5214405,-6.711893,-0.65758604,-0.6436092,-0.3792342,-5.358377
2025-05-11 13:00:00,0.0,-9.318379,-88.15148,0.80560654,3.0089715,8.269277,0.18781327,-0.37634692,-1.23409
2025-05-11 14:00:00,0.0,-35.467197,-121.0533,3.7787871,7.078391,-1.4541512,-1.6648636,-0.03220389,15.04515
2025-05-11 14:00:00,0.0,-40.045727,29.596394,-4.3328485,-14.462034,-19.921148,-10.984574,-0.24680999,-15.162979
2025-05-11 15:00:00,0.0,3.4713786,-106.13864,0.6365759,0.77132803,1.9946797,-1.6970882,0.75472033,-5.5628295
2025-05-11 15:00:00,0.0,-22.604712,-54.22374,-8.283243,-29.059303,-16.287308,-7.9793715,-4.4952273,-8.380722
2025-05-11 16:00:00,0.0,-64.55548,25.955366,-1.2671021,-38.106426,6.0122495,-3.6942828,-13.605721,29.469536
2025-05-11 16:00:00,0.0,-24.02293,-103.2836,0.8768526,-1.6137832,0.16887867,-0.93019086,-1.0331045,-2.0734925
2025-05-11 16:00:00,0.0,150.22734,96.42551,-15.696319,10.471791,-2.6553319,-5.308862,-2.107476,14.056211
2025-05-11 17:00:00,0.0,-66.44623,67.306946,-1.2067454,15.00962,4.4166193,-1.4642619,1.511363,-12.155798
2025-05-11 18:00:00,0.0,302.94754,271.0514,14.388959,29.44552,41.692238,11.725691,18.050371,51.049194
2025-05-11 19:00:00,0.0,-47.76765,101.98239,7.163271,-49.41437,-5.760731,-2.531619,-13.602553,-14.58856
2025-05-11 19:00:00,0.0,75.96382,104.81977,0.07528734,-0.03941703,4.4598613,1.1095241,0.005684331,-1.0555743
2025-05-11 20:00:00,0.0,-36.595978,43.82865,2.627532,-35.120277,-3.1727622,-3.7824688,-15.819395,-13.932976
2025-05-12 08:00:00,0.0,-108.722404,48.634453,3.2017186,17.137255,-11.561174,-5.408338,3.1907325,-9.74709
2025-05-12 09:00:00,0.0,-19.759386,11.94126,2.9817345,-17.138699,9.981376,-0.025332715,1.4325464,-11.685951
2025-05-12 10:00:00,0.0,83.82283,139.94249,-6.0728536,-21.31866,-20.079168,-0.35246524,-7.1010633,-0.064792335
2025-05-12 11:00:00,0.0,-49.501415,32.931324,-0.10744732,6.9941034,4.882933,-2.8894324,0.91583836,-15.935597
2025-05-12 11:00:00,0.0,-19.136877,87.76912,-2.1968591,-29.730707,-12.549448,-7.0502763,-4.621754,-12.972927
2025-05-12 12:00:00,0.0,-28.026707,-114.79366,3.1907375,-6.499802,1.1865523,1.0962428,-0.0447252,12.644492
2025-05-12 13:00:00,0.0,72.10407,87.87888,-1.6198294,3.7532175,-12.239152,-3.734287,-0.9869641,-1.8237454
2025-05-12 15:00:00,0.0,-22.468576,-111.34112,0.90601414,6.9858537,-4.6618323,-1.0936861,-0.0028013259,-6.084107
2025-05-12 16:00:00,0.0,7.9626503,96.77067,1.2183009,23.906013,3.934872,0.22685313,6.254629,-14.071513
2025-05-12 19:00:00,0.0,-26.911415,-68.58597,-1.1183672,-5.501272,2.163527,-1.432148,1.5435544,13.691821
2025-05-12 23:00:00,0.0,-21.944231,-117.405815,-8.382804,4.9055877,-4.8350415,0.13713476,0.37333396,-5.961281
2025-05-13 04:00:00,0.0,-16.4009,-97.43303,-4.5439124,-5.225715,-16.664219,-8.565078,-0.62083966,-5.4199185
2025-05-13 09:00:00,0.0,-59.226597,-31.1045,5.153154,17.991875,-4.9893637,-4.9981623,2.5354223,29.517307
2025-05-13 09:00:00,0.0,-91.36551,40.33131,-0.15541817,14.415605,2.9288592,0.65804267,3.1965861,-9.898655
2025-05-13 13:00:00,0.0,24.832588,-155.06088,-1.9112546,7.9031153,-0.9238317,-0.4166039,0.5002217,-3.2591457
2025-05-13 14:00:00,0.0,-44.729416,25.935284,-1.1296326,10.381297,1.7986182,0.54956144,1.5422692,-15.3901205
2025-05-13 15:00:00,0.0,133.31502,-52.03643,-7.8088245,4.555428,-32.759975,-1.6785998,1.1217208,22.38956
2025-05-13 16:00:00,0.0,95.68591,149.61502,0.35074887,6.7799897,4.1379437,1.1499319,2.1393957,-3.601328
2025-05-13 17:00:00,0.0,64.80229,66.344,-3.546023,1.646355,7.6272907,-0.6111275,-1.4814235,-1.4255953
2025-05-13 18:00:00,0.0,-28.931839,-62.932667,1.3562318,-14.263622,2.9096563,0.66849923,-4.77435,-10.043109
2025-05-13 19:00:00,0.0,-63.10336,53.308704,1.6097864,3.164509,2.3342266,-1.1071949,1.0337671,34.981495
2025-05-13 21:00:00,0.0,-3.2036817,160.95424,-4.7996974,15.259105,-19.34993,-2.7854145,3.9815962,2.201153
2025-05-13 21:00:00,0.0,3.6025062,-86.87721,1.3367369,-23.077066,-10.387374,-2.335125,-4.2797937,2.507499
2025-05-13 23:00:00,0.0,-84.660904,76.136444,-3.7498884,-15.652093,-13.999525,-12.29622,-3.7531316,30.699171
2025-05-14 03:00:00,0.0,-97.86481,43.69364,7.0054216,12.224426,-12.035923,-2.5910814,3.3838825,42.302853
2025-05-14 05:00:00,0.0,-38.557095,47.728695,0.9928947,6.226322,5.892657,-2.5002086,0.40165102,-16.537533
2025-05-14 05:00:00,0.0,168.13562,18.966301,9.227651,-28.537573,20.841345,1.6331917,-2.3168135,25.208294
2025-05-14 07:00:00,0.0,1.547613,-117.302155,3.4752777,-9.058957,-13.111261,-5.6725283,-0.44568536,-5.414562
2025-05-14 08:00:00,0.0,167.2153,-28.641468,-1.5632439,26.939264,0.13692985,1.3225302,7.737003,32.421688
2025-05-14 10:00:00,0.0,92.82906,189.10913,-7.723866,26.278868,4.263706,0.07484693,4.9106126,0.9709733
2025-05-14 11:00:00,0.0,-56.79027,-27.630707,0.14136162,-4.605297,8.016308,-1.6080087,2.7608488,26.044828
2025-05-14 12:00:00,0.0,-79.55276,96.98544,13.5343275,20.571526,15.815532,6.3217106,2.1885,-7.195379
2025-05-14 13:00:00,0.0,-45.450787,-26.479206,-1.5181981,11.520162,4.6718025,2.3140368,0.48264113,-10.235308
2025-05-14 16:00:00,0.0,-20.660383,105.183754,-3.1912682,20.236338,5.4528327,-2.3492591,4.4062176,-10.201477
2025-05-14 19:00:00,0.0,-40.1433,-38.246033,-3.1697066,0.7846545,12.601689,0.09238869,0.63336945,-8.526204
2025-05-14 19:00:00,0.0,-17.027016,65.25473,-3.6798577,3.650515,1.4660584,0.4438893,0.44633496,-7.615076
2025-05-14 19:00:00,0.0,-7.451208,79.54631,-1.3680393,8.585829,8.162101,-1.0485208,6.2684784,-13.545841
2025-05-14 20:00:00,0.0,-20.803156,17.054623,0.10714999,10.952765,2.6907516,-1.2677131,1.4768081,-12.373278
2025-05-15 00:00:00,0.0,-42.961082,82.05121,-4.254872,13.920037,-20.40826,-2.6842067,2.2493095,-1.619957
2025-05-15 02:00:00,0.0,-27.230629,-42.798107,3.0065298,6.372323,2.6852117,-0.15807943,-1.6846876,-7.0785146
2025-05-15 03:00:00,0.0,-17.707193,-119.43861,0.66593885,4.8600755,4.9305134,-0.3784226,0.17669766,-5.882783
2025-05-15 03:00:00,0.0,-33.81199,-7.551954,-1.6550523,10.922915,6.7315903,-2.2164521,0.9200668,-10.094676
2025-05-15 04:00:00,0.0,-13.390652,-29.24889,4.803295,-11.146541,10.307724,0.22386894,1.2091137,-2.9033482
2025-05-15 07:00:00,0.0,-16.705757,-24.767834,-1.4072144,12.129055,-5.5474114,-1.4817647,0.76624227,-8.843201
2025-05-15 12:00:00,0.0,83.986786,-208.27815,-1.7855158,13.54159,-24.264235,-11.025898,0.7965132,15.9354925
2025-05-15 13:00:00,0.0,163.13184,137.85294,6.483878,4.986589,-31.435913,-12.004714,-1.5583057,15.657266
2025-05-15 17:00:00,0.0,-2.8600137,110.67622,-2.470732,14.795533,5.739238,-1.0176996,3.5345995,-9.377099
2025-05-15 18:00:00,0.0,26.922743,-157.7716,2.1509597,3.74719,5.1100473,-0.31705987,0.52785414,-3.4524925
2025-05-16 00:00:00,0.0,-74.83758,99.35701,-0.079675995,20.024467,11.330472,-1.4836562,2.2361326,-8.11959
2025-05-16 04:00:00,0.0,163.49304,-27.007359,2.43119,14.347155,22.314844,0.9350691,0.8455753,25.55613
2025-05-16 07:00:00,0.0,230.52702,144.05414,-2.0916076,15.244823,6.993222,0.37510678,-1.0744226,38.03249
2025-05-16 11:00:00,0.0,-9.677451,-18.392452,-2.225212,13.688535,5.795337,2.512397,1.333314,-3.587762
2025-05-16 15:00:00,0.0,-76.8226,-0.2685275,-3.4208448,3.7231627,-32.561115,-3.8842287,2.4097204,-6.4670854
2025-05-16 16:00:00,0.0,-22.003435,-116.12069,-3.692392,1.8809636,-0.7403379,2.2996898,0.4985325,-5.958162
2025-05-16 18:00:00,0.0,-42.133896,-31.324844,4.273249,8.582542,8.05416,2.9352398,0.59494656,-10.17779
2025-05-16 21:00:00,0.0,-0.13815942,-58.777233,-0.20355317,-19.232,-14.669348,-1.079056,-7.41023,-9.616399
2025-05-16 22:00:00,0.0,-7.751631,70.086586,-2.7860556,2.0035458,-18.964891,-11.557415,-0.30967277,-17.198206
2025-05-17 00:00:00,0.0,-66.99438,124.47364,3.6358354,21.145657,2.547951,-3.0855086,2.8331969,0.74917555
2025-05-17 01:00:00,0.0,5.434588,-100.73234,-2.7373128,-4.8951564,4.1974454,-1.2638333,1.7684015,-7.2129307
2025-05-17 05:00:00,0.0,88.28874,-191.66228,-1.0315673,10.121035,-28.225504,-13.864251,-0.36883742,17.958166
2025-05-17 05:00:00,0.0,63.927986,67.03537,-3.9005733,-2.3377972,-4.1012244,1.5063797,-1.5275564,-1.214504
2025-05-17 09:00:00,0.0,67.56719,69.22368,4.569272,7.915352,4.374409,-1.208448,-1.3703642,-1.7836139
2025-05-17 09:00:00,0.0,-9.851774,50.277145,-0.009036453,8.888681,-3.0104966,-4.40347,-0.08459818,-17.071411
2025-05-17 13:00:00,0.0,-46.90753,-9.720487,6.1392083,-13.065795,8.641131,-0.7271706,0.51956916,-11.748149
2025-05-17 15:00:00,0.0,106.485245,-200.50626,-2.7522151,2.8637686,11.1698265,0.030697044,-0.49812853,18.300413
2025-05-17 16:00:00,0.0,143.95625,-54.007736,-9.498924,15.357771,-16.842789,-2.2324328,1.073267,23.200562
2025-05-17 17:00:00,0.0,-9.764,-78.66323,0.97834325,-7.2061863,-2.2956955,-0.005756602,0.9357297,-0.9315682
2025-05-17 18:00:00,0.0,3.314334,-114.278564,0.078772336,6.3402524,-12.636172,-6.2751284,-0.61331123,-6.040587
2025-05-17 18:00:00,0.0,-54.252934,70.75388,1.8900555,9.359184,0.8647498,-2.7631085,0.9009126,-1.3715954
2025-05-17 19:00:00,0.0,-24.647854,-104.3717,-5.875652,4.8272986,5.485231,-1.3519989,0.8308946,-8.42461
2025-05-17 23:00:00,0.0,27.252224,-138.46098,2.5646555,8.975853,7.77069,0.083304994,1.1944504,-6.496161
2025-05-18 00:00:00,0.0,-8.695637,-59.676754,-0.09935564,-0.3120379,11.090265,0.4121102,1.0926181,-2.7664638
2025-05-18 00:00:00,0.0,-30.142118,-112.2235,4.6158147,-6.6034455,-1.9618436,-2.4683926,-0.04603248,12.238783
2025-05-18 00:00:00,0.0,-25.958897,-109.49355,0.04257022,7.5763507,-3.6356788,-1.1125054,0.3644077,-2.3647707
2025-05-18 07:00:00,0.0,-21.051754,-68.271286,1.0687368,-4.3814225,-4.542067,-2.5944948,1.0030468,-1.5602218
2025-05-18 07:00:00,0.0,-57.930946,118.27453,-12.822927,6.933788,6.219274,-5.5940824,3.853351,1.0416243
2025-05-18 08:00:00,0.0,-6.389652,-118.48049,3.8307877,-11.219001,-11.840433,-1.7109475,0.6539265,-0.77173257
2025-05-18 08:00:00,0.0,-9.00851,46.997353,-0.78424627,5.7481475,2.2814276,-2.0456028,-0.06656576,-16.54231
2025-05-18 08:00:00,0.0,-21.569706,-97.477104,-3.9051921,-5.771085,0.19648007,1.3774145,0.7078465,-7.9195385
2025-05-18 11:00:00,0.0,-21.347628,-112.07101,-1.7903626,3.6121292,-7.4854946,-2.4944615,0.29246473,-6.449504
2025-05-18 13:00:00,0.0,-51.85903,36.159626,3.6084814,-9.576467,-13.427764,-6.2779493,0.8082489,-16.046495
2025-05-18 14:00:00,0.0,-32.037746,-93.828255,-7.5840077,2.6821675,-1.9354928,-1.2661254,0.27527478,15.011728
2025-05-18 19:00:00,0.0,63.854908,129.13176,3.7417367,40.89538,2.3557901,-3.309702,10.734583,-10.98911
2025-05-18 20:00:00,0.0,-2.9698386,-111.07168,-0.66844,-14.807145,-5.87052,-1.9352725,0.49269542,-0.28682023
2025-05-18 22:00:00,0.0,-19.694775,24.573788,4.1558886,-26.323772,4.9463787,-1.0043101,-4.9404716,-4.7706547
2025-05-18 22:00:00,0.0,95.2263,-166.46109,-0.46355754,-30.977444,5.591112,5.676166,-5.702397,16.563608
2025-05-19 00:00:00,0.0,0.5926369,-134.61977,0.6442747,4.8176427,4.5162606,-1.6775827,0.4948399,-6.16944
2025-05-19 00:00:00,0.0,-27.35034,-74.63498,7.8248997,-8.001465,-13.84977,0.5978346,0.20331259,16.272854
2025-05-19 03:00:00,0.0,211.10876,94.13745,-8.709967,1.9248447,-5.031125,5.9492087,-0.39890584,35.306503
2025-05-19 03:00:00,0.0,-25.048077,-107.29218,10.955387,8.7557125,12.281275,5.019615,-0.1600569,-6.4038568
2025-05-19 04:00:00,0.0,-37.92895,-52.444794,-6.013248,-6.5777063,-5.7182093,-0.0063630873,1.5551982,-11.179577
2025-05-19 05:00:00,0.0,-12.9822445,51.62757,-1.2093555,-16.3041,10.410268,-2.2506962,0.16466913,-15.223939
2025-05-19 09:00:00,0.0,50.14887,16.710417,3.7469459,9.35889,10.592195,0.10072231,0.84642386,-1.0690181
2025-05-19 10:00:00,0.0,-29.00923,100.58994,0.39832044,9.334734,2.3736696,-1.2404469,1.9891382,-12.060605
2025-05-19 16:00:00,0.0,-37.90839,-23.405,3.052068,-22.109505,4.4077907,-1.6778471,-1.561287,-8.473924
2025-05-19 16:00:00,0.0,-8.260569,-35.300686,-1.1621691,-17.660612,-2.10592,-1.0584965,0.5681456,-9.75967
2025-05-19 18:00:00,0.0,-7.6108975,47.43485,1.1089551,2.3458138,5.797454,-2.383068,-0.09642053,-16.016733
2025-05-19 18:00:00,0.0,-56.1796,68.40601,-0.23516469,9.872582,8.337765,-2.9951181,0.8856205,-1.479151
2025-05-19 20:00:00,0.0,-17.700148,-50.988293,4.153949,-17.08011,12.501253,1.9785429,0.1850775,-6.9636073
2025-05-19 22:00:00,0.0,-56.34329,69.86415,-0.16675523,-2.6066265,3.7867808,-1.3760132,-3.4198804,-16.830208
2025-05-20 02:00:00,0.0,3.1810644,-8.8177805,0.9731295,16.418325,10.674667,-0.7392929,3.3352883,1.3878733
2025-05-20 02:00:00,0.0,2.1186998,-73.87322,2.5166945,-25.27779,3.747176,-2.210651,-1.409528,-5.90703
2025-05-20 02:00:00,0.0,0.705519,-126.50525,-1.6439021,7.5740542,4.668869,0.752967,-0.4569255,-6.2789826
2025-05-20 06:00:00,0.0,-24.879925,-102.004425,2.3957272,-1.9813774,-3.4290013,-2.9521346,-1.0221202,-2.0666308
2025-05-20 07:00:00,0.0,30.280317,-134.00317,-6.274258,-4.959506,8.218335,-0.14730622,-3.250414,-4.0497475
2025-05-20 07:00:00,0.0,-67.051926,40.274395,4.2563653,-13.978098,13.101884,0.96146756,1.235156,-10.492137
2025-05-20 08:00:00,0.0,-39.55567,63.361,-3.899515,-14.591784,1.7058322,-2.1355288,-0.9216255,-14.854627
2025-05-20 09:00:00,0.0,-45.319717,-14.167128,3.3211243,-12.950104,-2.6122837,-0.6215967,0.86883265,-12.04009
2025-05-20 09:00:00,0.0,-80.8472,81.66514,2.332301,9.740334,4.3134956,-2.8921115,1.6650629,31.30028
2025-05-20 13:00:00,0.0,-49.909397,19.68876,-13.3129635,-31.485039,8.30572,-5.0867186,-2.2979705,24.738916
2025-05-20 14:00:00,0.0,-16.676792,15.358822,-2.6414165,13.597136,-1.0100521,-1.3501465,1.5271293,-11.7609415
2025-05-20 14:00:00,0.0,31.48105,133.61208,-1.0040479,34.56467,7.201189,-0.86594826,10.833322,-11.447303
2025-05-20 14:00:00,0.0,85.32573,122.11609,4.794065,-4.728712,8.991152,0.18382393,2.568254,0.9587189
2025-05-20 15:00:00,0.0,-36.133656,-56.521732,-3.704421,-29.836151,-4.512204,-4.586226,-4.664764,-2.4457343
2025-05-20 15:00:00,0.0,95.643166,191.21082,3.4712465,24.46577,-2.5198448,-1.3864117,4.64123,1.6160622
2025-05-20 16:00:00,0.0,-40.427284,38.55738,0.589452,1.8068275,-1.3404114,-3.0160182,0.4771968,-15.935194
2025-05-20 17:00:00,0.0,-58.137333,88.3315,-2.5987794,10.01585,4.907868,-3.973408,1.6772971,-3.6615748
2025-05-20 20:00:00,0.0,-41.83826,22.071125,-0.55211765,7.650311,-3.66683,-4.5249505,-0.22013915,-15.100051
2025-05-20 21:00:00,0.0,-56.334072,56.845127,-13.752248,-19.303846,-21.380728,-12.467564,-1.8138711,-15.05137
2025-05-20 22:00:00,0.0,-112.61874,44.59054,3.5636647,20.24232,1.5807029,-1.7014318,3.2516756,-10.387363
2025-05-20 22:00:00,0.0,-29.452034,-93.076385,2.3500605,-3.425996,-4.330626,-0.8439286,0.7049169,-7.4969306
2025-05-20 23:00:00,0.0,-40.76153,90.14623,-2.7659423,18.116909,1.5187193,-3.0342202,3.1920393,-1.0765445
2025-05-21 02:00:00,0.0,-53.3487,54.220203,3.765951,8.87479,7.6198654,-0.078807615,1.1490856,-16.584314
2025-05-21 02:00:00,0.0,-84.33338,16.467398,-0.69029754,3.591599,9.17795,-0.8713036,3.0673044,-9.959234
2025-05-21 03:00:00,0.0,-57.751316,40.616474,3.179838,-12.284401,3.9924116,-1.3002236,0.89583564,-15.598617
2025-05-21 07:00:00,0.0,159.49486,26.65118,9.172867,-22.836529,15.98424,1.202356,-2.293825,27.856216
2025-05-21 08:00:00,0.0,-51.53663,20.258162,-3.5717163,10.1548395,7.3901453,-2.7218997,0.91382176,26.709074
2025-05-21 14:00:00,0.0,-26.122807,-47.199806,4.2243876,-17.109241,12.507392,1.7994277,0.4182229,-6.963328
2025-05-21 18:00:00,0.0,-58.25642,60.089714,2.658975,2.485014,-4.527994,-2.3157055,-1.7927272,-16.930672
2025-05-21 18:00:00,0.0,-74.81486,99.65181,4.5783854,17.980696,10.088341,2.2295609,2.243576,-7.990781
2025-05-21 19:00:00,0.0,-1.9522067,5.2875404,1.0046939,-21.100643,-3.6615212,-2.419397,-2.200752,-11.901591
2025-05-21 20:00:00,0.0,-81.26001,63.21618,0.9481188,7.4618015,-5.0550447,-5.249402,0.9581466,37.975285
2025-05-21 23:00:00,0.0,-8.744091,47.323666,-5.0535107,-19.37944,-5.2328076,-1.7024013,-0.14026706,-15.533121
2025-05-21 23:00:00,0.0,164.89354,-29.455332,6.4002714,23.301674,-8.772791,0.47447148,7.771889,33.308712
2025-05-22 02:00:00,0.0,-41.048733,-0.65089947,-10.717647,9.280501,1.3786308,-2.4367852,-0.83857304,24.956875
2025-05-22 02:00:00,0.0,-22.568853,-113.18111,3.9923296,7.463831,-4.54573,-1.8189964,0.3034225,-6.4127116
2025-05-22 05:00:00,0.0,-61.98038,74.37907,1.80775,-23.51282,8.836658,-1.9877965,-3.8846838,-16.564375
2025-05-22 07:00:00,0.0,-23.05881,19.27521,3.408899,8.724365,8.701787,-2.6650774,1.5333805,-13.046799
2025-05-22 09:00:00,0.0,-16.316866,-101.72625,-2.5440323,-1.3062093,-4.7945013,-2.7566824,-0.9445476,-5.575242
2025-05-22 09:00:00,0.0,15.038759,11.553606,10.802041,-87.46102,17.544975,3.583905,-28.484016,-7.2874146
2025-05-22 09:00:00,0.0,-53.21211,-51.72333,1.4522887,10.016192,1.3511779,-2.730943,1.9916078,-12.395862
2025-05-22 10:00:00,0.0,-18.84633,43.26308,-0.33452576,3.7181752,1.4808606,-0.00033145584,-0.41604194,-6.354484
2025-05-22 13:00:00,0.0,-19.983269,-119.09574,0.19295903,5.9981236,-1.2186121,2.7387562,0.57187766,-6.038297
2025-05-22 14:00:00,0.0,-41.72401,-58.65529,3.9217355,-15.12053,10.602391,1.2714154,-5.6104207,-10.03788
2025-05-22 14:00:00,0.0,-23.760609,-49.65177,0.93542993,0.064344175,-6.4325066,-2.4810162,0.5493367,-6.795952
2025-05-22 17:00:00,0.0,-50.253124,1.9372519,11.085108,6.928995,-5.675017,-4.9197717,0.72797775,-12.286616
2025-05-22 18:00:00,0.0,-4.636735,13.770096,-1.9501213,1.2528934,1.5192854,-2.6592035,-2.3534184,-12.891994
2025-05-22 22:00:00,0.0,-50.11137,-7.4032273,-2.659037,2.8621938,7.467646,-0.30134308,0.95991063,-12.123566
2025-05-22 23:00:00,0.0,-86.12891,70.09076,1.9351666,-1.5722208,5.649419,-4.571184,-2.584488,38.614742
2025-05-23 00:00:00,0.0,-29.809822,-40.427826,0.11187886,-28.48004,2.5393155,-3.279164,0.5237042,16.130362
2025-05-23 01:00:00,0.0,-56.18788,69.8275,-9.257171,-22.97275,-0.74598414,-5.900473,-2.3215773,2.3558896
2025-05-23 01:00:00,0.0,93.38828,-175.95294,4.25908,-30.063662,-2.074846,-0.9813695,-4.800799,15.929712
2025-05-23 03:00:00,0.0,-37.24267,-91.00904,5.159584,-6.9704356,5.9575796,0.7671933,1.452723,18.840065
2025-05-23 03:00:00,0.0,-48.245155,64.73704,0.9833777,3.2646377,-4.501363,-4.705659,0.9231175,-0.66790247
2025-05-23 05:00:00,0.0,20.7088,114.96618,0.7969583,17.263132,1.5494134,-3.2900233,10.739615,-10.361198
2025-05-23 07:00:00,0.0,-46.785744,50.53507,-3.2250412,-13.5351715,-4.695784,-5.073631,0.9383566,-15.656457
2025-05-23 08:00:00,0.0,-24.822153,50.28356,3.180204,-13.801427,4.636576,-1.9447825,-0.34499505,-6.843169
2025-05-23 09:00:00,0.0,-68.19752,32.93801,-1.5674009,14.1235285,4.644353,-4.4957104,2.2459733,-7.18346
2025-05-23 11:00:00,0.0,-24.255838,-98.179436,-0.26083675,-0.6160882,1.8068018,1.4400338,-0.29834265,-6.186729
2025-05-23 13:00:00,0.0,-44.090538,22.6595,-0.33334124,-14.298534,-7.1480446,-4.501763,1.4849898,-14.327591
2025-05-23 14:00:00,0.0,212.2967,135.08788,-18.518532,5.758026,-29.923088,1.424557,-0.37741014,34.687466
2025-05-23 14:00:00,0.0,-34.3179,28.436321,1.6643944,10.431491,8.772021,-1.9626666,4.508643,-16.27011
2025-05-23 16:00:00,0.0,10.90556,-24.144806,2.079692,-1.318261,7.368279,-1.3671932,4.507497,-13.331376
2025-05-23 17:00:00,0.0,0.9811745,-92.293686,-3.2046432,8.835505,2.948629,0.6611696,0.420575,-6.079263
2025-05-23 17:00:00,0.0,-26.12601,93.75645,-3.6401114,-9.941963,1.6876969,-2.2387917,2.021861,-12.854055
2025-05-23 20:00:00,0.0,-37.542065,23.072256,-4.929009,11.820023,7.7666154,-2.9125013,0.8250608,-0.4803711
2025-05-23 20:00:00,0.0,-1.0946066,-47.85959,1.5487735,20.571169,14.0907,-0.20105083,0.22324964,-8.441534
2025-05-23 21:00:00,0.0,3.048002,155.50096,2.784416,-2.7607305,3.5806575,-0.3456464,3.8642628,0.3879924
2025-05-23 21:00:00,0.0,-40.476517,-1.7134134,-5.765656,8.793947,11.088189,-3.6096087,-0.7662498,24.253643
2025-05-23 21:00:00,0.0,54.11161,43.11054,1.545688,-3.889189,-0.687918,-1.7960794,-4.282066,-4.4723854
2025-05-23 23:00:00,0.0,-32.210384,-123.19825,0.38049418,4.8796496,-0.2127215,0.36453575,0.17554736,14.631082
2025-05-24 00:00:00,0.0,-28.584784,-33.14412,3.4859657,17.321924,3.002422,-1.4928902,0.5078678,-7.902345
2025-05-24 01:00:00,0.0,-27.304964,109.21732,0.9322046,13.63899,-4.660117,-6.3432136,2.4861782,-9.056904
2025-05-24 02:00:00,0.0,-32.614887,-113.66665,-1.0920513,4.656713,-12.500551,-6.7009845,-0.035659157,15.453783
2025-05-24 04:00:00,0.0,-19.649347,-13.915419,7.210951,-2.6450047,10.210522,4.194628,-3.3137245,-3.8094475
2025-05-24 04:00:00,0.0,-29.600044,-44.00967,-3.4481182,-1.6012294,10.313959,-1.036103,-0.07583843,-2.9296525
2025-05-24 05:00:00,0.0,-1.7684773,-116.44895,-1.0401467,11.042708,6.9102883,2.0041168,0.5833695,1.7191674
2025-05-24 06:00:00,0.0,-78.568954,102.54957,-3.3769631,7.4543242,-8.304246,-0.95777327,2.3585033,9.606298
2025-05-24 07:00:00,0.0,-58.386665,71.75819,8.836843,-4.6942716,13.248672,4.141985,-3.6978934,-16.937073
2025-05-24 07:00:00,0.0,-44.376583,-17.183455,0.8068937,0.7637295,-8.559434,-2.8076746,0.7459202,21.878908
2025-05-24 08:00:00,0.0,2.3473244,-102.1177,0.29703268,-6.108782,-1.5034523,-2.288727,-4.4914746,-6.8893313
2025-05-24 09:00:00,0.0,97.31621,-193.55267,-6.9407463,6.5041723,-10.445274,3.7967217,-0.43178117,17.871922
2025-05-24 10:00:00,0.0,-31.032406,105.90046,0.4353403,20.24597,8.318089,-1.7627889,2.3619955,-6.95853
2025-05-24 13:00:00,0.0,44.522343,7.4972343,2.3100228,10.440958,-6.834871,0.26961583,1.013315,-0.4026552
2025-05-24 17:00:00,0.0,32.66104,-74.61719,-0.4467681,9.605631,-4.4441085,-3.4836156,0.37273332,-2.471946
2025-05-24 18:00:00,0.0,184.42113,134.4348,4.2122555,9.552735,3.6356401,-2.5291982,-1.4467089,18.724403
2025-05-24 23:00:00,0.0,-24.367016,-114.66156,2.8748624,8.405304,2.315408,-0.35931894,0.21334128,-5.9877596
2025-05-24 23:00:00,0.0,-42.343067,-43.64965,-3.9630427,10.993299,3.9190426,0.33526677,0.65764314,-9.152822
2025-05-24 23:00:00,0.0,-62.615314,26.907797,-7.041041,4.240023,3.3884926,-5.8953824,0.59416807,-15.653531
2025-05-25 00:00:00,0.0,-51.72522,-49.628986,-2.4211464,9.497839,-2.2288318,-2.505041,1.9182069,-12.146223
2025-05-25 01:00:00,0.0,-25.813627,-111.90466,4.473579,3.9288325,-3.5059276,-2.4283884,0.17329907,-2.3152695
2025-05-25 01:00:00,0.0,-18.395227,-100.91056,-2.6763766,-5.660709,-9.828209,-4.226981,0.08907287,-5.1673136
2025-05-25 03:00:00,0.0,-29.660522,-24.631521,2.0957756,0.51713455,-6.102558,-1.7729552,0.55317056,-0.81403506
2025-05-25 04:00:00,0.0,-67.300476,33.703278,0.016823165,10.284953,-2.823618,-4.864855,2.233247,-7.104914
2025-05-25 05:00:00,0.0,24.307827,-148.79134,1.6418557,-9.5646925,1.2060412,1.0452738,0.51621413,-2.5393062
2025-05-25 06:00:00,0.0,-13.710833,51.215855,-7.0175924,10.173745,7.139662,-2.628838,0.12529856,-15.689998
2025-05-25 07:00:00,0.0,-39.173847,-69.15296,-5.407986,-20.536028,-1.6257472,0.31396815,-0.02944984,16.242027
2025-05-25 08:00:00,0.0,-25.052147,-114.90406,0.554903,4.6915298,3.0345023,-1.6619979,0.3925044,-6.1173534
2025-05-25 11:00:00,0.0,2.0496213,157.25522,-0.81691515,1.2710086,1.7851082,-0.9446723,4.128717,2.0103402
2025-05-25 13:00:00,0.0,-35.013916,-119.31347,-2.2545595,6.78627,0.048531685,-2.170199,-0.028530926,14.769496
2025-05-25 13:00:00,0.0,64.316055,103.96761,2.4653535,17.147669,-1.8807561,-0.20697366,3.1943007,-1.56539
2025-05-25 15:00:00,0.0,97.89798,-168.90219,2.7366369,18.135025,-32.410156,-9.826712,2.479963,21.905182
2025-05-25 17:00:00,0.0,-16.731798,105.77835,-3.4206195,20.807737,-2.993702,-3.8108814,4.416987,-10.038305
2025-05-25 21:00:00,0.0,-40.017143,30.482729,4.4982285,-14.588215,7.1713643,-0.52736676,-0.27683124,-14.756418
2025-05-25 22:00:00,0.0,-13.354163,-30.624403,-2.3694932,10.860251,2.5420713,-0.6461895,1.1246177,-3.6684933
2025-05-26 01:00:00,0.0,-57.487164,26.724554,-2.5265548,4.9208655,1.4222366,-1.8972726,0.48396993,-15.118882
2025-05-26 06:00:00,0.0,-25.676025,100.79319,0.8324532,13.314363,-10.065232,-5.847999,2.1800632,-12.235557
2025-05-26 08:00:00,0.0,-17.553846,-89.61264,0.22581089,-15.720466,-4.817783,-3.20521,-2.0795956,-6.6167254
2025-05-26 09:00:00,0.0,85.96066,-167.11026,-0.4805781,6.71036,-33.52793,-17.716768,0.95626915,18.36769
2025-05-26 12:00:00,0.0,-75.3916,49.349922,1.827119,12.881393,2.8226855,-4.3412786,2.86212,39.79801
2025-05-26 13:00:00,0.0,-40.147774,18.538162,11.548823,-27.297537,17.824791,4.2759643,-4.394878,-11.81286
2025-05-26 13:00:00,0.0,65.356674,66.91176,0.9656106,0.8174407,8.554032,-0.72663116,-1.4483196,-1.69171
2025-05-26 14:00:00,0.0,0.31489724,111.143555,-2.1738172,15.95049,6.3053155,-1.356487,3.7763023,-9.448235
2025-05-26 15:00:00,0.0,-53.559135,41.392033,13.86016,11.570755,15.523519,6.755855,0.81185937,-16.359537
2025-05-26 15:00:00,0.0,54.76792,-34.096035,-0.6503818,17.42307,-9.2614155,-7.1762567,4.1840053,-6.1564116
2025-05-26 16:00:00,0.0,-23.075338,18.120886,-2.3053565,2.2417078,-17.588615,-3.0377002,1.1474679,-11.813892
2025-05-26 20:00:00,0.0,-15.214899,-111.32896,-1.5170699,3.754331,1.0972738,-0.006113384,-0.32102555,-6.3053527
2025-05-26 21:00:00,0.0,-7.4089785,108.64511,-6.9691143,-37.522797,-8.905558,-1.8048444,-6.4044266,-1.6705482
2025-05-27 03:00:00,0.0,24.775211,72.56291,-0.22166291,11.204735,-15.636447,-10.698568,4.1371427,-13.593224
2025-05-27 05:00:00,0.0,232.74608,131.56395,4.326106,17.540478,-4.243161,2.8344843,3.1444576,39.563248
2025-05-27 06:00:00,0.0,1.30871,-132.18187,-0.005414542,3.7371187,9.189166,1.4562662,0.09278272,-5.93044
2025-05-27 09:00:00,0.0,26.082489,-155.56639,-0.5129555,6.6169395,-12.634648,-2.8858366,0.23803385,-3.3894904
2025-05-27 10:00:00,0.0,-28.137514,100.386795,0.87637776,9.699569,-4.9472337,-4.334033,2.0484362,-12.035946
2025-05-27 11:00:00,0.0,-68.28105,33.29113,5.0090895,14.724353,-1.0010608,-4.4281654,2.2521048,-7.4479938
2025-05-27 12:00:00,0.0,-18.07387,69.551956,0.3931551,7.65242,5.1483245,-1.4806706,0.40800977,-7.96652
2025-05-27 12:00:00,0.0,-25.11162,-30.459347,2.2437036,15.5633335,0.9263522,-1.3146919,3.5811512,-13.262936
2025-05-27 14:00:00,0.0,100.58068,-158.92493,3.1853073,-13.289698,6.6706214,-0.1580058,0.8349593,16.87313
2025-05-27 16:00:00,0.0,-35.698666,-4.972553,-3.431928,-16.393812,-0.15036881,-0.31246442,0.6124585,-1.1066064
2025-05-27 17:00:00,0.0,-8.44906,-85.03805,-1.5889765,2.521187,-4.8266077,-1.3034619,1.2103975,-0.7975288
2025-05-27 21:00:00,0.0,-16.121038,-116.23844,-0.9501678,5.2437515,-3.045062,-1.2633772,0.46926978,-6.100474
2025-05-27 22:00:00,0.0,-72.90362,98.44483,6.290648,-5.8090944,-2.7462451,-2.74879,-5.7332897,33.553745
2025-05-28 01:00:00,0.0,42.741432,5.5286255,1.2206652,-24.288652,-9.536884,-0.65493447,-2.7161756,0.42944527
2025-05-28 06:00:00,0.0,-31.666218,-100.07402,-2.069231,7.5087876,4.9180627,0.37490693,0.829511,-8.4848175
2025-05-28 07:00:00,0.0,-26.604229,-109.465645,7.4411006,2.395992,13.289832,5.007408,0.062497247,-6.423534
2025-05-28 07:00:00,0.0,-37.225468,25.050833,-1.1143869,9.959097,4.454108,-1.3258138,1.0739046,-0.40389127
2025-05-28 08:00:00,0.0,-29.389397,108.329666,-2.5210814,20.732992,-1.1923884,-3.9989018,2.633097,-6.5804935
2025-05-28 08:00:00,0.0,-17.357115,75.77966,-1.3667797,9.885006,-0.6369517,-2.1717985,1.0671366,-5.6839304
2025-05-28 11:00:00,0.0,-33.477028,-119.07346,-1.6732061,3.6126232,0.9814374,-0.18073907,0.25027782,13.995978
2025-05-28 12:00:00,0.0,-39.86101,21.952919,-4.390736,5.4243674,-19.04122,-11.381974,-0.20231146,-14.867145
2025-05-28 15:00:00,0.0,-62.648075,125.05922,0.19403228,16.910961,-3.7031934,-4.542954,2.745614,0.5530783
2025-05-28 19:00:00,0.0,-55.316,120.58503,4.8033485,1.288383,-12.348008,-2.8997488,2.9354234,1.355703
2025-05-28 20:00:00,0.0,-58.856083,18.23184,3.722746,-23.024271,11.762387,-0.46676144,-11.422501,-5.484354
2025-05-28 21:00:00,0.0,-31.294468,-100.14379,-0.61090773,7.0232887,-0.94802296,1.3811917,0.81279707,-8.385321
2025-05-29 00:00:00,0.0,133.26161,-97.418465,-1.2245138,28.422201,20.76538,-0.23464246,0.5614726,24.852648
2025-05-29 01:00:00,0.0,-21.463558,-118.2837,-3.0392516,7.61655,-0.6767008,1.6537803,0.50569,-5.8822675
2025-05-29 05:00:00,0.0,-27.582226,-49.329994,-1.52975,-29.225922,-9.545764,-4.264246,-6.1786585,-8.785451
2025-05-29 07:00:00,0.0,-62.915733,74.54662,-0.4636823,14.415992,-0.19595978,-5.0509276,1.2593498,39.02062
2025-05-29 09:00:00,0.0,-36.324337,-35.65161,-0.2777858,3.3138597,-21.01171,-10.244384,-1.4852248,-8.07163
2025-05-29 10:00:00,0.0,-43.87538,26.116806,-7.6550074,-8.646095,-13.227133,-0.5851789,1.1838043,-13.27447
2025-05-29 15:00:00,0.0,-17.824547,-102.366325,1.711066,7.8152614,1.0980508,0.65739447,-0.349642,-6.3876085
2025-05-29 15:00:00,0.0,-60.03122,71.504974,-8.789593,-1.972394,5.9325953,-5.062836,-6.1879334,31.607452
2025-05-29 16:00:00,0.0,-29.147404,-34.33159,-1.7094374,11.288365,0.12890857,-3.359605,3.5092402,-13.079157
2025-05-29 18:00:00,0.0,-62.99933,67.03303,6.34792,4.0415936,-13.535192,0.14777747,1.144489,38.521248
2025-05-29 19:00:00,0.0,33.601273,-46.427197,4.7217097,14.308806,8.074887,3.018411,0.84807026,-2.9678223
2025-05-29 20:00:00,0.0,-24.995354,-103.75626,-0.34388453,1.1752502,-13.002464,-1.6628114,0.43408796,-5.9253645
2025-05-29 22:00:00,0.0,-61.187252,130.98045,12.045459,21.412025,12.561427,2.5901024,3.8059502,1.2623513
2025-05-30 01:00:00,0.0,158.22314,106.15487,-2.5814524,-1.9897954,-34.138985,0.434663,-3.0516753,15.81964
2025-05-30 02:00:00,0.0,-25.468105,-76.7179,0.8746191,4.405603,5.6648946,-1.8042561,1.1024574,-2.3397942
2025-05-30 03:00:00,0.0,-32.90606,-17.201654,0.67425776,1.7333883,4.0701203,-0.113804,0.5381046,-1.5096276
2025-05-30 06:00:00,0.0,-57.261723,25.329342,0.10430225,11.122258,6.512684,-0.9609505,1.6203452,-13.437433
2025-05-30 06:00:00,0.0,1.6892271,-115.7481,0.9756998,2.4241245,-5.997792,-0.8294258,-0.4495655,-6.025039
2025-05-30 09:00:00,0.0,-33.692745,59.74984,4.369419,-11.683013,2.6916132,-0.8500124,0.80217797,-15.514997
2025-05-30 10:00:00,0.0,-24.89114,-108.4876,0.48583573,-7.932947,0.720001,-0.92508173,0.41011944,-2.2521286
2025-05-30 10:00:00,0.0,-31.749434,-116.55343,5.0089207,-12.42351,4.2886405,-1.4473242,-0.043342978,13.1456175
2025-05-30 13:00:00,0.0,-54.96053,-14.633572,0.6611065,-22.97263,-15.738263,-8.778048,-9.909972,-2.5497627
2025-05-30 17:00:00,0.0,-59.81561,62.019627,0.9864119,-2.746098,4.1007137,-1.31206,-2.4663644,-16.910055
2025-05-30 17:00:00,0.0,-87.08614,10.418072,17.530722,17.45818,13.683268,6.452795,2.9312153,-9.995224
2025-05-30 17:00:00,0.0,-18.668732,98.354225,8.040993,-7.9553275,4.576264,0.19887002,4.452346,-10.723236
2025-05-30 18:00:00,0.0,6.2182827,-103.35718,2.0008605,8.658368,-13.306071,-4.213554,1.7356148,-7.572987
2025-05-30 19:00:00,0.0,24.942575,-157.26672,-3.3402283,4.2219133,1.055039,1.5236363,0.19238403,-3.1704
2025-05-30 20:00:00,0.0,-61.073082,-50.058212,6.1762834,10.482581,6.1660614,-1.3467572,2.1379874,-4.9352307
2025-05-30 21:00:00,0.0,42.619812,-16.719582,-3.9554875,9.545924,8.588613,3.861761,0.73478436,-1.5692731
2025-05-31 01:00:00,0.0,-57.545174,35.235317,5.7621965,-20.803873,7.879803,-0.9162161,-2.0406747,-2.3202274
2025-05-31 02:00:00,0.0,-57.19417,-33.76868,2.2120166,17.196674,3.2181306,-4.8182464,2.390434,28.249664
2025-05-31 03:00:00,0.0,-34.508858,7.1185565,0.077770874,1.5032285,4.8418384,-0.43150243,-1.4300021,-1.1744926
2025-05-31 04:00:00,0.0,-7.2263265,-122.32413,-0.2511041,7.4351153,1.8519825,-1.8307573,0.55068386,0.92925227
2025-05-31 05:00:00,0.0,-29.807869,-5.5904737,0.24158718,6.9828963,4.737615,-1.4758391,-0.13354102,-2.5507512
2025-05-31 06:00:00,0.0,73.4152,227.08179,1.2363418,46.12826,14.246573,-3.5193534,14.861508,-9.682642
2025-05-31 07:00:00,0.0,140.91943,99.38276,-2.8205128,0.67557484,2.7967274,-0.3251705,-3.2784057,11.602514
2025-05-31 08:00:00,0.0,-6.0561585,48.454643,0.57668453,2.5622861,-0.13575226,2.8235025,-0.014334697,-16.091234
2025-05-31 09:00:00,0.0,-23.547215,-96.03117,-2.8946137,6.1998167,-3.7475796,-2.6934426,-0.3731528,-2.836591
2025-05-31 09:00:00,0.0,-4.2456946,174.76593,1.8567013,7.674877,4.11717,-0.48891702,6.6221857,-7.0671544
2025-05-31 12:00:00,0.0,-27.635008,104.06429,-1.500509,16.33492,-2.7608333,-3.8540902,2.1861136,-12.031193
2025-05-31 12:00:00,0.0,94.670715,182.86598,-0.65551555,18.598127,3.044439,0.34612718,4.3983374,0.298007
2025-05-31 14:00:00,0.0,90.518295,137.67665,-0.8589519,-5.7470226,3.56176,-0.8298226,-5.3112597,-2.3224907
2025-05-31 15:00:00,0.0,-84.519264,99.73154,0.18708213,10.590637,-0.39111924,-4.873454,2.2827587,17.986061
2025-05-31 16:00:00,0.0,1.0981722,-38.851364,-0.8118622,7.6080337,-19.682215,-10.124595,-1.0906968,-8.037199
2025-05-31 17:00:00,0.0,-45.42025,106.197014,3.3638258,-43.366226,-4.57651,-2.8155522,-16.802776,-14.290713
2025-05-31 19:00:00,0.0,-32.052322,-9.278619,-4.8251004,9.851679,-8.892582,-5.894736,0.6325003,-1.3730422
2025-05-31 20:00:00,0.0,-56.603905,84.69532,2.8532836,-10.02197,4.46276,-3.4643283,1.6894674,-2.4538841
2025-05-31 22:00:00,0.0,-23.580889,-83.513885,-1.5331281,-15.450845,-6.474729,-4.05544,-3.2639985,-6.3309436
2025-05-31 22:00:00,0.0,-52.906155,85.19077,-4.366465,-15.206291,-12.75739,-8.644461,1.6152364,-2.5458603
2025-06-01 00:00:00,0.0,-49.63761,61.626312,-0.23064269,-11.193213,7.3787084,-2.1909049,1.0245497,-0.28412676
2025-06-01 02:00:00,0.0,-30.498882,-21.077318,-4.703819,9.716059,-7.9888196,-5.5098186,0.5668801,-2.159574
2025-06-01 02:00:00,0.0,-56.370655,65.64847,-5.8432755,-4.8670835,-19.768547,-1.7468368,-2.8437178,-15.222769
2025-06-01 05:00:00,0.0,-2.3874528,106.197815,1.2963676,19.489927,-9.8637085,-0.2201493,3.235778,-10.096649
2025-06-01 05:00:00,0.0,-25.403011,98.12446,-4.655638,6.763355,-18.065878,-4.6902843,1.7325332,-10.575129
2025-06-01 06:00:00,0.0,-26.007927,-110.37174,4.394511,1.7421273,-4.057074,-1.325884,0.33017462,-2.3422337
2025-06-01 09:00:00,0.0,-62.761105,45.95958,-8.233561,3.857292,4.9253626,-6.152837,0.8694356,-15.756143
2025-06-01 11:00:00,0.0,-61.848965,94.475716,3.245542,-37.685463,-5.0763674,-5.3291636,-7.0938582,-1.3211639
2025-06-01 11:00:00,0.0,-73.59161,59.762108,2.1531878,-12.890511,-5.9871264,-3.0514624,0.87012786,35.25013
2025-06-01 12:00:00,0.0,286.75113,192.59209,6.0846257,60.285007,28.367311,7.7733817,16.132315,49.852654
2025-06-01 13:00:00,0.0,25.474108,-134.34344,3.8898633,-7.9072866,3.9744763,-0.46976697,-0.5480352,-1.4699244
2025-06-02 00:00:00,0.0,-80.10963,63.670868,-2.681752,8.999321,1.2096491,-3.6349802,0.87819695,37.366123
2025-06-02 00:00:00,0.0,-54.787457,-50.44046,-0.020081915,11.94683,3.9369652,-0.81869036,2.0158417,-12.534753
2025-06-02 02:00:00,0.0,-59.511898,24.368073,-23.222036,-46.052784,-5.6687713,-3.259702,-6.4212556,24.945951
2025-06-02 02:00:00,0.0,-2.1044643,-117.716606,-0.5247904,6.316072,4.7290444,-1.0971515,1.0015911,1.4023026
2025-06-02 04:00:00,0.0,50.565002,20.470922,-4.43036,9.1120405,-5.2968416,1.5460942,0.6919295,0.0794003
2025-06-02 04:00:00,0.0,23.417616,-145.77057,4.05514,-10.733774,-13.062405,-2.98215,0.552092,-2.678503
2025-06-02 06:00:00,0.0,-56.329407,54.164772,-3.097869,-17.033625,2.1528146,-3.8598623,-1.8200924,1.3744417
2025-06-02 11:00:00,0.0,246.56686,198.24384,-36.649086,18.382439,-65.6767,6.706003,11.029896,38.230923
2025-06-02 12:00:00,0.0,-9.757781,91.8683,0.7208969,17.193542,10.286664,0.8487696,2.649781,-2.6801527
2025-06-02 15:00:00,0.0,-19.555483,-104.39578,-1.7676677,-8.85561,-12.348574,-5.853056,0.22682522,-5.0844417
2025-06-02 15:00:00,0.0,-18.412125,-27.69573,0.6251388,6.429501,-5.221414,-2.4432197,-1.3062527,-8.129695
2025-06-02 16:00:00,0.0,-49.19332,34.23216,0.29519302,-24.208738,-0.48788804,-2.1697218,-3.8752651,-15.198723
2025-06-02 16:00:00,0.0,-24.031492,-111.65599,-0.03733112,5.221292,-1.9320209,-1.5624138,0.4158026,-6.095802
2025-06-02 17:00:00,0.0,-33.208084,-124.64785,0.98199034,5.5396605,3.786343,-2.6047516,0.17345136,14.587102
2025-06-02 20:00:00,0.0,31.47097,-71.757454,0.92195666,20.651058,5.491281,-0.40942264,0.60248905,-4.401945
2025-06-02 21:00:00,0.0,-57.317425,28.463305,1.1092719,9.586025,-4.390046,-4.56495,1.6868792,-13.932105
2025-06-02 22:00:00,0.0,-43.761326,23.788265,4.95388,-10.414314,13.583524,0.8111436,1.514329,-14.336273
2025-06-02 22:00:00,0.0,-63.32108,30.821169,2.770497,10.89093,-3.133849,-4.5204773,2.2413604,-7.226567
2025-06-02 23:00:00,0.0,-38.347084,-1.2269229,-8.955095,8.342694,-12.490604,-1.7887058,0.029726062,-1.4188989
2025-06-03 00:00:00,0.0,-22.083681,-102.21375,0.04876985,10.576122,2.6007373,-0.6935212,1.5424598,-8.167606
2025-06-03 00:00:00,0.0,-52.56974,74.24432,0.5121544,-18.457,0.83000225,-2.5442004,-3.4632351,-16.790955
2025-06-03 00:00:00,0.0,-20.78733,63.49282,-1.3613166,-1.0628096,6.7578387,1.5261881,0.4066127,-7.5315156
2025-06-03 04:00:00,0.0,-4.3729033,-32.46051,-2.175632,12.6066475,-2.6749535,-1.9773158,0.558443,-9.728472
2025-06-03 04:00:00,0.0,-22.230494,-4.927202,7.0372515,12.10163,0.7219277,-1.5085326,0.6305231,-10.288254
2025-06-03 04:00:00,0.0,-19.993652,105.72264,2.2047632,16.571295,3.238049,-0.6032264,4.422335,-9.500553
2025-06-03 05:00:00,0.0,-26.210886,-104.05348,7.5168133,2.2160969,-7.1218295,-4.706279,-0.12848401,-2.5356538
2025-06-03 07:00:00,0.0,-3.6283705,-119.93128,-2.5513954,9.507307,8.182953,0.06911182,0.6952217,1.1379057
2025-06-03 09:00:00,0.0,-2.5476532,-114.49886,2.748687,3.96333,-4.6959863,-0.750483,0.92598903,1.7398343
2025-06-03 10:00:00,0.0,-66.921715,65.86751,1.5981659,2.368384,4.7687893,-3.3497014,1.2806467,36.678436
2025-06-03 10:00:00,0.0,1.8157104,-117.759415,0.67792845,1.6185222,0.22410163,-0.7331347,-0.6486941,-6.212324
2025-06-03 13:00:00,0.0,-53.52961,68.122765,0.9689357,6.203473,4.6037836,-4.110988,0.8959968,-1.2063689
2025-06-03 15:00:00,0.0,-32.938595,-102.77923,0.3190544,8.62762,8.042448,0.73814267,1.0221387,-8.54493
2025-06-03 16:00:00,0.0,1.0716052,-85.84677,-0.102454565,9.740048,-2.5544617,-0.645732,1.7924125,6.254252
2025-06-03 17:00:00,0.0,24.70096,-156.99054,13.016412,6.6185136,14.222665,8.2291155,0.51592124,-3.327508
2025-06-03 17:00:00,0.0,-9.563457,-76.43543,0.7226308,-19.058672,0.18445504,-3.9304988,-2.22889,-1.6107845
2025-06-03 17:00:00,0.0,-0.20539013,-132.04765,-0.29636747,2.1985402,1.9959294,-0.38621923,0.11767896,-5.953578
2025-06-03 18:00:00,0.0,-4.283827,-58.970715,-2.0912268,-16.185701,-15.199838,-2.592495,1.145207,-1.8789347
2025-06-03 21:00:00,0.0,-54.0044,26.539707,4.7938027,-6.412682,3.2325919,-0.79126406,1.687771,-13.756177
2025-06-04 04:00:00,0.0,6.635588,-109.094406,0.6882325,8.425553,4.5459313,-1.8231833,1.7286614,-7.7212987
2025-06-04 06:00:00,0.0,153.74905,64.30223,3.3834352,6.4095902,-7.6285753,-0.9589698,0.12594745,23.994005
2025-06-04 08:00:00,0.0,-49.529446,21.311808,1.991232,13.419375,11.396918,-0.9243269,1.1776541,28.330256
2025-06-04 08:00:00,0.0,70.00361,106.411125,7.228949,7.968116,10.486257,4.3946095,-0.039228845,-1.5747975
2025-06-04 10:00:00,0.0,31.094505,83.220436,2.2264752,23.050472,3.0271592,-3.1705227,4.148519,-13.777384
2025-06-04 12:00:00,0.0,-3.8065245,165.10942,-0.9778662,17.251299,3.573441,-3.1740646,5.341359,-8.938204
2025-06-04 13:00:00,0.0,-26.606268,-111.12069,8.092991,3.5645156,-7.772264,-4.868902,0.33968526,-2.3601155
2025-06-04 15:00:00,0.0,-92.83205,16.075233,1.6903412,17.168343,-3.395882,-3.671771,3.4115539,-10.727015
2025-06-04 16:00:00,0.0,97.67674,146.23007,-10.492214,15.497647,-21.69924,0.2074814,1.3474884,-3.3377576
2025-06-04 17:00:00,0.0,-34.89891,48.379185,-4.5304246,2.6392035,-7.180002,-4.9928503,0.60828996,-16.1877
2025-06-04 18:00:00,0.0,95.333885,149.82037,0.082518995,11.244696,-0.30188406,-0.108651266,2.0968156,-3.7852242
2025-06-04 20:00:00,0.0,-17.558025,-30.866161,2.950008,-13.722643,-2.581903,-0.44688135,0.7600153,-8.776893
2025-06-04 21:00:00,0.0,-26.969406,107.366684,3.8498957,-7.455405,-15.06517,-8.42367,2.3990436,-8.860057
2025-06-04 21:00:00,0.0,-21.177172,18.415592,-9.256827,8.146023,0.10387337,-1.3016795,1.2470124,-11.913046
2025-06-04 22:00:00,0.0,0.30158845,-128.92561,5.2147064,6.505234,-4.3020515,-1.248002,0.03876117,-5.6788588
2025-06-04 23:00:00,0.0,-25.04105,-77.24658,-1.2065432,4.2583413,2.4687426,-0.8155364,0.94701517,-2.4571452
2025-06-05 00:00:00,0.0,0.26980156,140.84264,-12.674136,16.827711,-29.519436,-0.749828,2.5331988,-1.2431405
2025-06-05 01:00:00,0.0,-21.565834,-4.5839705,1.0881186,-2.0592685,-2.7104304,-1.8349872,-1.926114,-10.172111
2025-06-05 02:00:00,0.0,10.490348,63.33657,-0.1118871,18.760647,-12.61975,-3.7690437,5.0788693,-20.003052
2025-06-05 02:00:00,0.0,-2.6089525,-110.34131,-0.4653825,4.3080626,-7.762051,0.6671839,0.45571882,2.0690236
2025-06-05 03:00:00,0.0,-16.854622,-100.88046,-3.8332412,7.6196814,2.2838702,0.60303885,-0.24343614,-6.2276816
2025-06-05 06:00:00,0.0,228.72025,143.18974,0.12899052,18.566578,0.61870515,2.05216,-0.20340234,38.843002
2025-06-05 07:00:00,0.0,-22.593725,-66.80296,0.091654696,-14.753231,1.0562195,2.4030225,-0.042347506,-2.572128
2025-06-05 07:00:00,0.0,-79.705765,8.507295,2.6124945,12.12245,5.8603783,-2.909574,3.136878,-10.485351
2025-06-05 10:00:00,0.0,63.64861,69.986435,8.238091,-13.275744,-1.03976,-0.28788856,-1.3978301,0.12172067
2025-06-05 11:00:00,0.0,54.65805,-30.767614,0.80290115,17.018524,-6.4365153,-4.468228,4.4742126,-6.352474
2025-06-05 13:00:00,0.0,-16.33303,-118.98846,3.3361092,7.8006434,-0.61268777,-0.6607242,0.19529858,-5.8634963
2025-06-05 14:00:00,0.0,-30.821592,-49.786644,-0.925177,13.523801,-5.418194,-5.7359195,-0.535707,18.061016
2025-06-05 16:00:00,0.0,226.7284,148.32645,9.699586,-19.929556,11.735413,0.06768834,4.546275,37.11112
2025-06-05 17:00:00,0.0,-43.293945,22.651493,1.2237319,10.523101,-5.7463346,-5.1077175,-0.20332596,-15.178524
2025-06-05 17:00:00,0.0,-54.447113,-18.469458,2.2767363,-45.62105,4.6643753,-1.1999161,-8.719548,-7.957466
2025-06-05 18:00:00,0.0,-47.290123,66.70015,1.8516992,10.402829,2.1255949,-3.3976157,1.3602731,-16.060379
2025-06-05 20:00:00,0.0,-1.3143529,-31.42198,0.48770505,-20.118055,-7.461113,-2.414552,-1.265606,-8.093662
2025-06-06 01:00:00,0.0,-27.452862,-50.046356,6.307205,-23.228605,14.022564,2.1084075,-10.074173,-10.257054
2025-06-06 03:00:00,0.0,-80.872856,20.85018,2.6418738,4.7265387,-10.232199,-5.772525,3.862164,-13.203447
2025-06-06 03:00:00,0.0,-64.11027,118.06285,-1.8554906,12.748454,-1.3683183,-5.2520037,2.7545693,0.4326298
2025-06-06 03:00:00,0.0,-19.142841,-121.01414,-1.2286797,7.9234734,6.2610593,-0.17045046,0.39383015,-6.0610304
2025-06-06 03:00:00,0.0,-15.400809,13.641209,4.7911057,11.270447,9.155135,-1.0879148,1.0544928,-4.7671113
2025-06-06 04:00:00,0.0,-27.059559,-112.85657,-1.358863,2.8456166,4.551919,-0.5948613,0.3539289,-2.7404203
2025-06-06 05:00:00,0.0,130.35619,-112.138405,-4.340662,-2.8982363,25.797846,6.3353376,0.3197603,19.151941
2025-06-06 05:00:00,0.0,-6.896642,48.227413,4.2005086,-12.759438,5.798259,-2.441888,-0.028629722,-15.918722
2025-06-06 08:00:00,0.0,12.175078,-28.966911,4.288853,20.265398,-0.1298127,-2.1384978,4.378604,-13.378014
2025-06-06 09:00:00,0.0,-1.6724105,-67.431496,-0.17838904,6.735464,-15.875089,-7.8152323,0.4547839,-6.6784062
2025-06-06 10:00:00,0.0,-59.063084,66.19286,2.1129093,-13.743077,-4.947038,-3.2627828,-2.35253,-17.19323
2025-06-06 11:00:00,0.0,3.5786076,-104.55504,-4.764488,-2.871774,-16.725868,-9.363676,-0.36106902,-5.281399
2025-06-06 11:00:00,0.0,21.068968,-150.30597,0.6368496,6.9417877,-3.9934988,-0.7331985,0.08950783,-3.6686945
2025-06-06 12:00:00,0.0,-15.350686,93.0325,4.386864,-4.152811,6.86617,0.5201986,-1.0222907,-2.2068124
2025-06-06 12:00:00,0.0,165.23306,-18.411617,-5.504022,14.826422,18.829168,9.102691,0.884701,24.977356
2025-06-06 13:00:00,0.0,-48.856457,51.54973,2.104159,4.352767,0.19829999,-1.5642202,0.97855157,-16.059437
2025-06-06 13:00:00,0.0,-0.21525162,-87.185165,1.2007258,9.234062,-1.0095208,-0.8839436,1.8020352,6.2914844
2025-06-06 14:00:00,0.0,23.5481,-155.53778,-1.0587134,5.3177137,-3.7172816,-1.3177265,0.39878103,-3.2209747
2025-06-06 15:00:00,0.0,-15.398721,116.6278,-12.129784,-44.37345,-20.951998,-13.324449,-13.929097,-12.995845
2025-06-06 16:00:00,0.0,-65.164856,32.128437,-2.118879,13.9006,-14.05564,-10.716148,2.2398984,-7.73458
2025-06-06 16:00:00,0.0,-64.19428,54.830044,3.1457145,11.244218,-0.15711026,-2.1156573,0.98465943,37.77753
2025-06-06 16:00:00,0.0,-3.7284439,-102.63512,-4.2472863,-0.8460427,-1.9048619,-3.2907615,-1.4516066,0.2648111
2025-06-06 20:00:00,0.0,43.20475,-18.254087,6.250755,11.070878,12.298535,0.029258568,0.6541199,-2.0765522
2025-06-07 00:00:00,0.0,-22.830723,-67.080986,1.8131068,-13.664299,9.143178,-0.24861585,0.14476341,-6.298312
2025-06-07 00:00:00,0.0,-17.970095,-9.306901,1.4291025,-2.8707633,12.813068,-0.45969126,-2.8448403,-4.3973536
2025-06-07 00:00:00,0.0,-13.365104,-94.16565,-3.9648879,-14.287843,-14.279715,-5.913922,-0.1939547,-5.1981916
2025-06-07 00:00:00,0.0,225.55821,142.00507,-2.6473358,-0.42247838,0.02498243,1.109102,-1.0632199,36.503902
2025-06-07 03:00:00,0.0,-34.712376,-107.6855,-1.0664885,-0.299481,5.0374103,-1.9837941,0.08733399,14.607832
2025-06-07 03:00:00,0.0,-60.362732,8.467489,2.4971404,-48.444317,5.2816005,-0.45195392,-7.9466076,-8.583648
2025-06-07 04:00:00,0.0,-46.409206,62.16037,-12.256799,-13.136012,-6.347172,-1.4239179,1.0199562,-0.12814884
2025-06-07 09:00:00,0.0,29.024578,-135.1623,-1.9658233,9.020612,-10.529702,-3.605388,0.93597126,-5.277102
2025-06-07 09:00:00,0.0,-21.010069,-111.7667,-0.3384104,-7.6233544,3.2420297,-0.31172144,0.79124784,-5.856261
2025-06-07 11:00:00,0.0,-34.75006,-105.5184,-2.0993104,0.5326518,2.5500672,-1.3639596,-0.16933078,14.468496
2025-06-07 11:00:00,0.0,-44.168774,-31.083237,1.3914396,-3.0713315,2.4736583,1.3552005,0.6162833,20.397903
2025-06-07 11:00:00,0.0,5.052561,-100.8402,0.8260061,-5.1230407,3.3861165,-1.1036587,1.7594986,-7.637585
2025-06-07 12:00:00,0.0,-8.279673,73.70602,-1.4544256,2.8916636,0.6696695,0.91437894,-0.28169698,-16.921406
2025-06-07 12:00:00,0.0,-75.653725,63.919487,13.569542,-19.188332,14.580573,2.0851822,-2.7619913,36.62406
2025-06-07 12:00:00,0.0,81.419136,96.108406,7.0294447,8.264815,-7.3526087,-2.21601,3.4197354,-0.44438568
2025-06-07 16:00:00,0.0,-33.353703,-19.569027,-2.3931274,9.82742,4.3498645,-1.9880106,0.53131205,-2.7576392
2025-06-07 16:00:00,0.0,-43.956448,27.53518,3.5937982,-8.124398,-14.793741,-6.3747597,0.87634593,-14.91634
2025-06-07 17:00:00,0.0,-22.847189,-110.95285,-1.6514457,6.927893,-2.9657104,-2.573773,0.4186945,-6.081076
2025-06-07 18:00:00,0.0,-4.9915624,54.623215,-3.6009803,-34.007347,-0.69731414,-2.8801842,-3.2565496,-12.471329
2025-06-07 18:00:00,0.0,-12.352642,106.24619,1.134967,13.714868,-0.34898537,-2.6587589,1.5754682,-4.455516
2025-06-07 22:00:00,0.0,-32.047844,-96.75705,6.127264,-8.810293,3.7848256,-0.5563968,0.8004877,-4.4103785
2025-06-07 22:00:00,0.0,19.299932,-160.52344,5.5141416,5.568924,7.837472,4.029803,0.3550567,-3.2079098
2025-06-07 23:00:00,0.0,115.340805,-3.4682457,-0.48630595,-40.824585,-55.584366,-21.859894,-2.8903313,24.82201
2025-06-07 23:00:00,0.0,-26.37755,-92.63553,3.9768171,-1.6572341,-9.119635,-3.3022,0.8027291,-4.419764
2025-06-07 23:00:00,0.0,65.08158,84.86275,-3.7057745,-27.476974,-17.287727,-5.0373373,-0.9969145,-0.5746529
2025-06-08 01:00:00,0.0,-15.226161,-104.12335,0.5694177,2.0223026,3.2675037,0.91976756,-0.4471296,-6.2025185
2025-06-08 03:00:00,0.0,1.59311,-58.2689,2.2625675,-42.211178,2.9009097,-2.1387315,-11.269431,-8.94528
2025-06-08 03:00:00,0.0,-44.040745,29.794682,3.0826008,8.13138,6.7289295,-2.2798736,0.8553761,-15.596676
2025-06-08 04:00:00,0.0,-50.747852,-17.740639,1.7280729,-43.41409,-4.1769114,-5.6370354,-9.8640785,-3.1569028
2025-06-08 05:00:00,0.0,3.6067417,159.66159,-0.22716188,21.953722,-7.694103,-2.82488,4.0930057,1.549688
2025-06-08 05:00:00,0.0,-21.79044,-97.0656,-4.6250834,-12.87411,-9.691595,-5.6117887,0.25248155,-5.5167613
2025-06-08 08:00:00,0.0,23.97062,-121.14612,-1.3596761,8.098666,-2.9860425,-0.9157962,1.2734345,-3.5037925
2025-06-08 09:00:00,0.0,62.378,66.825485,-2.615754,1.057588,-10.725174,-2.8226807,-1.460005,-2.0510762
2025-06-08 11:00:00,0.0,-38.976788,90.21019,-1.8743038,17.11532,-2.4329298,-4.016856,3.1247573,-1.0974714
2025-06-08 13:00:00,0.0,-41.907772,66.110565,2.2570126,-13.649653,2.4014435,-1.7391245,-1.120977,-17.376366
2025-06-08 15:00:00,0.0,-52.436485,11.883627,-9.683506,-52.179947,9.818097,-5.1149573,-10.957531,-5.7888365
2025-06-08 15:00:00,0.0,-24.583046,-113.43536,0.50489,3.7137518,3.00588,-1.6756817,-0.037401948,-6.176461
2025-06-08 15:00:00,0.0,123.808754,-182.48074,2.3211417,19.602789,17.507921,5.7940345,2.674342,23.161781
2025-06-08 19:00:00,0.0,68.95373,98.547455,-4.45687,-21.74046,4.032578,-0.4818672,0.26914725,0.0008770153
2025-06-08 19:00:00,0.0,-25.759518,49.504395,-1.6253405,-1.4372047,10.564734,1.795383,-0.30492592,-7.5693293
2025-06-09 00:00:00,0.0,-79.5099,95.3979,1.014564,19.684406,5.745517,-2.507511,2.180224,-7.205616
2025-06-09 03:00:00,0.0,-20.638563,161.11926,-0.64484066,26.321327,1.8301282,-2.2163146,5.904912,-7.6430125
2025-06-09 04:00:00,0.0,-36.604355,-123.664215,-0.1536304,6.0450883,5.520335,-2.0532484,-0.028394964,15.448824
2025-06-09 08:00:00,0.0,-2.1899061,-114.39434,-0.39679095,5.922386,7.2097025,2.3292623,0.4868432,2.1775522
2025-06-09 11:00:00,0.0,-23.7161,-116.68413,-0.71574885,4.46911,4.231452,0.12994336,0.38093114,-6.3185844
2025-06-09 11:00:00,0.0,-26.60694,101.80928,0.2588239,16.823925,-13.925888,-7.970022,2.0514045,-12.20958
2025-06-09 14:00:00,0.0,-5.2562275,-22.94756,-0.0677682,13.0471525,14.432072,-0.8381683,0.60624707,-9.617283
2025-06-09 14:00:00,0.0,31.365377,-133.05278,-0.22229888,-6.157153,-9.597599,-4.1056895,-2.4248621,-3.1747792
2025-06-09 14:00:00,0.0,-53.944675,85.72505,2.927116,-31.12346,-4.8389745,-3.5992215,-5.6485906,-15.665835
2025-06-09 16:00:00,0.0,-52.563484,25.653141,-2.7718601,9.372056,-14.809626,-10.820848,0.86526453,26.329182
2025-06-09 17:00:00,0.0,-96.97458,13.0346365,14.133535,20.558537,11.687183,3.2394507,3.4860492,-10.050931
2025-06-09 18:00:00,0.0,-3.8102667,-70.8344,3.7198806,-16.910902,-17.86481,-6.9774218,0.4572408,-6.838931
2025-06-09 19:00:00,0.0,20.604965,-118.373604,0.24257652,-2.657699,2.9613476,1.9071915,0.32744217,-2.704421
2025-06-09 20:00:00,0.0,-8.748805,-34.11469,0.08670005,1.3131322,0.6067046,-0.98127246,0.518904,-10.12654
2025-06-09 22:00:00,0.0,-97.44976,46.345333,-2.6764367,18.591429,-6.8749757,-4.3367767,3.1906824,-9.860313
2025-06-10 05:00:00,0.0,-12.377009,100.71194,3.5728467,-21.41722,1.2234083,-0.51522017,-4.1060767,-2.3950791
2025-06-10 05:00:00,0.0,-35.894325,27.293415,-2.6353252,0.7372674,4.003163,-1.9763459,-2.7294927,0.42634556
2025-06-10 06:00:00,0.0,31.382978,-64.629776,4.1757336,19.857052,13.834619,-0.45680004,0.5039179,-4.729135
2025-06-10 06:00:00,0.0,-25.40966,-97.4488,0.36240602,4.681097,3.571603,-1.9967296,-0.5028521,-2.7742858
2025-06-10 07:00:00,0.0,6.3430305,-94.75144,0.17068005,-4.5116553,-0.350746,-1.8548241,0.75561357,-4.7620044
2025-06-10 08:00:00,0.0,-73.449646,99.3407,1.6975474,6.769263,-16.367727,-9.432208,2.4924455,15.175429
2025-06-10 10:00:00,0.0,134.59125,-72.175354,3.7303772,-17.140879,-21.338808,2.1253824,1.0392116,20.832884
2025-06-10 11:00:00,0.0,-55.78673,55.487427,-0.67494774,-8.214687,3.475368,-2.3081965,-3.6543875,-14.600867
2025-06-10 13:00:00,0.0,-47.285133,82.615456,2.9705598,9.019305,7.080638,-1.0454878,3.1668272,-2.2024407
2025-06-10 14:00:00,0.0,-14.646823,-112.348976,-2.1758966,2.0101516,-15.409665,-7.801213,-0.043354746,-6.0847964
2025-06-10 14:00:00,0.0,-20.392712,-95.148,-1.884275,6.4032965,-1.0977875,-1.2323681,1.6022085,-8.1092615
2025-06-10 14:00:00,0.0,192.01428,99.70451,-25.686758,-69.35579,-0.0076871812,-8.70758,3.165889,25.134665
2025-06-10 16:00:00,0.0,-48.958656,50.616295,0.20444685,7.057362,-2.4261854,-3.9348216,0.9369885,-16.413965
2025-06-10 17:00:00,0.0,-60.969135,72.397865,-0.65181243,-13.001536,7.1052933,-2.1171443,1.4523093,35.941387
2025-06-10 20:00:00,0.0,148.22188,-6.439008,-2.632681,8.70856,-13.175316,0.1836955,-2.8512695,27.61025
2025-06-10 22:00:00,0.0,-56.317886,68.48351,-0.15410635,10.443359,5.9439845,-2.8073711,0.836046,-1.3460566
2025-06-10 22:00:00,0.0,-41.508602,31.580898,-1.0119333,8.40684,3.1163568,-2.3433228,-0.11563244,-15.479432
2025-06-13 02:00:00,0.0,-27.57784,108.91926,-4.6054454,10.304081,-25.468744,-5.0483327,1.8151425,-7.700721
2025-06-13 03:00:00,0.0,-23.342216,-114.81385,1.3292702,8.376544,1.9168733,-0.121650636,0.28328836,-6.5305943
2025-06-13 09:00:00,0.0,-100.8869,40.69752,-1.1502566,27.815886,-10.457246,-8.840579,3.3420408,44.7352
2025-06-13 10:00:00,0.0,-15.155185,-104.20469,-0.14075209,2.4120672,3.7913017,-0.008569466,-0.36815962,-6.244223
2025-06-13 11:00:00,0.0,-14.483585,-96.23,-6.633448,-1.8055705,-10.431852,-2.3091173,-0.45018703,-5.5669785
2025-06-13 12:00:00,0.0,26.489407,-146.65672,0.43420333,1.2694193,8.453765,-0.41158634,-0.47010472,-2.7825267
2025-06-13 16:00:00,0.0,-74.93974,61.461483,-4.443971,-12.254543,5.6705713,-3.6269004,1.2036533,34.50256
2025-06-13 16:00:00,0.0,-59.766945,73.72871,1.140804,-2.270021,4.156091,-2.5715482,-2.2845423,-0.8318247
2025-06-13 17:00:00,0.0,80.43813,-203.47081,0.25168753,9.4000025,-34.29475,-17.014696,0.3418043,17.070623
2025-06-13 23:00:00,0.0,-50.368687,63.107384,0.115706265,3.8558502,5.4151573,-1.6240022,1.1158091,-0.8512632
2025-06-13 23:00:00,0.0,-3.730033,-116.0967,-1.2755423,8.073883,-0.6941356,-1.0936861,0.4977426,1.6800753
2025-06-14 00:00:00,0.0,-61.84669,64.15332,1.8246403,1.0782425,-4.8356056,-2.5579212,-2.2980313,-17.022022
2025-06-14 00:00:00,0.0,91.11388,-173.66487,2.9812634,-17.326548,-2.252218,-0.17598528,-0.8127857,14.313498
2025-06-14 02:00:00,0.0,107.2858,-103.13061,3.5455446,23.960947,-42.210247,-20.14146,0.78230983,22.502108
2025-06-14 05:00:00,0.0,-35.269478,-27.218449,1.9508554,-22.362991,-4.1081133,-1.5473588,-1.9626637,-8.2109165
2025-06-14 06:00:00,0.0,-30.003098,93.23435,-0.26697466,-28.317162,-16.674788,-9.547177,-5.1285334,-15.200764
2025-06-14 07:00:00,0.0,-52.24308,62.419662,-10.996598,9.129793,-6.671304,-1.5849051,0.98069197,-1.6072181
2025-06-14 08:00:00,0.0,53.193295,-34.085964,-2.0152516,17.367617,4.382434,-4.049901,4.053716,-5.2509694
2025-06-14 09:00:00,0.0,-57.08584,24.966616,-0.18850791,9.206504,8.350549,-2.615105,1.6463494,-13.537459
2025-06-14 09:00:00,0.0,-110.38856,51.013863,0.3316912,5.078328,-2.8201451,-4.0960917,3.1911564,-9.478612
2025-06-14 09:00:00,0.0,28.576946,-124.09439,1.1803894,-6.991299,-10.838601,-2.919255,-0.18161583,-1.8851826
2025-06-14 11:00:00,0.0,175.37312,141.97075,-1.8375423,-17.340569,0.29180592,0.37780625,-1.6580218,17.787687
2025-06-14 11:00:00,0.0,-18.75213,-69.3405,0.7532267,6.527916,3.42285,-1.3771788,-2.2112918,-3.0284576
2025-06-14 14:00:00,0.0,-26.109352,-99.349884,-0.6410337,-0.21835105,3.3313181,-0.27855432,-0.30476084,-2.9814446
2025-06-14 20:00:00,0.0,70.0309,89.136955,1.016715,3.1337779,4.9826903,-1.102575,-0.91978717,-1.4797945
2025-06-14 22:00:00,0.0,38.54171,-29.859888,1.4869006,10.986062,-7.2236924,1.4967997,0.98205465,-1.5499499
2025-06-14 22:00:00,0.0,-17.221952,87.46188,-6.043099,-13.219392,-19.379904,-2.1220474,-3.368127,-12.412493
2025-06-15 00:00:00,0.0,95.618484,216.41989,1.292322,44.93628,10.141925,-3.2308776,14.16018,-9.574364
2025-06-15 01:00:00,0.0,-33.155396,59.735313,-2.893151,5.8414044,-8.388904,-4.843877,0.76460665,-16.208427
2025-06-15 01:00:00,0.0,-22.611216,-106.43696,1.2566953,-6.8181777,-2.2548096,-2.42753,0.2696846,-1.5709482
2025-06-15 03:00:00,0.0,232.52393,136.6283,-4.748682,29.882313,1.8786217,0.2971696,5.871046,40.672424
2025-06-15 05:00:00,0.0,-80.89236,12.220354,1.4888632,0.8892733,7.041063,-1.2314833,2.8985047,-8.687382
2025-06-15 06:00:00,0.0,-25.004206,-95.6227,0.09289248,5.5562935,-1.9404304,-2.8502014,-0.35813257,-2.9007285
2025-06-15 08:00:00,0.0,-56.588634,30.717186,0.81133443,9.576439,6.39137,-3.8522596,0.73813045,-2.724144
2025-06-15 08:00:00,0.0,95.252106,-153.58757,2.4503496,-17.475355,-5.9434896,-2.2687466,1.0319288,16.62096
2025-06-15 08:00:00,0.0,-42.152035,-99.01118,-2.4696374,7.962362,7.7999983,-1.6081324,1.2674719,20.112728
2025-06-15 09:00:00,0.0,7.49977,95.845146,1.9080375,28.88669,-3.152065,-4.0206747,6.184984,-13.851326
2025-06-15 11:00:00,0.0,70.44554,87.977936,-3.0010855,3.2818828,-1.12512,1.6994199,-0.9154271,-1.2957251
2025-06-15 12:00:00,0.0,-10.595223,1.5616686,1.5025052,-20.777468,0.8345732,-3.4228568,-10.995641,-3.6091723
2025-06-15 15:00:00,0.0,-26.31107,-114.110596,1.6864719,5.2980313,1.3906982,-1.663761,-0.01996715,-2.821792
2025-06-15 17:00:00,0.0,7.109298,95.88802,5.0046926,29.44999,-4.5281744,-3.5404403,6.200534,-14.206779
2025-06-15 20:00:00,0.0,43.366467,43.30417,10.969304,12.1008415,-6.895837,-1.6905086,1.3024321,-6.131275
2025-06-15 21:00:00,0.0,-30.062931,-51.537228,0.9002593,-21.808828,3.0326204,-0.7581438,-9.242298,-10.0612135
2025-06-15 21:00:00,0.0,-20.945375,-108.70276,0.21042651,-9.864419,0.29598346,-0.14707379,0.27771777,-5.489203
2025-06-15 22:00:00,0.0,-28.113861,99.56748,-1.2849954,9.378702,6.4512863,-0.7476762,1.8668777,-11.624582
2025-06-15 23:00:00,0.0,-23.886816,-91.89647,-6.743381,-18.448547,-0.4475822,-3.457049,-1.9877611,-5.3586884
2025-06-16 01:00:00,0.0,76.39858,104.472275,-2.7154517,5.7674956,4.692817,-0.6247491,-0.024048656,-1.2464871
2025-06-16 04:00:00,0.0,-20.617262,53.628784,5.6469035,-11.063665,-5.0360303,-1.7279432,0.8629791,-10.282134
2025-06-16 05:00:00,0.0,-5.586882,-121.77976,8.019165,-14.877356,5.0598884,0.008024333,0.6556252,-0.54760873
2025-06-16 06:00:00,0.0,1.8805379,-57.160686,-0.3436572,12.789447,5.5024586,-2.0012145,-0.49795422,-6.9260855
2025-06-16 07:00:00,0.0,1.006749,-112.0305,3.656577,-2.62555,-2.8398473,-1.7772046,-1.1963197,-5.8615966
2025-06-16 10:00:00,0.0,-20.69388,-116.90085,2.454741,2.9625869,-4.475322,-1.4627211,0.63508546,-5.9319987
2025-06-16 11:00:00,0.0,-56.122417,-30.628958,0.84652406,13.706514,-6.6517763,-4.9629693,2.4299212,29.135214
2025-06-16 11:00:00,0.0,-59.014004,-28.811253,2.4167132,12.426266,0.10647554,-1.2214544,2.4626372,28.769922
2025-06-16 12:00:00,0.0,-61.515224,46.222786,2.3594742,8.1975765,3.900747,-2.7267718,0.910749,-16.158617
2025-06-16 15:00:00,0.0,49.87634,-3.1961198,-4.5695353,-22.102165,-16.699917,-3.827372,-15.347831,-2.152423
2025-06-16 15:00:00,0.0,100.71934,-198.36429,-0.9345065,-19.039726,10.453456,-0.4308814,-0.46692348,15.592884
2025-06-16 16:00:00,0.0,-78.24473,17.997858,-2.9879973,9.251793,-2.1425261,-4.0609617,1.7616621,-13.7960825
2025-06-16 16:00:00,0.0,209.6885,106.07561,-24.511684,1.7164106,-8.816257,5.8943634,-1.7409642,35.14487
2025-06-16 16:00:00,0.0,86.80728,181.34523,4.0642233,-9.495975,5.2445226,-0.64111185,4.431592,0.8907475
2025-06-16 16:00:00,0.0,-20.324438,-116.22996,-1.8996013,5.0627146,0.54621994,-0.0203452,0.6637348,-5.8433366
2025-06-16 17:00:00,0.0,-35.437435,-74.80174,0.80375695,-3.1937647,5.4109554,-5.256083,1.3705461,14.772947
2025-06-16 17:00:00,0.0,-40.146374,89.9188,5.122106,18.855488,-4.844619,-3.4938698,2.9984455,-1.5343298
2025-06-16 19:00:00,0.0,2.5025465,-86.00559,0.07002251,9.94054,10.790792,1.6310513,1.9654278,6.8352113
2025-06-16 20:00:00,0.0,-50.863018,-4.786327,3.6419685,11.1659775,6.0251775,-0.23417492,0.8705739,-12.897368
2025-06-16 22:00:00,0.0,1.2475003,-115.91984,1.682551,-2.485175,3.2457821,-1.6605271,-1.3817619,-5.92191
2025-06-16 22:00:00,0.0,-60.004845,71.481,8.801959,-1.8380897,12.509484,2.7750494,-3.0212572,-1.3245428
2025-06-16 22:00:00,0.0,93.890755,185.07903,1.8823955,16.787645,-4.064615,-0.89446896,4.363788,0.24362572
2025-06-16 23:00:00,0.0,-15.506023,82.32208,0.77594817,-7.4746027,-4.275698,-6.067453,-2.3509574,-16.241926
2025-06-17 00:00:00,0.0,-62.374332,54.269997,8.913234,-0.2254156,12.4768915,2.6413128,-2.1699197,-1.0517037
2025-06-17 01:00:00,0.0,-20.918291,-119.74231,-0.27950013,7.073629,1.8043123,-0.2341334,0.6584553,-5.8796077
2025-06-17 02:00:00,0.0,61.224464,91.84368,3.4175627,-15.642126,9.41153,-0.51160944,3.0670085,-1.50997
2025-06-17 03:00:00,0.0,289.21094,269.9406,-9.189751,34.349586,21.109917,2.9148517,18.779646,49.77414
2025-06-17 05:00:00,0.0,-8.781259,100.2858,-2.1663632,-21.87502,4.438015,1.5965573,-4.019118,-0.7645558
2025-06-17 07:00:00,0.0,25.951847,-145.7686,2.4885368,1.9594598,4.2004104,-0.12997429,-0.34810194,-2.7031336
2025-06-17 07:00:00,0.0,-19.844618,-114.67701,-0.65125763,-6.4188805,6.700952,-0.3443007,0.5903557,-5.223953
2025-06-17 08:00:00,0.0,-30.266464,-50.823532,0.69525915,-21.43223,-2.850003,-2.7344975,-8.841556,-9.897734
2025-06-17 09:00:00,0.0,-82.86755,69.02629,-8.1923275,-1.7070949,5.5039988,-5.785565,-3.0514567,36.546516
2025-06-17 11:00:00,0.0,-26.113256,47.90934,-1.6823567,2.4908097,-5.2436705,-2.8522913,-0.2874791,-8.130434
2025-06-17 12:00:00,0.0,-29.049528,-80.367386,-2.6363099,-0.93553436,10.678594,0.61928135,0.37333775,-6.384046
2025-06-17 15:00:00,0.0,-63.553505,46.873493,17.24599,14.059995,15.562466,4.5852175,1.1932707,37.159245
2025-06-17 16:00:00,0.0,36.438686,46.625122,0.16257498,21.585398,5.058923,-1.2571933,6.0252132,-14.814091
2025-06-17 17:00:00,0.0,1.7516314,-129.48297,-2.5208666,2.622302,0.36812103,2.0159984,0.41700053,-6.125966
2025-06-17 17:00:00,0.0,-24.022474,-67.35184,-2.760997,-0.6977805,10.404294,1.031685,0.30646572,-6.3483076
2025-06-17 19:00:00,0.0,-1.8304325,39.88165,-0.8675193,2.8085341,8.302089,-2.5867534,-0.059646435,-15.175733
2025-06-17 22:00:00,0.0,114.85103,-176.00621,-0.008057601,11.610523,12.354943,3.1143851,2.4457123,22.594267
2025-06-17 22:00:00,0.0,5.048003,-102.25058,2.3929784,6.4203653,-7.572564,1.2273456,1.3966006,-7.1524262
2025-06-18 00:00:00,0.0,-29.505825,-15.276216,-3.4404893,5.9912653,-1.2752331,-0.6894035,0.8670605,-9.707225
2025-06-18 01:00:00,0.0,-21.555567,-117.40953,-3.658891,8.121879,3.341887,-0.33633104,0.4675505,-6.2221074
2025-06-18 02:00:00,0.0,-25.607292,-30.5774,-3.5974002,18.94731,-4.3417306,-4.016282,3.709711,-13.03048
2025-06-18 04:00:00,0.0,-53.592693,38.03218,-3.2610967,1.7806431,8.739541,-1.2711084,0.77552307,-16.083328
2025-06-18 07:00:00,0.0,-60.64536,132.8597,15.639007,18.337717,13.796645,5.094807,3.8098056,2.1712127
2025-06-18 08:00:00,0.0,-8.7451315,109.38511,-9.372683,-50.869564,1.457937,-0.8598386,-11.635411,-1.8274109
2025-06-18 09:00:00,0.0,-52.091976,44.917324,1.3534105,6.3574057,0.8270919,-3.4290504,0.7191838,-1.2565898
2025-06-18 11:00:00,0.0,-84.60478,98.68741,1.1570277,9.795166,10.135411,-3.2926106,2.1518424,18.225725
2025-06-18 12:00:00,0.0,-98.79401,45.32782,18.750423,18.464798,14.753031,7.851882,2.9635124,-8.04724
2025-06-18 13:00:00,0.0,141.62996,-88.03177,22.417944,20.67487,27.140053,16.289246,-1.8422523,24.14376
2025-06-18 17:00:00,0.0,31.327894,81.93079,2.0922415,20.602846,6.7660995,-3.2735224,4.0965643,-13.457677
2025-06-18 17:00:00,0.0,90.60626,146.6774,1.412751,-24.294273,-10.621502,-3.3399649,-11.44583,-1.975472
2025-06-18 18:00:00,0.0,94.94906,179.82837,1.9905938,13.896536,13.916812,0.9169353,4.594259,1.0092156
2025-06-18 19:00:00,0.0,-18.313175,63.88791,1.303773,3.0710177,6.7714157,0.7871778,0.35245153,-7.9117813
2025-06-18 20:00:00,0.0,-19.197058,-85.64046,-0.928752,-4.762675,-3.149293,-3.2046428,-0.05299442,-1.0823078
2025-06-18 20:00:00,0.0,-18.071999,64.43843,0.71143484,-10.654933,-0.2604894,-2.2468724,0.57451826,-1.293877
2025-06-18 20:00:00,0.0,-10.54255,-35.329147,-1.8219486,3.5079033,-2.0121963,0.1697312,1.3644884,-1.6755329
2025-06-18 22:00:00,0.0,218.48401,151.80359,0.6979777,-25.164415,9.717178,3.240453,-0.4552191,31.333973
2025-06-19 00:00:00,0.0,218.15388,96.53627,0.94338757,10.275149,-20.97132,-7.2504015,-0.49895895,33.152145
2025-06-19 00:00:00,0.0,77.76445,105.50183,-3.7368505,8.525903,0.79973507,1.0512993,-0.0010680817,-1.5001973
2025-06-19 01:00:00,0.0,-23.015724,71.85253,-4.956556,-22.543932,-10.701436,-8.512951,1.0937848,-13.097002
2025-06-19 02:00:00,0.0,-22.647734,35.701332,1.4482706,3.7322512,6.5375237,0.7302018,-0.38939083,-7.3332834
2025-06-19 06:00:00,0.0,156.91281,67.56618,2.5022688,6.036563,8.402259,-1.5195798,0.3389309,23.94876
2025-06-19 07:00:00,0.0,-40.50665,49.48548,3.268807,-13.7309475,5.2812996,-2.191396,0.7150667,-16.848103
2025-06-19 09:00:00,0.0,-57.560417,71.15156,-5.914061,-12.334613,1.0538857,-1.5658635,1.3461634,34.67681
2025-06-19 10:00:00,0.0,-84.83915,78.34292,1.5862949,-4.793866,6.5325375,-3.8511794,-4.1676893,36.25801
2025-06-19 12:00:00,0.0,-36.563416,-54.397182,0.26964685,3.465931,-4.7819486,-3.0436094,0.2280954,17.910313
2025-06-19 14:00:00,0.0,-79.4644,17.501371,-4.3426633,14.271036,-0.10573422,-0.28525278,1.8046199,-13.823889
2025-06-19 14:00:00,0.0,-15.46441,-113.756096,2.514445,-6.877953,3.4476492,-0.4600438,0.4407105,-5.8517814
2025-06-19 15:00:00,0.0,0.5485738,-107.613525,-3.412803,-1.5067592,-10.141555,-0.87101364,-0.9283757,-5.8826704
2025-06-19 15:00:00,0.0,104.99313,-217.47089,11.031525,-19.356598,19.383547,8.321153,0.5526573,14.08502
2025-06-19 17:00:00,0.0,-37.893024,47.702072,3.6200309,-12.154362,5.048855,-1.7443237,0.44921866,-16.046307
2025-06-19 17:00:00,0.0,-5.051824,-36.533756,-8.658041,15.0037,-11.467907,-7.4629664,0.54754424,-9.29725
2025-06-19 17:00:00,0.0,108.882,-191.50563,0.8598467,-14.126964,12.144385,0.481624,-6.8355646,18.318935
2025-06-19 18:00:00,0.0,-60.128746,-31.368544,-6.067989,16.110147,9.46265,-2.573377,2.7472334,28.330837
2025-06-19 21:00:00,0.0,-29.513937,-114.84417,11.139385,4.0612226,10.822137,4.72252,0.16729593,-2.8655083
2025-06-19 21:00:00,0.0,2.190948,-115.50691,-0.034147535,2.5294793,-12.014038,-6.0249224,-0.6140484,-6.2214794
2025-06-20 06:00:00,0.0,232.69946,142.70134,-2.066015,18.463171,0.8724626,-0.81566393,5.8966966,41.55548
2025-06-20 06:00:00,0.0,-63.2805,83.44271,0.3074383,-35.47655,0.4457284,-3.3084533,-5.789541,-13.524721
2025-06-20 06:00:00,0.0,-69.44586,67.5508,-0.1964355,7.7525263,6.2408457,-2.7185175,1.2404435,38.339695
2025-06-20 08:00:00,0.0,-24.923431,-108.294945,-0.68738675,4.6184826,6.9897804,-1.349278,-0.0929539,-6.3214846
2025-06-20 10:00:00,0.0,-9.022783,74.74702,2.2802835,-13.135209,-7.3728385,-4.9091463,0.2950047,-17.340996
2025-06-20 12:00:00,0.0,-41.712967,-35.04288,-1.0299665,7.602698,13.564951,-0.18610775,0.6892597,-8.741308
2025-06-20 14:00:00,0.0,-25.364504,-30.62131,1.605043,16.154423,-0.0042868517,-1.375814,3.6146216,-13.3182955
2025-06-20 15:00:00,0.0,-25.479673,-92.18728,-4.544535,-3.3979125,-11.383093,-6.3197722,-0.3789279,-5.133956
2025-06-20 16:00:00,0.0,-54.88805,84.48201,2.6823006,-31.397131,7.929168,-2.0300004,-5.765109,-16.552883
2025-06-20 17:00:00,0.0,-8.708927,-109.62712,2.6199124,-14.24272,6.043265,-0.11187,-1.7131286,-1.3880367
2025-06-20 19:00:00,0.0,-4.9028716,-106.343475,2.3434303,0.26486838,6.188238,0.3432042,-1.3968296,0.3387531
2025-06-20 20:00:00,0.0,223.7103,105.29741,-1.7582947,19.482111,-2.6402125,0.27130887,-1.2475977,37.36008
2025-06-20 20:00:00,0.0,73.59844,222.74568,-4.141601,32.31436,-7.9981637,-8.920202,14.9616,-9.416323
2025-06-20 21:00:00,0.0,-77.75829,63.49903,0.8560286,11.822837,-6.4996357,-3.848838,0.9352144,36.419456
2025-06-20 22:00:00,0.0,-32.54553,-72.553665,-0.37634826,13.065881,-20.653866,-9.886796,0.55202657,-6.9404593
2025-06-20 22:00:00,0.0,-39.020878,32.271687,-0.5777502,-12.601824,1.588037,-1.7082735,-0.1650199,-14.936089
2025-06-21 00:00:00,0.0,-48.133484,65.24174,0.6324698,8.543101,-3.158551,-4.7923627,0.91877466,-1.6503117
2025-06-21 01:00:00,0.0,-29.021833,-50.210037,-1.567715,-20.184229,-0.79483145,-1.8741977,-9.257694,-9.870091
2025-06-21 04:00:00,0.0,-22.888325,52.68841,2.5823963,5.118743,-2.9573588,-2.6337454,-0.28793892,-8.276156
2025-06-21 05:00:00,0.0,-25.157036,-91.08316,7.3796825,3.4428766,-7.043407,-3.9812531,-0.36871526,-6.0583463
2025-06-21 05:00:00,0.0,-25.03095,-85.89725,0.3939183,0.5266232,2.4710734,-0.72507626,0.3037599,-6.098182
2025-06-21 05:00:00,0.0,126.48307,-43.94773,3.7165225,0.8351681,-53.486366,-19.370665,-2.6752653,23.71332
2025-06-21 07:00:00,0.0,-70.16857,70.0281,-8.133249,8.509839,4.82051,-6.1539917,1.4943022,-11.782992
2025-06-21 07:00:00,0.0,21.987843,-119.98954,-3.3355172,2.5762749,2.934113,1.5775192,0.4629049,-2.8689392
2025-06-21 14:00:00,0.0,83.492714,144.30827,1.135078,-25.145767,3.6717134,-0.76898414,-11.442995,-1.9457707
2025-06-21 16:00:00,0.0,-13.162494,-65.90615,-2.6363308,-16.126669,3.96003,0.4304031,0.39511684,-6.1885867
2025-06-21 17:00:00,0.0,-46.596924,62.398327,-0.11826011,7.3302765,6.933277,-1.6842191,1.3081465,-15.797057
2025-06-21 17:00:00,0.0,0.7072111,-85.845085,-6.0093985,8.055921,-13.433845,0.3553238,1.0985353,4.7598805
2025-06-21 19:00:00,0.0,-55.603897,16.310318,-3.0273464,-33.43791,5.3753004,-1.6446431,-5.571404,-2.0062087
2025-06-21 20:00:00,0.0,-38.48082,14.442506,-3.6034594,-33.241844,6.877184,0.0142146535,-4.1614833,-12.561731
2025-06-21 21:00:00,0.0,25.598179,-159.11855,-1.0497487,8.158775,2.4982998,0.5673476,0.30713797,-3.1144948
2025-06-21 23:00:00,0.0,-79.6737,17.348648,1.0756571,11.190935,3.1668596,-1.4338264,1.7778605,-13.8889265
2025-06-21 23:00:00,0.0,2.6907325,-124.25738,-0.3358459,0.5612386,-4.198644,-1.6741505,-0.4299529,-6.1987267
2025-06-21 23:00:00,0.0,-17.379292,3.6860538,-0.31732374,4.414833,-1.0734209,1.132313,1.2603447,-4.256436
2025-06-22 02:00:00,0.0,24.438574,-127.48872,-2.668241,-6.351661,2.0661807,-0.027216677,1.2295113,-5.2708945
2025-06-22 02:00:00,0.0,-26.225765,-6.264131,-0.10705798,-23.374807,-18.67596,-7.5080514,-2.1773515,-9.58052
2025-06-22 06:00:00,0.0,1.8332593,-84.97831,-2.097537,9.334046,-5.4204035,-0.95152146,1.7041903,6.0944543
2025-06-22 07:00:00,0.0,165.02742,105.55585,1.1547898,15.130232,11.6954565,0.73481494,-1.9013824,15.653762
2025-06-22 07:00:00,0.0,136.68204,-6.31276,4.627918,-31.559622,-25.639091,-0.22509608,-2.816728,25.31719
2025-06-22 11:00:00,0.0,-25.188768,-96.1295,-0.03689748,-2.0444798,0.31039658,0.7099553,-0.5018706,-5.611161
2025-06-22 11:00:00,0.0,-59.515373,89.284836,2.5581543,13.356633,2.0817566,-3.6158223,1.7396351,-3.8290682
2025-06-22 12:00:00,0.0,-7.8649416,-103.704926,0.088195816,-12.1200695,-3.9780092,-3.5350533,-1.0862325,-0.93897843
2025-06-22 13:00:00,0.0,122.24246,-121.54499,0.53089637,5.4229174,3.6613107,-0.55558217,0.473972,18.778215
2025-06-22 15:00:00,0.0,-38.52905,-96.13244,-4.0217996,9.319889,-3.1569781,-3.3139892,1.2225161,19.40819
2025-06-22 17:00:00,0.0,-60.886692,73.169914,-2.6230316,9.757834,-3.881443,-5.1584253,1.5517194,38.553204
2025-06-22 18:00:00,0.0,12.212986,-26.146023,1.3404981,20.745886,11.585832,-1.7991349,4.7915244,-13.837976
2025-06-22 18:00:00,0.0,0.979712,-96.53449,-4.2389145,-22.119198,2.259795,-0.47850528,-4.140475,-6.88358
2025-06-22 19:00:00,0.0,81.10649,181.65417,-3.837658,-14.188025,2.9326372,-2.8829026,4.3909683,1.0919241
2025-06-22 19:00:00,0.0,103.71651,-226.39124,-0.012547709,9.2764435,15.35372,1.4515998,0.75599265,15.865107
2025-06-22 20:00:00,0.0,220.80353,153.61618,-3.7074332,5.384563,14.78691,4.894323,-0.58214587,31.745785
2025-06-22 20:00:00,0.0,-52.438217,44.486164,5.1739087,10.20234,-5.4521976,-4.707614,0.7110295,-1.8048031
2025-06-22 22:00:00,0.0,-30.421675,-94.93504,0.12762792,-5.536381,0.08582273,-0.7042913,0.8088841,-4.310477
2025-06-22 23:00:00,0.0,-58.050594,17.750055,-1.3007011,-21.28867,9.795339,-1.9970903,-10.903388,-5.4493446
2025-06-22 23:00:00,0.0,-5.9715123,73.55864,-1.3022623,-15.218448,0.2880227,-2.735033,0.05176676,-15.505846
2025-06-22 23:00:00,0.0,89.82733,-213.62766,-6.0762815,-15.071772,3.1469085,0.19763073,0.7771752,12.813041
2025-06-23 00:00:00,0.0,239.08675,180.81494,3.461606,6.9837627,2.897797,-0.6201514,1.1492169,37.583218
2025-06-23 00:00:00,0.0,245.38997,183.45949,-2.2871869,54.347702,-29.983585,-18.035166,15.169743,49.04497
2025-06-23 01:00:00,0.0,-20.366104,11.638916,-8.720262,-4.8570065,10.307424,-1.4389472,-2.623454,-5.924377
2025-06-23 01:00:00,0.0,64.31545,96.54048,2.7202659,14.080439,-4.4899282,-1.5714835,3.1716468,-2.3978636
2025-06-23 03:00:00,0.0,-3.9467607,93.52795,-0.03630305,18.138678,-14.360277,-3.8725579,2.8613691,-2.879553
2025-06-23 03:00:00,0.0,165.7699,135.41505,7.5673804,5.2126794,-37.259293,-17.640854,-1.8238366,18.540771
2025-06-23 04:00:00,0.0,-53.08623,40.921352,-1.2232724,13.052085,-11.071294,-5.686189,3.5861597,-21.451508
2025-06-23 07:00:00,0.0,-47.989025,64.60965,-3.1136594,12.517141,6.6094384,-1.2841026,1.3273702,-15.726164
2025-06-23 12:00:00,0.0,-47.916637,-16.385063,0.48034397,-24.177025,-3.9227464,-3.2703323,-7.863507,-8.522153
2025-06-23 12:00:00,0.0,1.3427293,-108.34931,7.4428153,0.21461657,9.439026,3.6729095,0.64101726,-5.7051387
2025-06-23 14:00:00,0.0,-63.57025,14.62524,0.61768085,11.455867,3.4628654,-1.743536,0.42093244,-15.121653
2025-06-23 16:00:00,0.0,-43.48163,22.204485,-3.278163,6.8773565,-14.118262,-7.8078647,1.6807202,-14.88704
2025-06-23 17:00:00,0.0,-25.466002,-95.48135,-0.12522936,6.722574,-1.9652063,-2.6832418,-0.4551589,-2.8191133
2025-06-23 18:00:00,0.0,-83.11567,51.03018,-0.4938758,15.7402315,1.0058067,-5.719333,4.2779026,-17.587841
2025-06-23 19:00:00,0.0,-38.758442,-56.641624,4.4128714,-33.509056,-2.7632208,-3.775413,-6.210653,17.152843
2025-06-23 21:00:00,0.0,130.65126,-101.38668,-1.139584,30.398327,12.87433,2.5341718,0.657727,24.236803
2025-06-23 22:00:00,0.0,-10.309905,119.01023,5.782133,-50.317425,-3.2455113,-3.2080154,-12.2476015,-13.865918
2025-06-24 01:00:00,0.0,-41.79009,-28.395987,1.1680206,10.062524,-7.9188523,-3.763965,0.6688376,-9.922412
2025-06-24 02:00:00,0.0,-42.508846,80.81627,6.847981,-9.951811,2.8172994,-1.7590126,2.9330497,-1.345534
2025-06-24 03:00:00,0.0,-24.90905,-96.79162,0.69185984,5.915479,6.398087,-1.3495166,-0.3433294,-6.3645015
2025-06-24 03:00:00,0.0,-6.361906,-49.967804,-0.2879071,10.007534,-4.3690763,0.3741241,0.78090876,-2.7733326
2025-06-24 04:00:00,0.0,-57.397785,-28.669655,1.3992103,11.959542,-5.9148746,-3.5413198,2.4397764,29.338955
2025-06-24 07:00:00,0.0,-54.422466,41.02345,6.3094926,0.7015764,-11.601694,-1.6726619,3.0001984,-17.056679
2025-06-24 08:00:00,0.0,-24.384993,-100.79947,0.21856278,1.7303753,6.186737,-0.7174493,-0.34435496,-6.421973
2025-06-24 12:00:00,0.0,161.21567,-50.60313,3.7353823,28.658428,-35.96016,-5.421349,5.7458777,28.335499
2025-06-24 12:00:00,0.0,-64.18133,82.32723,4.108253,-36.68203,2.1604538,-2.5797365,-5.7393284,-13.500208
2025-06-24 16:00:00,0.0,-76.07426,98.68374,13.873323,20.761324,15.313368,4.838929,2.2187638,-8.092722
2025-06-24 20:00:00,0.0,-19.416842,63.537804,-3.6181302,3.1310687,6.377105,-0.8103377,0.51055247,-7.7686915
2025-06-24 21:00:00,0.0,-39.31522,-58.364723,-0.7504166,-11.86284,-0.00013173907,1.0810922,-4.5810995,-9.905762
2025-06-24 22:00:00,0.0,-84.67238,18.723347,7.204795,-1.7764013,4.542251,-1.3884107,3.93017,-12.2931595
2025-06-25 00:00:00,0.0,-25.55412,-114.95331,-0.8263604,7.225782,0.5228319,-0.58645487,0.22188376,-2.5369735
2025-06-25 01:00:00,0.0,112.2811,-165.8734,-4.4876375,0.22767471,18.497034,2.7091868,0.43950894,16.60156
2025-06-25 01:00:00,0.0,70.03809,100.35773,0.16500169,-21.67988,0.88875055,0.16430534,0.002563566,-0.26365566
2025-06-25 01:00:00,0.0,-20.105562,65.3985,-0.093148485,8.096616,9.891287,0.673386,0.37304306,-8.035106
2025-06-25 04:00:00,0.0,-57.56343,42.810932,-11.015959,6.2596464,-5.6456637,-0.8349374,0.6907389,-16.0271
2025-06-25 06:00:00,0.0,-8.927404,-109.07256,1.5587195,-16.325905,3.1570177,-0.7062695,-1.6880722,-1.3192024
2025-06-25 09:00:00,0.0,-47.72657,49.47463,-14.595522,-29.555729,-2.3209033,-1.5224214,-2.7231576,-10.294517
2025-06-25 12:00:00,0.0,-77.941666,96.75431,7.1770377,-26.649788,-4.599556,-4.2087617,-5.278259,32.04503
2025-06-25 15:00:00,0.0,-34.23767,-99.68791,-0.5478123,-8.48147,-0.98004854,-2.2187753,-3.0677502,16.80002
2025-06-25 15:00:00,0.0,-27.939123,-21.221485,-0.12619245,6.333101,3.6472657,-1.1954334,-1.4365715,-8.566404
2025-06-25 17:00:00,0.0,-62.74241,84.15958,-2.3682158,-37.228302,0.014470901,-3.073041,-6.1216154,-11.961936
2025-06-25 21:00:00,0.0,44.619694,8.825082,2.9881237,13.591637,-0.9829776,1.0799935,0.97481954,-0.49425107
2025-06-25 23:00:00,0.0,-12.857618,-10.513546,-2.7294557,12.557722,0.07127296,1.1246829,1.1373565,-3.6380517
2025-06-25 23:00:00,0.0,-16.971806,97.30853,-4.187598,-2.714401,6.374143,-1.8170303,4.3989797,-10.351068
2025-06-26 01:00:00,0.0,-2.1811748,-126.46174,-5.7585354,3.4341624,-13.621178,-4.8568025,0.3859363,-5.593421
2025-06-26 02:00:00,0.0,-29.54068,-93.01293,2.8486252,-4.1598334,-2.4640572,-2.3349042,0.84826076,-8.087649
2025-06-26 05:00:00,0.0,-26.16926,-88.70173,-2.408696,-10.646706,-6.683334,-5.5433416,-1.6822096,-2.0423117
2025-06-26 05:00:00,0.0,-20.414734,104.26423,-3.0339682,20.537453,7.665195,-2.1095006,4.242354,-9.809767
2025-06-26 06:00:00,0.0,237.64352,128.94829,-16.037144,14.791598,19.351984,-1.9473221,6.3329635,40.188145
2025-06-26 06:00:00,0.0,-5.2974467,53.9022,-2.832104,-33.217625,-4.281343,-3.5975285,-3.1055179,-12.381008
2025-06-26 06:00:00,0.0,-21.617882,-99.7084,-0.5259071,9.528157,2.974619,-0.25118375,1.5849465,-8.552538
2025-06-26 09:00:00,0.0,92.87971,-162.51718,-0.290687,9.054028,-31.564661,-13.661417,0.8076041,17.023794
2025-06-26 09:00:00,0.0,-36.992195,41.556385,-5.725212,-33.02691,-6.9935484,-5.83307,-16.345581,-13.881363
2025-06-26 09:00:00,0.0,-57.522606,125.19273,10.425168,17.833992,-13.496256,-4.112277,3.0005343,0.6365575
2025-06-26 13:00:00,0.0,-7.9525084,47.506718,-1.319232,2.2673285,5.0702925,-1.2238204,-0.046695776,-16.189127
2025-06-26 13:00:00,0.0,-23.181086,114.32928,-0.7479918,-37.19508,6.4577084,-2.4836266,-13.674332,-14.911417
2025-06-26 16:00:00,0.0,-107.52733,43.279842,1.79569,23.174719,-3.1062624,-5.130004,3.4007716,44.209557
2025-06-26 17:00:00,0.0,65.18496,85.34929,-0.7465324,-22.71675,9.123157,-0.4795797,-0.9845128,-0.43344003
2025-06-26 18:00:00,0.0,9.281831,48.053596,-0.2353608,-24.255224,1.4407414,0.91538185,-10.777334,-13.569124
2025-06-26 19:00:00,0.0,-31.607658,28.091846,-0.18576118,9.813149,7.482635,0.39729196,1.9493253,-11.623565
2025-06-26 21:00:00,0.0,-13.946506,20.077469,-3.697851,-28.148441,-9.465651,-3.291834,-4.9048333,-3.5941665
2025-06-26 22:00:00,0.0,64.490524,67.52549,1.5849919,-2.5759428,4.0963774,1.5187294,-1.2801944,-0.8485118
2025-06-26 23:00:00,0.0,23.352718,-121.80531,-5.463454,-4.793937,-2.3798685,0.785374,0.0839704,-1.5970178
2025-06-27 01:00:00,0.0,-90.167694,55.88984,0.48509198,16.986767,1.6907371,-3.9357722,4.261724,-18.80988
2025-06-27 01:00:00,0.0,-23.369642,37.345127,1.8228537,-0.3995211,2.5667937,-1.460098,-0.2814405,-6.4178143
2025-06-27 02:00:00,0.0,-28.560116,-62.52342,-1.1740154,-15.020876,-0.72388315,-1.9594146,-4.983499,-9.85323
2025-06-27 02:00:00,0.0,-21.95095,-101.56433,3.2101877,-8.64607,-3.962742,-1.9367892,-0.14730437,-1.7691301
2025-06-27 03:00:00,0.0,-31.63305,-120.44837,-0.7658596,8.564243,-9.833659,-5.1137676,0.2648895,14.29139
2025-06-27 04:00:00,0.0,-6.433568,78.55928,-1.147733,9.338876,2.9009502,0.30119693,6.2695227,-13.604883
2025-06-27 05:00:00,0.0,-25.707378,-69.14383,0.04638539,-7.255142,-0.63793343,-1.224511,0.03311695,-6.025372
2025-06-27 06:00:00,0.0,-52.39719,29.97393,-2.9434664,8.439123,-15.498583,-12.071496,0.76295006,-3.0610757
2025-06-27 08:00:00,0.0,-25.235334,-97.99652,1.5116891,-2.3547661,4.624917,-0.14413063,-0.8005933,-5.599867
2025-06-27 09:00:00,0.0,-45.239742,31.67425,0.8174987,-23.188683,8.954559,-3.4857311,-2.884237,26.790358
2025-06-27 09:00:00,0.0,1.5709395,-97.027374,-7.0038958,-26.567778,-0.2529941,-3.844773,-4.4567795,-6.245628
2025-06-27 10:00:00,0.0,-21.634062,-118.24655,-2.2083476,6.3681874,0.72916687,-0.748131,0.7587943,-6.140932
2025-06-27 10:00:00,0.0,35.738388,26.740456,-22.770247,18.819801,-24.079947,0.08058275,4.2394547,-12.021885
2025-06-27 14:00:00,0.0,-76.54074,15.276501,0.68087643,10.423085,7.355411,-1.7886987,1.7327797,-13.242225
2025-06-27 18:00:00,0.0,-2.7851822,-118.75951,-0.81473315,7.3264084,8.261361,-0.51006514,0.9726375,1.2682139
2025-06-27 19:00:00,0.0,-57.648506,9.563273,-4.214089,-35.053013,-4.295589,-3.732335,-4.5125113,-11.860077
2025-06-27 19:00:00,0.0,271.6524,196.00278,6.2916813,51.228966,0.9719976,1.7005072,15.670088,48.07301
2025-06-27 20:00:00,0.0,-29.146175,-27.409273,-4.1127267,-16.92365,-7.4512663,-4.357905,0.6382796,-1.438119
2025-06-27 21:00:00,0.0,-28.266027,-84.7481,-3.3360567,3.8566144,3.775343,-0.33424142,0.4383483,-6.092414
2025-06-27 22:00:00,0.0,-23.963388,-55.578976,-1.6652521,19.422304,4.1978474,-1.4035546,0.09846843,-2.9132414
2025-06-28 00:00:00,0.0,-13.428178,-75.34648,-3.5480325,0.10069904,0.9489089,0.13855372,0.22245364,-6.085358
2025-06-28 00:00:00,0.0,-65.717415,30.217365,-2.773842,10.389998,4.323451,-4.580721,2.2799916,-7.4344044
2025-06-28 03:00:00,0.0,-27.85228,-29.934526,0.6179169,12.766139,14.833172,-0.6556748,3.7648857,-13.643547
2025-06-28 03:00:00,0.0,170.95638,5.0622225,8.285542,14.392541,25.694696,4.889595,1.0596831,28.546368
2025-06-28 03:00:00,0.0,-83.891884,59.273407,2.727139,3.4767718,-4.2665997,-4.9732237,4.324175,-19.592018
2025-06-28 05:00:00,0.0,-40.63781,49.32875,3.9538918,10.297173,-0.023361174,-2.2669525,0.4121714,-16.705029
2025-06-28 09:00:00,0.0,-29.850323,-65.0485,-6.1099606,-1.9874668,-1.2289083,-2.7068212,1.3092526,14.216784
2025-06-28 09:00:00,0.0,-24.880314,71.3703,-4.4295096,-20.452562,-8.189424,-7.7410526,0.92369807,-13.022745
2025-06-28 13:00:00,0.0,-27.777386,-37.04481,-10.407657,9.085389,0.7629069,0.36414084,0.35446078,-7.2687078
2025-06-28 15:00:00,0.0,-19.597336,11.551156,2.181222,-2.8926895,8.576142,-0.61460054,-2.5116522,-6.34954
2025-06-28 16:00:00,0.0,-25.354668,-47.880535,6.6284733,-18.659828,5.1208677,0.9973681,0.5670322,-6.9497066
2025-06-28 17:00:00,0.0,-46.903194,-53.753166,2.1703026,9.537579,5.2473826,0.30714276,1.9659612,-12.917974
2025-06-28 19:00:00,0.0,-30.638266,-108.862854,2.9063752,-9.922637,-4.528722,-2.5601022,-0.09820299,13.136394
2025-06-29 01:00:00,0.0,-19.871958,-109.28187,-3.622049,-8.667068,-4.3640647,-2.910167,0.77419,-5.7826066
2025-06-29 01:00:00,0.0,282.48138,259.65784,8.717546,29.797998,10.526624,2.4299173,16.881615,49.311543
2025-06-29 05:00:00,0.0,164.14249,-7.1638193,-10.861663,14.438799,2.183599,7.258093,0.33889303,23.967447
2025-06-29 06:00:00,0.0,-26.9095,-14.414107,3.915667,6.7624054,-15.501739,-2.129717,0.85263556,-9.900179
2025-06-29 09:00:00,0.0,-21.629787,28.529987,0.21693262,1.9177011,-0.80071616,2.3723266,0.08673021,-6.986407
2025-06-29 10:00:00,0.0,-4.636123,-59.83524,-3.5518095,-14.532141,-13.600595,-2.834635,1.2608044,-1.7531841
2025-06-29 12:00:00,0.0,-17.990702,-81.72515,4.396687,-5.972179,-11.749664,-5.2559733,0.21212624,-0.5173406
2025-06-29 12:00:00,0.0,-46.113907,97.52418,0.60560805,18.091974,3.6982281,-1.8519579,2.250046,-12.194808
2025-06-29 12:00:00,0.0,115.79656,-124.81108,1.134568,-5.2963014,-14.148833,2.1922314,0.7911147,17.94619
2025-06-29 13:00:00,0.0,-84.08013,95.38651,4.0118713,-26.061865,3.3369153,-3.9803858,-5.814497,32.741886
2025-06-29 13:00:00,0.0,-15.331307,100.63177,0.5504118,5.2253647,0.73466694,0.011718964,1.5761652,-3.680322
2025-06-29 19:00:00,0.0,-58.91892,52.993923,1.8189623,-0.3857333,3.3949018,-2.4270504,-1.900072,-1.0680797
2025-06-29 20:00:00,0.0,-50.79468,12.120193,1.2498009,-44.444447,-3.4874697,-3.7769284,-11.051203,-6.175524
2025-06-29 20:00:00,0.0,-46.3366,31.465359,2.2308056,10.306633,1.0096222,-2.2754219,0.8783183,-15.699246
2025-06-29 21:00:00,0.0,5.0920715,154.26863,-4.668146,-2.878729,-12.173338,-3.0895772,4.377573,0.711318
2025-06-29 23:00:00,0.0,-22.21101,-70.66589,-3.000599,0.040875494,4.136214,0.3887915,0.36874264,-6.118522
2025-06-30 00:00:00,0.0,63.230865,53.511856,-1.5086374,9.716859,11.908673,0.8031743,-1.1597487,-2.8305926
2025-06-30 01:00:00,0.0,-81.63497,102.53697,-6.1746335,13.162723,1.8689963,-2.975982,2.3345554,17.095589
2025-06-30 02:00:00,0.0,0.90812105,-118.37697,-1.1268489,6.6936545,-11.698696,-4.189233,0.662211,0.8741424
2025-06-30 04:00:00,0.0,-8.357886,-36.13689,-0.46887192,-9.410717,-1.1130236,-0.36306608,1.4550469,-2.072549
2025-06-30 06:00:00,0.0,-42.595524,49.67113,0.048279844,8.87768,-4.541379,-4.763643,0.34048435,-16.447292
2025-06-30 06:00:00,0.0,-58.430077,73.542175,2.555511,0.14550799,-12.79095,-6.898108,-5.8707666,34.154095
2025-06-30 07:00:00,0.0,-23.792664,-117.69257,-1.3537712,5.123682,3.0937715,-1.5541489,0.74905664,-6.261146
2025-06-30 07:00:00,0.0,217.59044,130.96959,-0.23007552,6.76617,-17.52072,-3.1586533,-0.87350744,35.32818
2025-06-30 08:00:00,0.0,-14.426948,9.328027,-0.014629509,-6.591987,0.03875208,0.23067957,0.93760306,-2.0096078
2025-06-30 11:00:00,0.0,-23.871037,-114.887344,4.084063,4.576752,7.552871,0.09807863,0.0544848,-6.3887615
2025-06-30 11:00:00,0.0,74.18879,226.26201,3.465524,46.48853,3.5106962,-3.4292037,14.875255,-9.540285
2025-06-30 12:00:00,0.0,-24.626371,-106.44567,0.049068615,4.7070694,2.683455,-1.1037419,-0.10708059,-6.239567
2025-06-30 16:00:00,0.0,-42.409584,82.74259,1.8902056,10.133306,-1.9167019,-3.0566046,2.9764948,-2.2649229
2025-06-30 16:00:00,0.0,-55.670097,73.32282,2.3000507,-13.605026,-4.526509,-4.083618,-2.402115,0.70582753
2025-06-30 21:00:00,0.0,-42.04839,-1.5282962,4.151532,10.187198,11.707769,-1.6996087,-1.4072804,24.891054
2025-06-30 21:00:00,0.0,-49.381226,-53.226116,-2.6792054,11.92618,-13.841164,-8.231906,1.7303445,-12.2880945
2025-06-30 22:00:00,0.0,2.0652483,152.38431,-1.7068329,15.564919,-12.905836,-4.0793056,3.7178838,-0.067791365
2025-06-30 22:00:00,0.0,-0.076603994,-53.50186,-2.523427,-25.82246,0.66955316,-1.6486287,-1.2414982,-6.522551
2025-06-30 23:00:00,0.0,-24.20796,-105.624435,-0.56873226,2.887131,-6.8475,-1.3248216,0.067772955,-2.5089054
2025-07-01 01:00:00,0.0,44.780807,-10.246401,6.8910847,2.45596,12.589122,0.35212207,-1.658182,-1.5753222
2025-07-01 05:00:00,0.0,-0.50322956,-87.91575,-6.091501,-29.140282,8.269679,0.016509343,-4.8736773,2.6641343
2025-07-01 05:00:00,0.0,-19.832275,12.034664,1.8253295,-26.465355,-21.41607,-9.247833,-3.8041224,-11.784726
2025-07-01 06:00:00,0.0,-16.109558,-26.059048,-0.05573085,0.8877009,5.207295,0.49203327,-3.583558,-4.2199883
2025-07-01 06:00:00,0.0,-53.1272,-15.060844,1.5088843,-45.95027,-3.7153513,-4.6990323,-8.713327,-7.515432
2025-07-01 08:00:00,0.0,-111.78964,46.625244,0.2004177,18.834839,1.5449632,-1.5458684,3.2096,-9.436026
2025-07-01 09:00:00,0.0,-28.769245,-84.28014,-0.9974665,5.906431,-13.527761,-5.5371566,0.7484961,-6.1843805
2025-07-01 10:00:00,0.0,218.48082,125.52536,6.281982,3.2976823,5.165786,0.41420847,-0.714865,40.10086
2025-07-01 13:00:00,0.0,-62.463367,74.072136,2.1256864,12.086933,4.350359,-5.0434384,1.421929,39.15149
2025-07-01 13:00:00,0.0,-49.939903,51.24353,0.32627755,11.597515,-1.200365,-3.168091,0.93577445,-16.222113
2025-07-01 16:00:00,0.0,-35.841984,-6.9675703,-4.425201,10.788912,3.243173,0.79840505,0.7916395,-10.363828
2025-07-02 05:00:00,0.0,105.72008,-221.49585,0.32649434,15.515133,14.033747,5.787964,0.73923063,16.051916
2025-07-02 07:00:00,0.0,105.679085,-204.86313,-0.81927145,6.9369397,12.545208,5.861465,0.0824123,16.930346
2025-07-02 15:00:00,0.0,-51.776726,19.114008,-5.344709,11.2552395,7.657163,-2.5507307,0.93552727,26.705933
2025-07-02 17:00:00,0.0,-22.153578,-84.38033,-0.40659627,-9.064928,-4.3522377,-3.3723323,-0.5570494,-4.8141556
2025-07-02 17:00:00,0.0,-15.809712,-110.68235,-0.14004937,-9.219593,2.663226,0.13015828,-0.053516164,-5.25147
2025-07-02 18:00:00,0.0,151.09177,64.37766,-3.411839,-16.54139,2.632516,-0.29763865,1.1953428,24.126928
2025-07-02 21:00:00,0.0,-22.985435,58.342243,2.5304623,5.3689795,10.032869,0.30521557,0.92890054,-4.5638742
2025-07-02 22:00:00,0.0,-12.707586,-100.022156,0.17100208,0.5443506,-12.133872,-4.21825,-0.37221077,-6.1097155
2025-07-02 23:00:00,0.0,111.093895,-171.58072,-3.0208995,-9.10718,16.556255,2.5288541,2.5771115,21.123121
2025-07-03 00:00:00,0.0,-24.007881,-93.78766,-3.8093083,-0.5813919,-10.653396,-7.05252,0.089720845,-1.3490345
2025-07-03 01:00:00,0.0,-57.8347,27.416798,-6.9089227,10.958677,2.4947276,-1.9207739,1.6886225,-13.797361
2025-07-03 04:00:00,0.0,-26.721848,-15.913763,2.5346515,10.507435,12.171664,-1.5595402,-0.1805573,-4.1982436
2025-07-03 06:00:00,0.0,-38.06272,62.735752,-7.986703,-20.920584,0.2897783,-4.05103,-1.1432314,-14.867499
2025-07-03 08:00:00,0.0,-34.370556,-44.20278,1.6758293,-27.26605,3.7152824,-3.318699,-0.2898541,17.428627
2025-07-03 08:00:00,0.0,-0.89897263,-84.55159,7.704358,2.7931824,-2.7057915,-1.3151029,0.47219512,-6.1708245
2025-07-03 10:00:00,0.0,-16.398396,-111.21097,3.552727,7.080517,-4.195763,-0.915227,-0.13249406,-6.330297
2025-07-03 10:00:00,0.0,-23.089691,38.52463,-2.1616116,8.724737,0.310674,-1.7700403,-0.3000368,-7.3353133
2025-07-03 12:00:00,0.0,-16.718622,-69.12313,-1.10743,6.764219,-0.735871,-1.5309304,-2.6017666,-3.0073078
2025-07-03 13:00:00,0.0,80.435936,108.83538,1.6857848,10.98289,6.181471,-0.60179424,-0.03252365,-1.5530252
2025-07-03 19:00:00,0.0,-26.610653,113.35114,4.7161584,20.487322,-3.807339,-3.8117132,2.4900115,-8.199913
2025-07-03 19:00:00,0.0,-59.989822,72.54957,-10.062047,-4.4831533,-5.7243814,-8.015636,-2.366177,-0.71175927
2025-07-03 20:00:00,0.0,-20.817028,-99.754745,-5.0596414,-5.641692,-6.9137855,0.14206451,0.25546402,-4.9640665
2025-07-03 23:00:00,0.0,-12.934681,100.92731,-1.7891023,4.370143,-1.1472834,-1.5156597,1.535175,-3.6845899
2025-07-04 00:00:00,0.0,110.33782,-165.46678,-8.983708,9.513168,8.160709,2.6200416,0.7979602,16.667828
2025-07-04 00:00:00,0.0,-65.86827,50.5474,2.3769953,15.825882,0.4310516,-2.1402783,1.4013623,-10.388032
2025-07-04 02:00:00,0.0,168.79337,76.32233,2.7057538,21.751032,5.0348473,1.1820903,0.4271539,26.936325
2025-07-04 04:00:00,0.0,-60.33772,94.94255,2.4553134,-37.444366,-3.6013198,-4.2974405,-7.1048527,-1.0924982
2025-07-04 06:00:00,0.0,-50.73913,66.192505,-1.2753348,9.388649,6.467928,-2.2364213,1.0433081,-1.3609657
2025-07-04 07:00:00,0.0,1.9340404,-105.15654,1.5027928,1.3326187,-4.8861957,-2.556187,0.7207133,-5.5743732
2025-07-04 11:00:00,0.0,-2.6288958,-116.37349,-0.017548045,6.6196227,6.2794,0.5174181,0.5996159,1.9616685
2025-07-04 11:00:00,0.0,-0.3816104,-135.68716,-1.0681614,7.915131,7.3562064,-0.74094063,0.51415074,-6.0672965
2025-07-04 12:00:00,0.0,163.80765,71.16023,7.220284,21.350803,-8.280532,-0.5633472,0.46818206,27.082127
2025-07-04 13:00:00,0.0,23.023687,-153.52214,-2.300625,-0.7826981,7.289526,1.7243247,0.027756678,-4.0074563
2025-07-04 15:00:00,0.0,-25.369755,-45.484642,0.77853256,6.7844424,-4.127153,-2.0281367,-1.6743745,-7.093366
2025-07-04 15:00:00,0.0,-24.014654,-121.34377,3.0680773,4.234341,5.5897393,0.3970101,0.19465673,-6.329015
2025-07-04 16:00:00,0.0,0.35907358,-128.49637,5.769511,4.030011,-4.2763753,-1.1690928,0.0023745596,-5.780431
2025-07-04 17:00:00,0.0,-48.103127,24.389053,-9.325195,9.463179,-18.712557,-5.260867,0.7849693,25.8822
2025-07-04 18:00:00,0.0,170.61865,71.33103,1.5303015,19.253862,17.404137,2.557974,0.67620444,24.489548
2025-07-04 23:00:00,0.0,-23.45422,-120.94542,4.152029,5.549243,7.3502917,-0.0042202864,0.6973749,-6.144481
2025-07-05 02:00:00,0.0,-40.69844,-44.99399,-0.7315583,11.054252,-5.0185905,-1.5908,0.6701537,-8.799602
2025-07-05 03:00:00,0.0,-34.911713,60.954845,-7.0144196,6.1575603,2.287601,-1.9214252,0.7779569,-15.282662
2025-07-05 04:00:00,0.0,-21.368942,-88.80948,-1.9307528,-11.507101,2.1870513,-1.1723843,-1.6747866,-4.495873
2025-07-05 05:00:00,0.0,51.138905,107.899635,0.44393015,16.26101,9.142622,-3.3663025,10.771871,-10.274633
2025-07-05 06:00:00,0.0,-4.789557,-41.040707,-4.9843693,12.727849,2.0424638,-1.0806484,0.54619354,-9.157991
2025-07-05 06:00:00,0.0,-108.48438,43.03594,3.4482086,12.68451,9.039557,0.28839296,3.4329798,-9.749237
2025-07-05 06:00:00,0.0,-13.217945,-94.286644,-6.679865,-22.431705,-9.013428,-3.360306,-1.2275289,-1.5512515
2025-07-05 09:00:00,0.0,-86.73212,18.13733,3.6841702,17.974564,2.6810548,-2.9194381,3.9206378,-14.001671
2025-07-05 09:00:00,0.0,-2.6713185,-61.320557,0.07003222,11.268577,13.4578285,0.21187912,0.24350667,-7.070315
2025-07-05 11:00:00,0.0,-59.80143,-46.62192,2.810564,10.942223,7.5266128,0.95727694,2.0839899,-5.241814
2025-07-05 11:00:00,0.0,-25.466398,99.01685,-9.812278,10.652255,-2.4609172,-0.47999802,2.0039668,-11.244543
2025-07-05 12:00:00,0.0,-37.161896,0.40030208,3.0631096,-22.031843,9.114549,-1.2664036,-2.147126,-9.63205
2025-07-05 13:00:00,0.0,118.94667,-124.31653,4.1751366,-21.935583,3.7188928,0.56131166,0.49929413,17.948805
2025-07-05 14:00:00,0.0,92.469765,-198.30693,3.4484184,-20.089573,9.868078,1.0363464,-1.6760721,12.3594265
2025-07-05 14:00:00,0.0,-17.571182,-103.14822,-1.0691826,0.34783077,2.6617,0.85734135,-0.35948437,-6.2144017
2025-07-05 14:00:00,0.0,82.994995,122.40919,-6.150218,-1.6305223,-21.042633,-3.930141,2.5457563,0.3239175
2025-07-05 17:00:00,0.0,-6.013956,-110.85218,-0.9672349,3.7676191,0.25385085,-0.37198955,0.4931702,2.3259268
2025-07-05 18:00:00,0.0,8.3220215,-32.022743,-7.709621,-41.2788,11.487613,-1.0804114,-8.983983,5.801214
2025-07-05 19:00:00,0.0,48.704647,14.918393,0.5518009,-16.04624,8.044211,6.473379,0.9032542,1.2710319
2025-07-05 22:00:00,0.0,-3.434512,-35.72051,-3.1429415,11.740359,4.1274076,2.4260774,0.43757513,-9.316402
2025-07-06 01:00:00,0.0,-16.989025,-119.23026,0.7006113,5.33399,2.4690907,0.10910779,0.4339264,-6.237843
2025-07-06 02:00:00,0.0,-26.514914,100.21536,-2.2038567,13.053445,2.460186,-1.7220753,2.0417728,-12.23687
2025-07-06 03:00:00,0.0,104.859436,-165.0104,1.9963912,5.921163,-12.491031,1.1140466,0.8053532,16.872305
2025-07-06 03:00:00,0.0,9.202256,95.43619,1.0955855,28.232687,-4.7898273,-3.9653592,6.1846433,-13.956221
2025-07-06 05:00:00,0.0,-57.9615,123.73945,1.4744185,10.207799,-3.2481759,-6.2098775,3.6962252,1.106222
2025-07-06 09:00:00,0.0,100.41663,-202.65584,-6.7041426,8.558593,-1.3440902,-3.4031537,0.4128719,17.059576
2025-07-06 10:00:00,0.0,-30.299812,-5.7777677,0.6704914,5.067083,4.5875583,-2.076847,-1.0765283,-2.4901016
2025-07-06 11:00:00,0.0,-32.613953,28.08796,-1.0871454,13.905475,2.2011318,-2.2681582,4.1593084,-15.998504
2025-07-06 12:00:00,0.0,-65.41775,41.679928,-1.6361063,-1.1768787,5.4705663,-0.66929024,-1.3038459,-16.771677
2025-07-06 12:00:00,0.0,113.661865,-130.95828,3.7441044,15.58017,5.608696,1.7102408,-2.3680482,18.112644
2025-07-06 19:00:00,0.0,-51.104237,13.770027,0.47240627,-45.662895,0.36430112,-3.8753717,-10.830311,-6.045514
2025-07-06 19:00:00,0.0,-112.71033,48.28402,1.866492,19.303637,-2.6346245,-4.1492705,3.199066,-9.696596
2025-07-06 19:00:00,0.0,-61.752625,43.173145,-4.137167,3.8228254,-5.039935,-6.391772,0.95303965,36.485832
2025-07-06 21:00:00,0.0,-49.16768,51.110622,-2.1315854,4.241804,6.837199,-0.23043898,0.9544735,-15.781094
2025-07-06 22:00:00,0.0,26.150152,-142.17268,-3.121134,-6.303383,-4.121776,2.4706888,0.19712448,-1.48867
2025-07-06 23:00:00,0.0,-1.5932199,159.00696,0.86411536,20.170147,2.0568197,-1.5760223,4.0604734,1.4505728
2025-07-07 00:00:00,0.0,-25.401234,-101.43111,2.3499737,-4.4644966,1.7772838,-0.20358574,-1.877685,-6.1075425
2025-07-07 01:00:00,0.0,-47.700966,-6.8582244,-0.19982222,9.707435,8.905328,-3.020837,0.8120155,24.862808
2025-07-07 03:00:00,0.0,-21.283325,-118.105804,0.8527793,4.9815226,-0.3714848,-0.7299228,0.35936165,-6.259249
2025-07-07 05:00:00,0.0,-23.08325,-49.363075,3.4030757,-14.5271225,1.2529253,0.45761424,0.13668315,-2.548115
2025-07-07 06:00:00,0.0,-30.041233,109.180305,1.9164808,16.880434,3.1813867,-2.5188148,2.41095,-6.874739
2025-07-07 08:00:00,0.0,148.15639,-16.326698,10.080086,17.176481,-23.940971,1.724455,1.1255703,27.594185
2025-07-07 09:00:00,0.0,135.88544,96.77766,0.27677128,-16.866394,-7.304299,-0.9617521,-3.0240228,11.207728
2025-07-07 10:00:00,0.0,-11.709519,118.78544,-1.4690835,-57.989445,5.0933847,-0.7485103,-13.437298,-12.7653675
2025-07-07 15:00:00,0.0,39.851738,45.565655,0.7367337,9.741695,9.035446,-0.81213385,1.540077,-7.5991216
2025-07-07 17:00:00,0.0,-0.93071824,101.09214,-2.3920453,-8.382457,9.605752,-1.459568,3.5284479,-10.258369
2025-07-08 00:00:00,0.0,28.930326,127.09513,5.552244,38.724968,8.415438,-1.4205905,10.5997,-10.692238
2025-07-08 02:00:00,0.0,-8.255662,-0.1760175,2.0033607,3.0651314,7.575591,-0.41559458,0.93656284,-12.010245
2025-07-08 03:00:00,0.0,-76.90487,61.34357,0.087620355,-14.139457,0.2568528,-2.4610293,0.9127325,35.131584
2025-07-08 03:00:00,0.0,171.13033,45.01343,-18.613403,-159.50334,-5.629618,0.46047923,-42.547268,24.128012
2025-07-08 05:00:00,0.0,243.90738,175.52605,7.8561854,16.087465,2.477877,0.19495504,2.6664305,40.209393
2025-07-08 05:00:00,0.0,-76.88857,15.868283,2.5342743,9.908793,3.3870375,-3.1724958,1.7830582,-13.722893
2025-07-08 06:00:00,0.0,197.22398,14.930013,0.56037337,-88.47663,22.849901,2.0441387,-40.332657,18.782154
2025-07-08 13:00:00,0.0,5.99672,-89.84398,-4.9796276,-3.3896809,-3.602616,-1.4415327,1.0117648,-5.081433
2025-07-08 14:00:00,0.0,-10.891857,-97.70115,0.43313223,-16.019997,0.58184093,-1.1430327,-1.007122,-0.96203995
2025-07-08 15:00:00,0.0,-34.91458,50.96494,4.715608,-7.8607574,-1.9397413,-2.490234,0.47833994,-15.382943
2025-07-08 19:00:00,0.0,107.367584,-163.16537,-2.8555365,8.468105,-0.66061586,0.59423584,0.5977689,16.316856
2025-07-08 20:00:00,0.0,-54.50545,36.88856,-0.914851,-14.538755,0.8885329,-1.197451,0.74475414,-15.856487
2025-07-08 22:00:00,0.0,-3.337438,-13.621986,0.5558342,2.7642567,-6.9974504,-3.382878,-1.2819073,-10.196308
2025-07-08 22:00:00,0.0,-7.1201887,48.13535,-1.9143088,6.9553413,2.491116,-2.2055404,-0.09409922,-16.295967
2025-07-09 00:00:00,0.0,-2.7135792,-62.465023,-6.8984694,10.908661,10.070817,-1.5666955,0.19347906,-7.173817
2025-07-09 01:00:00,0.0,191.06203,138.25168,3.8821082,16.471342,15.493946,1.392777,-0.88510203,16.431843
2025-07-09 05:00:00,0.0,-23.0437,-111.936874,1.8448921,1.9700452,-3.4484413,-1.1362793,0.21952169,-5.8690834
2025-07-09 06:00:00,0.0,-29.317955,9.902814,1.1160305,-13.573323,2.5777924,-0.56375015,1.7268422,-11.974442
2025-07-09 06:00:00,0.0,-30.320734,-15.826024,-3.013861,-11.929266,1.5378054,-1.3354938,0.8404447,-9.7309265
2025-07-09 08:00:00,0.0,-54.53527,-35.468193,-1.9784837,15.628265,-14.748762,-8.242872,2.2961533,28.740854
2025-07-09 08:00:00,0.0,-72.65128,55.51433,4.1769505,-5.457957,6.9039392,-4.8904696,2.9721434,39.1598
2025-07-09 09:00:00,0.0,-23.400042,-120.30372,-0.38545,4.3098288,7.3592424,-1.4945256,0.7263086,-6.1383495
2025-07-09 10:00:00,0.0,-63.97451,73.01987,4.1191893,14.470288,5.735673,-4.834483,2.2299242,26.607292
2025-07-09 11:00:00,0.0,-68.2744,32.25316,0.8781603,10.650661,4.7186365,-5.480931,2.2402234,-7.0771623
2025-07-09 12:00:00,0.0,-46.074078,64.37868,-2.0074506,9.2717,-14.083301,-9.395724,0.9186652,-1.7867218
2025-07-09 13:00:00,0.0,-28.961895,-63.283623,4.6814337,-20.623594,2.2987988,-3.936201,0.1810664,14.835402
2025-07-09 14:00:00,0.0,-60.68213,89.087906,-6.977358,-41.69016,2.0249934,-4.3496375,-7.390147,-0.6905354
2025-07-09 15:00:00,0.0,-47.626144,-12.063198,0.16796088,8.797485,-6.277453,-2.7563915,0.82175237,-11.991063
2025-07-09 19:00:00,0.0,32.45197,-43.17844,-3.2937756,-17.78787,5.228521,-0.14361042,0.6359436,-2.3580937
2025-07-09 20:00:00,0.0,-10.146337,-58.858734,5.050119,11.007659,-3.2296636,-1.7028819,1.2197499,-3.1161702
2025-07-09 21:00:00,0.0,-19.454155,74.60989,1.2721995,8.02354,4.611135,-2.155366,0.84384155,-5.818771
2025-07-10 01:00:00,0.0,-6.429913,71.42943,-6.7011204,-17.155579,4.217957,-3.1725116,0.1210072,-15.352818
2025-07-10 02:00:00,0.0,-3.5425754,147.17242,1.2739924,11.315784,11.586281,0.06609814,4.0894613,0.7273564
2025-07-10 03:00:00,0.0,-7.5356293,47.594334,0.30237085,8.91088,-5.1595435,-4.4234056,-0.101177946,-16.552258
2025-07-10 05:00:00,0.0,95.03102,-135.01366,3.2603161,12.852959,-40.56551,-19.228102,-2.081236,18.113071
2025-07-10 14:00:00,0.0,167.30496,-52.664642,3.0728674,19.284536,30.115925,6.176155,0.7619257,23.451168
2025-07-10 16:00:00,0.0,-29.426525,-20.456314,1.4327252,6.1132755,2.919755,0.65433294,-1.5099874,-8.166827
2025-07-10 17:00:00,0.0,26.48758,-135.90985,3.6558075,-7.3807144,4.3877025,-0.37773195,-0.28237525,-1.459512
2025-07-10 18:00:00,0.0,-45.668114,30.000994,0.09594412,7.680964,8.01196,-1.096555,0.8627931,-15.524449
2025-07-10 20:00:00,0.0,-83.45918,18.21655,1.593522,-0.23265675,5.2042274,-2.500049,3.6621315,-11.727089
2025-07-10 20:00:00,0.0,-53.4694,45.26883,2.4121175,9.001697,-0.8065005,-2.246976,0.7110211,-1.4425213
2025-07-10 22:00:00,0.0,-65.683586,123.22161,-2.4685152,19.692421,4.767987,-4.756172,2.9580424,1.1598047
2025-07-10 22:00:00,0.0,0.68563724,158.08989,-0.1354263,23.151493,-0.9701593,-1.7010138,4.092231,1.3386123
2025-07-10 23:00:00,0.0,22.008593,-102.58829,1.5634565,19.457579,-1.1559279,-1.1585497,0.4368685,-2.8180254
2025-07-11 00:00:00,0.0,1.4200295,-89.72931,-1.6456083,3.283581,0.72137475,2.8324955,0.40300202,-6.3133173
2025-07-11 03:00:00,0.0,-15.828323,93.8669,2.7797434,-38.33828,2.9252176,-3.5782077,-6.614071,-14.383903
2025-07-11 04:00:00,0.0,-63.552753,13.554923,1.9629931,10.76319,5.2988605,-1.7393064,0.4175144,-15.094751
2025-07-11 05:00:00,0.0,89.71614,-211.13345,4.6246037,-12.227589,-5.3087916,-0.13888769,0.50175714,12.841839
2025-07-11 05:00:00,0.0,-30.621721,-25.737854,1.1010393,1.0197316,4.8296127,-0.54789233,0.674319,-8.923505
2025-07-11 05:00:00,0.0,-69.751015,46.86555,-0.0159445,11.829528,2.3770719,-1.3123202,3.5814633,-22.620943
2025-07-11 09:00:00,0.0,-52.732754,38.193714,-2.6556582,6.9557223,-14.164193,-5.891594,0.6464245,-15.425529
2025-07-11 10:00:00,0.0,-19.918314,-85.03116,-10.057012,-11.292744,-1.6878078,0.008008821,-1.0914614,-5.073483
2025-07-11 12:00:00,0.0,-20.690763,-119.13182,0.873208,3.2457712,3.2631395,-0.6921894,0.6085981,-5.8797054
2025-07-11 14:00:00,0.0,-41.242344,22.687708,1.2833613,10.134392,3.7849133,-2.5391629,-0.15812905,-15.193904
2025-07-11 14:00:00,0.0,99.177,151.38773,2.164603,16.859303,9.004456,-0.5577078,1.9571375,-4.236578
2025-07-11 14:00:00,0.0,-25.696281,-115.73343,0.98242766,7.577053,4.2021394,-0.78493464,0.38615188,-6.02389
2025-07-11 16:00:00,0.0,-21.909323,-92.474686,0.12170686,-9.470965,-1.9675297,-2.7120821,-1.0441902,-1.2837754
2025-07-11 17:00:00,0.0,-0.15930827,157.04825,-1.9627045,25.089981,9.354898,1.7608284,4.157179,1.3408486
2025-07-11 18:00:00,0.0,-27.19183,-47.847214,1.975364,-37.663963,-1.3631423,-1.5641925,-9.302467,-8.98744
2025-07-11 18:00:00,0.0,-31.448221,-41.528908,-1.267249,-27.494123,-1.3962803,-3.5856066,-0.38810852,16.496647
2025-07-11 18:00:00,0.0,-39.22023,-37.37446,0.31864977,13.69042,-5.8347735,-2.362845,0.7183957,-9.362941
2025-07-11 19:00:00,0.0,-37.81486,20.60508,6.04516,-28.014725,8.590346,1.0975876,-4.2988157,-13.63987
2025-07-11 23:00:00,0.0,-21.5111,-41.67531,0.76092786,-25.261251,-8.259224,-6.046568,-0.48954594,-2.0015411
2025-07-12 01:00:00,0.0,-50.422268,34.665894,2.7115905,-23.290989,4.067714,-1.441424,-3.9633398,-15.929685
2025-07-12 03:00:00,0.0,-32.352253,-9.202665,2.1786704,9.668557,-3.730289,-0.76698947,0.6493537,-1.3915396
2025-07-12 09:00:00,0.0,-7.23007,-5.097721,-0.28270268,10.648269,-7.4030633,-4.863189,0.8351186,-11.957464
2025-07-12 10:00:00,0.0,88.616516,141.07892,0.5864862,-21.438353,-5.465771,-2.0839171,2.0458603,-2.637758
2025-07-12 11:00:00,0.0,226.24944,173.7098,8.214887,-17.957386,-4.6896696,-2.0523522,4.077273,37.276478
2025-07-12 13:00:00,0.0,24.396217,-148.31927,-3.319653,-9.967786,1.4756911,3.070621,0.19667111,-1.7515942
2025-07-12 14:00:00,0.0,-29.429377,-74.70262,4.47115,-11.172171,2.4807963,2.9795687,-0.09599432,15.809571
2025-07-12 15:00:00,0.0,-24.323889,-48.71366,2.7639275,18.882647,9.471231,-1.9951961,0.029970871,-3.1256115
2025-07-12 19:00:00,0.0,-60.90656,90.39765,-9.23159,-46.272533,-0.5288604,-6.7208323,-7.169613,0.2437928
2025-07-12 22:00:00,0.0,-7.6048436,-107.03307,1.7971283,-12.858589,-2.1373777,-1.9670603,0.25048777,-0.5936187
2025-07-12 22:00:00,0.0,-54.48529,135.03954,2.6792927,15.820952,-2.78852,-3.3186421,3.6345544,2.4565542
2025-07-12 23:00:00,0.0,-76.12964,16.43909,-11.10399,9.553156,-3.65425,-0.10947014,1.7275542,-13.38229
2025-07-13 01:00:00,0.0,-17.914667,-23.073761,-0.29974765,0.057767816,4.928349,1.63256,-2.923603,-4.053803
2025-07-13 03:00:00,0.0,-31.490845,28.15012,-0.857771,10.744341,3.3044941,-0.8136876,1.8920748,-11.72134
2025-07-13 04:00:00,0.0,-4.492879,17.375128,2.2727432,1.3060573,9.300982,-2.7184741,-2.400125,-13.272055
2025-07-13 07:00:00,0.0,-35.608448,-36.619465,0.6209191,23.045507,5.236487,-2.2440157,-0.16870618,22.216265
2025-07-13 08:00:00,0.0,-44.6074,-28.324312,-3.6253517,7.8306055,10.8220825,-1.1621721,0.41482866,-9.825858
2025-07-13 09:00:00,0.0,-48.635548,46.872932,0.6505515,-9.514049,-3.088112,-4.210465,0.9207054,-15.776471
2025-07-13 10:00:00,0.0,-4.4258065,147.80183,-0.16851112,11.429644,4.508651,-2.3683436,3.990878,0.7398851
2025-07-13 13:00:00,0.0,-24.063099,-105.411766,-2.9597206,0.44002688,-0.23903741,1.6145732,-0.12837744,-6.330083
2025-07-13 13:00:00,0.0,-83.925835,100.739815,3.1592164,-9.023679,-3.4926805,-4.976512,2.2346756,17.126352
2025-07-13 14:00:00,0.0,219.46388,107.464165,2.5867238,-2.5185833,5.51781,1.1070507,-1.8374722,35.44376
2025-07-13 14:00:00,0.0,17.457357,9.818881,-0.8686306,-86.04757,-0.1025512,0.6247344,-27.1065,-6.932223
2025-07-13 15:00:00,0.0,-21.03568,-81.89417,1.3839812,-16.599556,-9.0157385,-4.116487,-2.2142484,-6.5254602
2025-07-13 15:00:00,0.0,61.602634,52.310844,1.0687804,4.984323,7.666487,0.95009047,-1.1593686,-2.6073248
2025-07-13 16:00:00,0.0,-22.136724,-102.16654,2.1907585,-8.08161,-0.26511857,-0.49563217,-0.10012907,-5.3833733
2025-07-13 17:00:00,0.0,-26.13001,-109.27127,-5.603965,4.131959,-12.182923,-5.401093,0.32993835,-5.596139
2025-07-13 17:00:00,0.0,279.65207,260.2959,0.18383981,37.345806,7.1199183,0.86244386,17.083817,49.202946
2025-07-13 18:00:00,0.0,-22.517195,-71.130295,1.1430348,4.7857437,-6.6608667,-3.03629,0.6563369,-6.335712
2025-07-13 21:00:00,0.0,-15.791042,158.91505,0.51859915,3.1752782,-1.0321887,-3.6028953,5.95037,-8.645125
2025-07-14 01:00:00,0.0,24.122572,-107.446465,3.361178,-7.246321,2.0366247,0.45162505,1.6453599,-1.9935633
2025-07-14 04:00:00,0.0,-22.38867,-93.330826,1.6126173,-8.045916,1.5382645,-1.6619045,-0.58433574,-1.0173696
2025-07-14 07:00:00,0.0,-26.849533,-18.091963,-4.19079,9.353228,-19.17299,-10.939912,0.5536356,-2.434788
2025-07-14 08:00:00,0.0,141.22185,96.34679,-2.7064037,9.206094,-6.8803835,0.06873223,-2.2385857,15.043606
2025-07-14 08:00:00,0.0,-35.15602,22.588299,-4.63604,12.724771,3.1528485,-2.4667645,1.0168396,-0.011060342
2025-07-14 10:00:00,0.0,-32.877655,-35.637646,-3.0849915,21.99276,4.3856735,-3.7517054,0.097163856,21.748476
2025-07-14 11:00:00,0.0,-47.668125,-11.723041,-3.0402658,11.736947,-1.8255655,-1.6154289,0.88852125,-11.966728
2025-07-14 14:00:00,0.0,-25.169632,-112.84903,-1.6110035,5.83217,3.5608854,-1.5025884,0.4208182,-6.2129474
2025-07-14 15:00:00,0.0,-54.48323,70.473976,0.5354116,9.60133,5.1593328,-3.8598986,0.86403525,-1.4022725
2025-07-14 18:00:00,0.0,-54.09013,75.96782,1.7903287,-11.963326,-3.0383992,-3.3476353,-2.355448,0.63859725
2025-07-14 19:00:00,0.0,11.592402,59.54601,-0.78390336,-3.274636,6.231037,-0.09041334,4.8819327,-17.272337
2025-07-14 20:00:00,0.0,8.004481,48.900383,-1.9241614,-24.580322,5.7276707,-1.2203815,-10.740395,-13.512087
2025-07-14 21:00:00,0.0,118.69884,-159.16849,11.782774,-21.3813,22.77718,9.687619,0.49070653,16.474506
2025-07-15 01:00:00,0.0,-23.824772,37.216377,-0.8833377,1.0599234,6.917767,1.2754333,-0.33292162,-6.839558
2025-07-15 01:00:00,0.0,68.86187,104.64218,0.9370123,18.26631,-10.775337,-3.1175117,2.8898091,-0.4408451
2025-07-15 08:00:00,0.0,-33.26853,-89.069466,-7.222178,-24.158777,5.3346725,-3.6645055,-3.082211,14.715338
2025-07-15 09:00:00,0.0,-63.45274,90.74791,2.2568362,-22.534252,2.07855,-2.8287175,-7.300244,-1.5040483
2025-07-15 10:00:00,0.0,-31.700632,-21.587627,-2.3910842,11.442942,4.3100305,-0.8251982,0.69280547,-9.233204
2025-07-15 17:00:00,0.0,-100.772385,33.952484,-1.5027401,16.714466,8.157716,-3.1312325,3.583857,42.257877
2025-07-15 19:00:00,0.0,-97.20119,33.638474,2.1710184,16.21679,0.7487124,-4.52336,3.3751261,41.614235
2025-07-15 21:00:00,0.0,-25.740093,-99.504745,-2.3938458,1.3041513,2.7010968,-1.7641357,-0.48571897,-2.866595
2025-07-15 22:00:00,0.0,-70.595,72.51753,0.7200318,14.1033,5.842858,-3.3413527,2.0182257,24.269709
2025-07-15 22:00:00,0.0,23.617855,-134.1062,0.37303415,-10.75596,-1.8744702,-0.89299667,-0.89060485,-1.2207727
2025-07-16 01:00:00,0.0,-18.537907,89.72502,1.2396992,-19.485075,8.1980295,-3.6966596,-6.1163406,-14.090018
2025-07-16 02:00:00,0.0,-30.973232,-15.923714,0.9414191,-14.439281,0.09449912,-0.5299844,0.87100947,-9.869282
2025-07-16 04:00:00,0.0,5.9642315,165.89268,-8.284752,6.949988,6.1589866,-5.6954527,5.469731,-7.5338726
2025-07-16 04:00:00,0.0,65.840904,213.05672,0.13428435,20.629353,-4.6172624,1.5293329,14.862204,-9.827557
2025-07-16 07:00:00,0.0,-16.168728,-65.499176,10.755687,10.827203,21.224287,5.696086,0.2488339,-6.829786
2025-07-16 08:00:00,0.0,-9.235351,-103.36475,-3.832489,-14.300368,-0.7734997,-1.2143425,-0.89106876,-0.7056494
2025-07-16 09:00:00,0.0,-29.771015,-110.79488,-1.4138007,-8.710012,-13.494159,-4.3936505,0.45472103,13.873601
2025-07-16 11:00:00,0.0,-43.023582,88.519646,-2.095466,13.475541,10.075506,-1.0555013,2.8032773,-0.3705708
2025-07-16 12:00:00,0.0,-8.074148,-31.514969,0.25387073,11.101928,-12.593602,-1.9319817,1.4833393,-3.1568444
2025-07-16 14:00:00,0.0,-19.679245,-107.32081,-2.1252859,-7.292547,3.768649,-0.21350144,0.30378366,-5.309709
2025-07-16 16:00:00,0.0,-36.111683,35.459686,0.26091376,18.204556,1.1806146,-1.4997251,4.165405,-17.840971
2025-07-16 19:00:00,0.0,-43.718075,7.4672565,-1.6114564,-22.401129,-18.295502,-4.5590577,1.1547637,23.17062
2025-07-16 21:00:00,0.0,-53.886436,43.276142,-6.6247816,10.66282,3.3355408,-3.9763205,0.8482091,-1.3300719
2025-07-17 00:00:00,0.0,-48.937695,-2.8772466,2.3170507,-21.753035,8.723009,-3.2376359,-1.1422443,22.337618
2025-07-17 01:00:00,0.0,-48.334736,64.98195,-3.8280456,-13.949786,-16.963087,-10.307482,0.8722639,-0.6871302
2025-07-17 07:00:00,0.0,-21.930101,-105.66605,3.3297954,-7.7578025,-3.789358,-2.130449,0.012485428,-1.6830151
2025-07-17 09:00:00,0.0,1.3481661,-132.11902,3.6909215,7.6237903,-4.103821,-2.109103,0.096000664,-5.8965464
2025-07-17 09:00:00,0.0,-1.4058207,158.06334,2.9102774,23.640057,3.0765557,0.21397498,4.050834,0.37228572
2025-07-17 11:00:00,0.0,164.81755,-3.9577515,1.1196895,17.589096,9.557841,1.913472,1.1307238,29.34461
2025-07-17 13:00:00,0.0,-29.034882,1.1912081,1.8956637,2.0630183,-1.6320055,-2.1893327,-1.6596103,-1.06183
2025-07-17 15:00:00,0.0,-31.819643,-96.95299,2.743642,-5.7219906,2.5501642,-1.2512039,0.7820679,-4.503284
2025-07-17 18:00:00,0.0,-104.38372,102.58491,1.09975,10.377028,4.831014,-3.2482164,5.441299,50.08341
2025-07-17 21:00:00,0.0,74.91686,104.7906,-2.4936845,0.9694375,4.3071866,0.08369977,-0.022895299,-0.7781851
2025-07-17 22:00:00,0.0,-43.28158,32.487938,6.360311,8.23959,9.596042,-0.10786612,-0.28874856,-15.777453
2025-07-17 22:00:00,0.0,206.50006,103.02852,-23.758524,-23.047714,-7.8519793,2.7695708,-1.7590368,33.021515
2025-07-17 23:00:00,0.0,-49.77146,48.346176,-0.7322369,-18.439445,-0.19016334,0.21272257,-2.2913134,-14.735196
2025-07-17 23:00:00,0.0,-72.275406,107.50132,0.9697411,14.493822,-13.400595,-7.627037,2.6137915,12.200627
2025-07-17 23:00:00,0.0,-67.804535,68.29106,-11.722241,13.813559,-6.899184,-0.90121454,1.3916382,-12.075765
2025-07-18 00:00:00,0.0,-85.60242,20.12765,-3.1175168,13.898936,0.5713821,-4.5780005,3.7959628,-13.634782
2025-07-18 03:00:00,0.0,11.288488,-27.23199,5.8162837,0.2797832,5.553757,-1.733951,4.293176,-13.249003
2025-07-18 05:00:00,0.0,-14.220659,-13.749507,-0.11360595,9.946742,12.425063,-0.24494189,1.1035175,-4.597333
2025-07-18 06:00:00,0.0,-59.66777,72.61455,-4.2204514,3.2679837,1.5600973,-1.3818297,1.3548396,36.54069
2025-07-18 06:00:00,0.0,172.85776,-22.729109,6.429415,1.8417736,11.683498,5.881499,8.048244,32.858444
2025-07-18 07:00:00,0.0,-63.140995,86.65254,2.1307569,-35.355526,-4.541278,-3.623441,-5.9822927,-14.430662
2025-07-18 08:00:00,0.0,-51.552307,50.918354,2.1461093,10.703686,5.6946416,-2.0951366,0.9489513,-16.319555
2025-07-18 13:00:00,0.0,190.3789,147.61043,7.6449356,-15.022382,3.3897433,-0.8919375,7.165038,30.038033
2025-07-18 15:00:00,0.0,-20.879656,17.545673,-3.761264,-13.134411,0.7186352,-0.13057393,-9.2941475,-7.4777
2025-07-18 17:00:00,0.0,-97.71601,46.199024,-4.306582,17.52829,2.838916,-1.8306812,3.2181597,-8.926825
2025-07-18 17:00:00,0.0,-40.85037,-58.750282,1.1418953,-13.972147,1.8623017,0.29675853,-4.849131,-10.041856
2025-07-18 20:00:00,0.0,203.22768,153.36765,5.3840775,22.848616,-1.1491091,1.4286556,8.445706,33.827347
2025-07-18 21:00:00,0.0,-77.153885,17.632254,0.3257219,-5.741815,-5.006267,-4.6982965,1.7637534,-13.7401705
2025-07-18 22:00:00,0.0,95.7858,212.88184,-6.1273026,48.885406,8.21558,-4.7383113,14.296603,-9.478537
2025-07-19 03:00:00,0.0,224.89299,175.35391,-23.09149,-41.764317,25.637167,-2.7750013,1.5296837,29.695124
2025-07-19 05:00:00,0.0,-52.80128,38.630447,1.198881,-3.1236477,1.4597682,-1.9698055,-3.887055,-16.12523
2025-07-19 06:00:00,0.0,-41.47187,48.356922,-0.4106896,-1.6865034,-16.913237,-9.160942,0.634266,-16.595505
2025-07-19 07:00:00,0.0,97.72971,-177.61824,3.3952324,-34.771946,7.6916356,-0.21492778,-6.9059534,16.478653
2025-07-19 10:00:00,0.0,220.11023,85.61356,26.83797,-67.56434,37.11216,16.342722,-15.9690895,33.04695
2025-07-19 12:00:00,0.0,167.17657,9.594054,3.2451296,15.519967,21.888552,0.62168396,1.0413796,30.22614
2025-07-19 14:00:00,0.0,104.19442,-216.26381,-3.4163804,6.0678177,12.360298,2.04611,0.5404832,16.364279
2025-07-19 16:00:00,0.0,-13.797287,6.2747564,0.9988329,-3.62547,-19.458849,-3.8123074,-3.0011098,-5.503367
2025-07-19 17:00:00,0.0,96.72022,149.26614,-0.24541798,11.143933,2.898419,0.061368834,2.0723493,-4.26662
2025-07-19 18:00:00,0.0,0.22922093,170.65598,-0.8742736,20.155602,5.824122,-0.68651086,5.402359,-7.8576336
2025-07-19 22:00:00,0.0,-16.784887,-116.56716,1.1923481,4.5925775,0.3764769,-0.3486485,-0.11465952,-6.109163
2025-07-19 23:00:00,0.0,-22.696775,-85.23638,-6.090283,-23.32645,7.668582,-2.037765,-3.896058,-6.450228
2025-07-20 00:00:00,0.0,213.99918,128.05476,5.7913804,-1.3052874,-10.193447,-0.19835132,-1.5945466,40.257893
2025-07-20 01:00:00,0.0,-7.126331,-84.9187,-1.9208806,4.1970816,-6.4860344,-1.8441751,1.1559155,-1.5928487
2025-07-20 02:00:00,0.0,97.97955,-204.28238,3.1672876,3.9154527,-5.8279786,2.7446058,-1.8379315,14.207934
2025-07-20 03:00:00,0.0,-15.916093,-89.325966,-4.684377,-0.05400632,-11.813837,-1.7712331,-0.55451703,-5.9044514
2025-07-20 12:00:00,0.0,247.61546,198.59943,-50.160145,43.89145,-63.33986,8.407198,11.653374,39.391186
2025-07-20 12:00:00,0.0,-47.917076,31.622833,-10.357626,-26.776884,-21.691835,-12.298587,-3.8528657,-12.832906
2025-07-20 13:00:00,0.0,-51.497017,64.788376,-0.029451119,9.962259,6.2975993,-2.2614396,1.0185672,-1.3157926
2025-07-20 13:00:00,0.0,88.61326,211.09921,-1.3333237,22.220926,12.459006,-4.740756,14.204007,-9.563444
2025-07-20 14:00:00,0.0,-33.148277,-5.6978474,-6.5202804,0.0013605095,4.3785734,-3.5556939,-1.9090902,-9.6042385
2025-07-20 15:00:00,0.0,-21.668255,115.787506,0.76734006,-36.834877,1.5345274,-2.4334137,-13.696486,-14.726908
2025-07-20 16:00:00,0.0,-80.94512,63.100975,1.6833894,2.7666042,-0.33195582,-1.912972,0.9592852,36.332508
2025-07-20 16:00:00,0.0,-36.58666,19.127886,1.7734889,-27.117674,-4.086385,-2.3449101,-4.2627544,-13.915351
2025-07-20 17:00:00,0.0,-23.040127,-104.83158,-3.3824272,7.909147,7.1175637,-0.0922349,0.09112001,-6.512209
2025-07-20 17:00:00,0.0,-55.237316,33.6598,1.8723706,-19.935,-3.5723443,-3.698899,-1.8983694,-2.458087
2025-07-20 19:00:00,0.0,268.16727,157.60481,13.444451,34.629242,5.2643237,0.38457423,13.976338,39.785248
2025-07-20 21:00:00,0.0,50.42797,-2.9413576,4.7482867,-24.060232,-2.2291718,-1.864608,-15.56898,-1.9173831
2025-07-20 22:00:00,0.0,-64.45346,32.313118,0.7725592,-7.5947576,-0.36535174,-0.6932389,2.2784772,-5.76207
2025-07-21 00:00:00,0.0,-19.824526,24.258615,-4.3929734,-30.098795,3.2987082,-1.7102106,-5.201421,-2.9596517
2025-07-21 01:00:00,0.0,-46.20994,28.991959,1.2870653,-13.076005,4.112185,-1.3059742,0.907978,-14.768549
2025-07-21 01:00:00,0.0,-19.345936,52.34973,1.4513793,-14.84386,-1.6194355,-2.1879284,-0.24347126,-6.9049654
2025-07-21 01:00:00,0.0,-49.660534,-5.849796,-0.43466038,11.939155,10.999586,-0.70085394,0.53169465,-11.445646
2025-07-21 02:00:00,0.0,27.887522,-83.8975,5.594057,11.328055,-8.440643,-1.0793657,0.61760974,-2.9683433
2025-07-21 04:00:00,0.0,-25.742737,-91.830925,2.387244,-8.824605,1.8159723,-0.18086858,-3.9724722,-7.238856
2025-07-21 06:00:00,0.0,4.1043344,-56.910084,-13.611764,-37.184006,-3.2556186,-0.84197056,-8.379399,-8.498062
2025-07-21 06:00:00,0.0,58.1944,126.721596,-5.486067,16.112446,13.630254,-3.625261,10.7543125,-9.042512
2025-07-21 07:00:00,0.0,215.77328,127.59592,-6.1578126,2.0117128,2.9205291,0.09182802,-1.3697869,37.122128
2025-07-21 08:00:00,0.0,-33.85793,-93.30472,2.05973,-20.697798,3.7775798,-1.2049859,-3.1925664,15.2104025
2025-07-21 09:00:00,0.0,-29.165436,-20.908573,-1.4372731,10.0942545,-3.9308226,-2.8794277,0.5866882,-2.1586368
2025-07-21 11:00:00,0.0,-66.89784,49.217026,1.2026151,11.430524,-4.5297227,-3.3092468,1.3549255,-11.115362
2025-07-21 11:00:00,0.0,116.84397,-173.39131,-1.6586175,12.286842,10.572578,5.0257607,2.7371628,22.646416
2025-07-21 12:00:00,0.0,168.12067,-36.109627,-1.0708332,28.168482,4.223874,1.6296333,7.536628,32.362724
2025-07-21 12:00:00,0.0,-23.64371,-26.818253,5.809989,1.1213095,-4.5456448,-2.1828265,3.5393293,-13.546625
2025-07-21 14:00:00,0.0,-32.2176,-62.693615,3.8013167,-13.850778,2.8426764,0.9717762,0.5770478,-6.768162
2025-07-21 14:00:00,0.0,91.097,142.06073,1.2907774,-26.899921,1.4326768,-0.9997417,-5.3512225,1.2687756
2025-07-21 15:00:00,0.0,-17.787075,156.66478,1.2184801,14.574724,-14.426476,-9.393596,5.9562144,-8.854425
2025-07-21 16:00:00,0.0,-6.748,92.72716,-2.011603,17.725271,0.9541259,-1.114793,2.870831,-2.607209
2025-07-21 17:00:00,0.0,143.23833,102.07543,2.3148448,-21.886786,3.9162452,0.35936493,-3.2669382,11.446077
2025-07-21 20:00:00,0.0,-35.614883,-5.0581574,-14.006918,-18.509588,2.4065478,-1.0870554,-0.27686647,-9.165118
2025-07-21 21:00:00,0.0,6.002263,-76.46265,1.7631024,-4.7548923,3.383052,-2.0400596,1.6421124,-5.541412
2025-07-22 00:00:00,0.0,217.48456,151.56566,6.3697996,-1.0776167,2.317572,3.2716022,0.39294013,29.976736
2025-07-22 01:00:00,0.0,-22.133665,-78.25507,-2.5885775,-8.691133,2.5299425,-1.0000103,-0.9406819,-5.2325573
2025-07-22 02:00:00,0.0,-57.78165,26.472282,-5.836152,12.809073,2.3693366,-2.1945164,1.7392471,-13.705016
2025-07-22 03:00:00,0.0,-74.908195,48.07536,-0.19015516,-1.3070242,-2.800648,-5.2610984,-2.5713065,39.89233
2025-07-22 03:00:00,0.0,-26.051544,-17.919348,-0.89161384,-22.65022,-2.3344767,-3.0832365,-1.4895885,-0.9796751
2025-07-22 03:00:00,0.0,16.720537,12.908297,3.2429404,-87.82068,-0.43742368,-2.4480171,-27.72956,-6.6628084
2025-07-22 03:00:00,0.0,282.3671,252.25493,1.7085333,56.081966,-4.639709,3.789735,16.867416,50.04374
2025-07-22 04:00:00,0.0,-56.207256,57.49094,-5.8813667,-0.22071442,-17.782393,-2.355913,-1.384758,-15.150733
2025-07-22 06:00:00,0.0,-36.429165,-35.276443,0.5765373,23.083841,0.7241707,-2.8828604,0.14631024,22.202179
2025-07-22 09:00:00,0.0,-30.8886,-66.61553,0.5632665,0.67000264,-16.734068,-6.6599607,0.5989722,-6.8320813
2025-07-22 10:00:00,0.0,-100.63988,101.079666,4.3959317,11.378721,-2.7752202,-5.1729984,5.470548,50.263805
2025-07-22 12:00:00,0.0,-55.59991,55.84887,-1.5695075,-5.956317,5.0820723,-1.6476425,-3.6622722,-14.613145
2025-07-22 17:00:00,0.0,-57.803318,16.127748,3.612908,-22.054726,4.600098,-1.9048007,-10.955081,-5.2136865
2025-07-22 17:00:00,0.0,-43.13816,-56.47869,0.7965553,-20.539017,0.7383928,-3.104101,-6.3648567,20.287436
2025-07-22 17:00:00,0.0,-39.328312,52.126377,-1.5839272,7.653965,0.50388044,-3.616265,0.49087253,-16.973013
2025-07-22 17:00:00,0.0,97.42706,153.12048,0.1604878,16.64243,-0.82758874,-1.6748626,2.1460907,-4.3457065
2025-07-22 18:00:00,0.0,23.451326,-158.85907,-1.9992871,7.711883,4.8497214,1.3949269,0.31268537,-3.1791122
2025-07-22 21:00:00,0.0,22.015793,-154.83858,0.40093017,1.5207525,-1.074367,1.242228,0.19873512,-3.311904
2025-07-22 21:00:00,0.0,-75.878426,76.53591,2.061019,-2.7022238,-2.466938,-4.654593,-3.422546,40.57966
2025-07-22 21:00:00,0.0,-63.921837,84.84658,1.531255,-21.361362,9.905245,-2.8262556,-5.777257,-14.629818
2025-07-22 22:00:00,0.0,-12.128546,-87.71878,-1.8726603,-10.161728,-4.3005166,-2.9850638,0.19811438,-4.4187474
2025-07-22 22:00:00,0.0,-22.480383,-103.39323,0.73302805,10.488163,7.344144,-0.53066665,1.5747882,-8.540356
2025-07-23 01:00:00,0.0,-74.12895,103.81612,3.8829498,-9.874822,-4.5504766,-4.0011253,2.5917697,11.288472
2025-07-23 02:00:00,0.0,-3.2212083,163.06021,6.2597423,17.19856,9.9046335,-0.69046026,5.181051,-8.729495
2025-07-23 03:00:00,0.0,-36.05092,-55.135426,-2.1770868,-1.9611084,1.0483704,-0.32386133,0.20664015,17.459303
2025-07-23 06:00:00,0.0,-23.522459,56.156387,1.2224946,6.07502,1.4015131,-3.1431422,-0.18777388,-8.300275
2025-07-23 06:00:00,0.0,-20.62088,79.82121,1.2734852,13.95127,6.123282,-2.622853,0.93189996,-12.140615
2025-07-23 07:00:00,0.0,-22.730186,-99.707756,-0.8502882,-4.978895,7.8962545,-0.023044497,0.7982834,-8.124178
2025-07-23 09:00:00,0.0,65.74583,105.294685,0.7113479,11.456555,5.8549414,1.6130508,3.1757154,-0.30978155
2025-07-23 12:00:00,0.0,103.70597,-193.34044,-1.1073914,10.264857,-3.7571657,0.62402636,-0.40234828,17.449144
2025-07-23 12:00:00,0.0,3.0636282,-115.827995,-1.1613569,1.7705088,-6.4235687,-2.3126514,-0.6075875,-6.24307
2025-07-23 17:00:00,0.0,-33.132313,-19.300596,2.9046757,11.585597,4.370352,0.024057677,0.77365315,-9.264009
2025-07-23 18:00:00,0.0,128.51732,-103.88899,3.5211432,28.797146,2.270926,-0.38123873,0.4144192,22.565107
2025-07-23 19:00:00,0.0,-41.29243,59.90907,-3.706558,-13.672841,-16.24959,-9.368073,1.3241867,-15.635829
2025-07-23 20:00:00,0.0,-8.750939,-103.91619,-2.4302542,7.5651236,-7.4430623,-3.079879,0.22327657,1.3363655
2025-07-23 21:00:00,0.0,-0.01153353,101.96545,-3.7931142,-10.488278,-17.459393,-9.583656,3.7175057,-10.304317
2025-07-23 21:00:00,0.0,-15.75967,-99.23446,3.7825968,-0.74869215,-2.700754,0.0903541,-0.4637274,-5.9687514
2025-07-23 22:00:00,0.0,-61.1928,59.609055,-1.2628627,-2.0129502,1.287795,-1.9534464,-2.488351,-16.878756
2025-07-24 01:00:00,0.0,-0.94026154,-109.4984,-2.2983444,-10.982244,-12.966716,-2.0499246,0.91541994,0.8425877
2025-07-24 01:00:00,0.0,227.52776,164.07108,3.3964095,-22.13177,16.15491,2.2655454,4.169772,34.82393
2025-07-24 02:00:00,0.0,25.610428,-156.86116,-1.1336116,6.8648295,2.713823,-0.41774225,0.46513474,-3.258418
2025-07-24 03:00:00,0.0,23.348793,-124.86844,-16.902958,-15.448145,-11.20489,0.07723358,0.9247025,-4.6248913
2025-07-24 05:00:00,0.0,-6.483978,-119.59573,0.26523718,-9.551781,0.38311526,-0.6855834,0.67800653,-0.53742754
2025-07-24 06:00:00,0.0,2.9849522,160.93784,0.33892134,20.801542,-11.832974,-3.8275495,4.161631,1.4673892
2025-07-24 07:00:00,0.0,-56.504112,-32.120167,5.5029173,12.422211,-14.871946,-1.1570718,2.2556715,29.144218
2025-07-24 08:00:00,0.0,-22.828415,-111.700645,-2.9547815,8.222075,-3.2303047,-2.3203156,0.41812378,-5.9908338
2025-07-24 08:00:00,0.0,22.206211,-145.81854,1.3125248,4.9930806,1.869872,-0.7474565,-0.46140337,-3.89275
2025-07-24 09:00:00,0.0,-46.11431,7.540879,3.4518712,-46.711597,2.6036298,-0.9110735,-8.376971,-9.328592
2025-07-24 09:00:00,0.0,-54.164,32.02437,-0.7587456,-23.255342,0.2653737,-3.7301579,-1.9409496,-0.70409054
2025-07-24 09:00:00,0.0,-11.908018,-27.728384,-2.7545378,11.548206,3.2734683,2.5192106,1.1366916,-3.6499324
2025-07-24 11:00:00,0.0,257.43576,191.52191,7.3064218,53.8472,-25.736317,-11.139022,15.628385,48.54935
2025-07-24 13:00:00,0.0,-23.610962,-49.75578,-2.8792014,-0.017652668,-5.05391,-2.752235,0.54139704,-6.719217
2025-07-24 13:00:00,0.0,-12.537007,100.47468,0.08469585,10.406455,-14.069206,-2.726747,1.5028243,-3.5751364
2025-07-24 14:00:00,0.0,-25.423264,-113.18047,1.3572456,4.8367543,0.6166586,-2.2697525,-0.007836895,-2.7822566
2025-07-24 16:00:00,0.0,-14.384883,97.78607,0.043499,-9.2192335,0.09113581,-2.5723138,-4.284277,-3.9533837
2025-07-24 17:00:00,0.0,-15.966242,30.215668,-3.0045395,-9.808278,-1.9261701,-2.5682323,0.078400776,-6.3212905
2025-07-24 18:00:00,0.0,107.7055,-222.2461,-2.8354814,14.607374,15.411326,3.8494165,0.53485507,16.498257
2025-07-24 18:00:00,0.0,-45.954544,-28.289154,-0.34281215,10.391768,13.90074,0.03858562,0.4025272,-9.741687
2025-07-24 19:00:00,0.0,-5.072309,62.45926,4.186869,-105.76394,2.4486053,-1.2087898,-38.42404,-9.2800255
2025-07-24 20:00:00,0.0,-26.8297,-98.92729,-0.932527,0.38070807,8.231156,0.46984354,-0.45443726,-2.9435709
2025-07-24 20:00:00,0.0,-84.06069,80.297,5.694879,-25.007381,3.9506912,-4.971628,-4.3248,33.637203
2025-07-24 21:00:00,0.0,-102.71291,43.285824,0.72850853,27.109558,7.037638,-3.245383,3.3054206,43.69052
2025-07-24 21:00:00,0.0,-37.402004,25.166567,-0.92860204,12.5022,3.5069976,-0.6694739,1.0612211,-0.20644909
2025-07-24 22:00:00,0.0,-50.943798,65.484566,-11.90548,-13.551254,-6.3068576,-1.9509757,0.8390622,-0.1773158
2025-07-24 22:00:00,0.0,98.23339,-208.20819,5.334133,4.05444,-7.8970327,1.5458759,0.551609,16.168703
2025-07-25 00:00:00,0.0,-23.049404,-117.48981,-0.4179954,5.1629024,1.2440963,0.783812,0.60073,-5.9638605
2025-07-25 02:00:00,0.0,-55.847763,27.336363,3.1470048,-6.1477695,-4.676739,-5.3765597,1.6847843,-13.683197
2025-07-25 02:00:00,0.0,6.815706,-104.07465,-1.4488617,7.4665456,-14.416072,-7.8421826,1.9183025,-7.4846573
2025-07-25 06:00:00,0.0,-18.234613,-13.152126,-4.704468,-17.741068,1.1740282,-1.5955275,-1.0508482,-8.656115
2025-07-25 07:00:00,0.0,-8.004452,47.806538,5.5578613,-13.559786,3.4020343,-0.41715664,-0.061123114,-15.857855
2025-07-25 08:00:00,0.0,-33.218803,-100.703636,-3.4594777,8.637757,3.2801468,-1.5372363,0.88309723,-5.289684
2025-07-25 13:00:00,0.0,-18.285292,-88.147766,-2.9273498,-7.7758875,-10.228971,-3.9549441,-0.20577036,-5.2883263
2025-07-25 15:00:00,0.0,-38.158875,29.028088,1.801073,0.7465827,6.8840866,-1.4538938,-2.7625122,-0.34973815
2025-07-25 18:00:00,0.0,84.83861,122.43741,-2.9189198,6.280741,2.615793,-0.25821042,0.014770746,-1.4578001
2025-07-25 18:00:00,0.0,160.1718,3.461267,4.2820086,-18.148066,18.080023,-1.1435677,-0.92268765,23.087605
2025-07-25 21:00:00,0.0,178.41612,140.28671,1.2943925,-18.366985,-8.217405,-0.113857634,-1.8225918,17.874844
2025-07-25 23:00:00,0.0,2.034133,35.482643,4.024952,11.870809,-0.35963386,-2.5631416,0.16298062,-15.37153
2025-07-26 00:00:00,0.0,-39.699245,47.84407,-2.7338574,4.106119,-5.15323,-5.0942173,0.35207576,-15.874524
2025-07-26 06:00:00,0.0,-39.668404,49.11461,0.35402855,5.5308867,6.2204566,-2.3444247,0.46405798,-16.42589
2025-07-26 06:00:00,0.0,-0.018903824,103.8247,3.513325,-6.2295747,0.81361693,-1.6098663,3.7814012,-10.414057
2025-07-26 06:00:00,0.0,50.2607,-35.240944,10.394296,15.566991,7.8013783,-0.5630181,4.310733,-6.1226916
2025-07-26 07:00:00,0.0,-20.154078,-94.73937,-1.1586717,7.412541,-9.547799,-4.1268363,-0.28152224,-6.0542808
2025-07-26 10:00:00,0.0,-66.80497,124.34083,0.79924595,17.63499,7.495417,-3.6736782,2.7282903,0.7026949
2025-07-26 10:00:00,0.0,-5.9306617,56.848854,2.4610262,-32.393482,-19.005568,-10.029675,-3.0315897,-14.392722
2025-07-26 11:00:00,0.0,197.86078,131.84192,-24.543488,-19.498184,-46.58032,-5.2374516,2.7816343,32.57244
2025-07-26 12:00:00,0.0,-31.209194,-58.17918,-7.899463,21.02599,11.750422,-2.6414554,-0.43326592,17.755102
2025-07-26 14:00:00,0.0,10.294005,80.13355,-22.842033,8.129762,-61.432117,-1.7624773,6.590401,-6.246628
2025-07-26 14:00:00,0.0,232.59535,149.53731,0.7342277,2.189591,-32.53059,-9.397859,2.5316417,31.610846
2025-07-26 16:00:00,0.0,-76.19777,16.177559,9.232877,11.867826,-8.177513,-2.8347142,1.3480164,-13.220232
2025-07-26 17:00:00,0.0,-34.462467,-115.485245,2.3802116,5.6870513,-1.9169096,0.15979311,-0.079088405,15.122705
2025-07-26 17:00:00,0.0,-40.239292,-53.230213,-1.5938122,5.555086,-6.0850654,-4.759104,0.21220264,17.811634
2025-07-26 20:00:00,0.0,-23.971138,-92.21938,3.1779299,-9.204529,6.403596,-3.143994,-0.9537136,-5.453752
2025-07-26 20:00:00,0.0,0.44701,-90.29102,3.348215,-1.3936539,3.5045774,0.741041,0.67211187,-6.203958
2025-07-26 20:00:00,0.0,-73.61241,74.03793,2.1375706,-3.5688353,5.0695214,-3.4607446,-3.6109867,38.93001
2025-07-26 20:00:00,0.0,22.020388,-147.21895,2.9318173,-10.364762,3.5409577,-0.50155705,0.07456154,-2.2797222
2025-07-26 21:00:00,0.0,21.15728,-136.12364,-2.641284,-12.82612,0.43019888,-0.14716257,-0.40469393,-2.7380276
2025-07-26 21:00:00,0.0,-8.475632,115.86604,1.0288599,-46.332478,-0.7318443,-1.7093543,-10.573615,-2.6574407
2025-07-26 23:00:00,0.0,-19.920757,159.37483,-6.911672,23.130878,-2.2103527,0.10394021,5.7792664,-8.503475
2025-07-26 23:00:00,0.0,-64.57939,65.34144,8.5566635,-11.136029,5.7803445,-0.4705474,1.3450509,35.535496
2025-07-27 00:00:00,0.0,-45.46724,29.83201,0.039893083,7.5059123,-2.7676466,-3.2100706,0.86287165,-15.652355
2025-07-27 03:00:00,0.0,24.98929,-93.96264,-1.4662383,11.444885,2.037071,0.006428801,-1.0420504,-2.19165
2025-07-27 04:00:00,0.0,-57.80201,19.115446,-8.21964,-24.8766,-4.018142,-7.3345323,-11.237092,-5.205251
2025-07-27 09:00:00,0.0,-57.394855,65.52952,-8.121254,-19.730347,10.679474,-3.197551,-2.2292342,-15.740286
2025-07-27 10:00:00,0.0,82.68772,137.97401,-11.024735,-28.920643,4.9348164,-2.8740036,-12.997965,-1.5990663
2025-07-27 14:00:00,0.0,-25.338602,-47.886173,3.3311527,-15.138139,2.7194078,0.7819573,0.54626226,-6.739578
2025-07-27 16:00:00,0.0,227.512,126.30325,4.1141257,-2.1407056,10.28518,6.001972,-1.5822997,37.60953
2025-07-27 18:00:00,0.0,-58.84976,51.01825,6.051629,-2.7741456,-5.751612,-4.4090605,-1.7733905,-0.36685646
2025-07-27 18:00:00,0.0,14.346241,-121.1608,-23.049429,-15.241849,-5.7841835,0.22241664,-0.06084029,-1.9737561
2025-07-27 23:00:00,0.0,3.3119755,-108.44584,-7.3322334,5.600844,-0.94547886,-0.056104995,-0.88005227,-6.3109927
2025-07-28 02:00:00,0.0,-6.846644,116.42299,-5.998782,-42.573174,-19.13886,-3.8393588,-10.228639,-3.0585792
2025-07-28 03:00:00,0.0,-7.42215,-24.108055,0.60501903,8.887077,9.272724,-2.154096,0.6153461,-10.408205
2025-07-28 05:00:00,0.0,-49.16197,-10.883681,-0.23710126,8.639123,0.9740335,-1.9700308,0.7017704,24.40986
2025-07-28 06:00:00,0.0,-42.380455,-57.84106,-1.3204081,-20.259466,-1.0929402,-3.129309,-6.400148,20.227674
2025-07-28 07:00:00,0.0,-53.093452,35.64907,-2.2672257,17.69955,-19.832043,-1.6732252,2.9472363,-17.1402
2025-07-28 10:00:00,0.0,-32.294342,-99.74246,-1.4024966,5.288998,5.5284915,0.3418403,0.81419915,-8.434065
2025-07-28 11:00:00,0.0,222.22688,167.05087,-6.4466734,-27.661655,-6.8927097,-2.1398077,4.098702,33.88639
2025-07-28 12:00:00,0.0,-27.45832,-21.00082,-1.5433663,6.6616697,3.1892955,-1.188942,-1.4635073,-8.601559
2025-07-28 12:00:00,0.0,-2.6547935,-41.92733,0.832691,11.319535,-14.198179,-5.4490085,0.68005764,-8.83876
2025-07-28 15:00:00,0.0,64.71197,132.05266,2.2988114,36.15934,8.047511,-3.403797,10.739847,-10.879623
2025-07-28 16:00:00,0.0,81.577866,129.64432,1.1001779,-4.5187335,-5.67448,-1.5961181,0.2231839,0.57281476
2025-07-28 16:00:00,0.0,197.50403,90.03284,6.2042937,-63.68778,-1.1140751,-0.09558893,-14.992507,33.03044
2025-07-28 17:00:00,0.0,-21.232286,-101.10058,-0.92518044,5.344227,-5.61956,-1.304587,0.83134806,-8.245263
2025-07-28 17:00:00,0.0,-15.259942,160.13066,-1.1277138,12.34207,2.9683237,-3.3472943,6.6282835,-7.9184446
2025-07-28 18:00:00,0.0,-35.439075,-13.151645,-8.464234,8.760295,-11.616679,-1.2743704,0.004646603,-2.413191
2025-07-28 23:00:00,0.0,36.20126,8.120844,-13.21648,-61.249557,13.4793625,-1.6728938,-13.0736,-5.9067097
2025-07-29 01:00:00,0.0,106.02586,-195.81592,-3.3363268,3.8483474,10.148827,4.24312,-0.40227705,18.078953
2025-07-29 03:00:00,0.0,-15.793247,61.81465,-9.857387,12.530875,-2.0185282,-2.2473319,1.1329893,-10.394994
2025-07-29 03:00:00,0.0,-58.474747,59.657227,3.6213295,-0.4196566,1.9009073,-1.0032194,-2.1810923,-17.19722
2025-07-29 06:00:00,0.0,-9.294627,49.711502,-4.245117,4.847958,-16.148111,-1.9912382,-0.22244939,-16.412378
2025-07-29 07:00:00,0.0,-13.51298,103.19462,2.946614,-21.658539,-1.8261943,-1.5034881,-4.0188136,-2.5197377
2025-07-29 07:00:00,0.0,-54.46386,134.6305,2.2081072,18.566074,-2.6895154,-3.9096997,3.6670866,1.7363012
2025-07-29 09:00:00,0.0,-5.0203595,9.707947,-10.203919,1.2645606,-12.734328,-8.583373,-2.2081804,-11.977694
2025-07-29 16:00:00,0.0,36.9386,45.971012,-3.1615002,8.265688,4.138913,-0.08265724,1.625047,-7.0382075
2025-07-29 16:00:00,0.0,-87.693634,82.521866,12.736637,13.626601,11.139185,4.2004824,1.7234292,30.920307
2025-07-29 20:00:00,0.0,7.105891,-33.673264,2.8825212,-18.502398,-0.31530365,-2.813999,-7.9998703,6.27901
2025-07-29 23:00:00,0.0,-8.61354,76.01571,-4.5476313,-15.010252,2.0031652,-2.3073246,-0.38812792,-14.45392
2025-07-29 23:00:00,0.0,-59.92459,15.271381,1.0031102,-10.988468,1.9626627,-1.1566666,0.45027402,-14.281265
2025-07-30 01:00:00,0.0,-21.839481,77.96673,10.010535,14.203893,-7.2545433,-2.5957448,0.73939407,-12.157139
2025-07-30 01:00:00,0.0,-20.960596,-69.28725,0.09147527,1.610231,-12.670097,-5.4856052,0.7210116,-6.3978477
2025-07-30 02:00:00,0.0,-42.08802,-27.300106,3.1687176,0.8221154,11.9733095,-1.3173493,0.49952385,-9.663883
2025-07-30 03:00:00,0.0,25.135876,-91.820625,-1.5931798,13.05023,3.2239938,1.8107227,-0.586053,-2.176981
2025-07-30 03:00:00,0.0,-25.23477,-50.621517,5.4580216,18.985514,16.282244,0.52616215,0.34060496,-6.9484997
2025-07-30 04:00:00,0.0,-19.49054,65.40244,2.7218735,-0.92476183,0.3859005,-0.70144534,0.4587944,-7.2792974
2025-07-30 05:00:00,0.0,23.000763,73.37143,-0.11869558,9.410852,6.401776,-3.5805037,4.1743116,-13.623432
2025-07-30 08:00:00,0.0,-28.117027,-116.33781,3.2826977,3.4796898,4.3350835,-0.37550816,0.45251352,-2.7221208
2025-07-30 08:00:00,0.0,-20.472542,74.204384,0.8195507,9.377836,7.55997,-1.6095791,0.8571482,-12.100599
2025-07-30 09:00:00,0.0,-41.41908,-22.778858,-1.207694,-44.946777,5.971536,0.015175548,-7.3159504,-7.764211
2025-07-30 12:00:00,0.0,-16.081036,159.77612,2.674491,11.373311,4.143745,-3.5573747,6.696027,-8.045632
2025-07-30 12:00:00,0.0,89.346466,207.36552,-2.2843542,20.370543,4.8679223,-4.745277,14.172463,-9.272155
2025-07-30 12:00:00,0.0,-54.448307,36.53743,1.0275271,-13.988231,2.9309998,0.19728453,0.6950352,-15.894442
2025-07-30 15:00:00,0.0,-42.419167,-15.757098,1.8238903,-14.470918,-9.8347645,-2.6636567,0.8319424,-11.663777
2025-07-30 17:00:00,0.0,-50.369858,62.367424,2.6369338,5.7707124,-6.7962937,-1.3656261,0.8523447,0.05412026
2025-07-30 18:00:00,0.0,-3.3114765,-117.71669,-0.80089206,5.3416796,-1.9177128,-0.95783806,0.65807325,1.3722074
2025-07-30 18:00:00,0.0,224.98676,135.09264,-11.580503,14.008633,1.115123,-4.4416184,-1.3744528,39.197914
2025-07-30 20:00:00,0.0,-61.912506,118.12216,-4.6200323,-9.07056,-12.696948,-9.285349,2.762807,1.0629128
2025-07-30 23:00:00,0.0,-22.028854,-103.194084,4.393123,-4.881145,-1.8827127,-0.9169024,-0.032343388,-5.0512285
2025-07-30 23:00:00,0.0,-44.750843,30.031544,-2.0699124,8.235618,11.8048525,-1.0046709,0.88856584,-15.634609
2025-07-31 01:00:00,0.0,-2.2096717,110.2281,1.7836665,15.090477,4.864598,-2.1440964,3.5478768,-9.272043
2025-07-31 04:00:00,0.0,-36.314823,-14.805354,-8.833586,-22.058718,-24.569958,-11.132168,-1.6000955,-8.903332
2025-07-31 05:00:00,0.0,26.573471,-158.94421,2.9437149,6.7008605,5.18364,-0.3698548,0.14431642,-3.5077293
2025-07-31 06:00:00,0.0,-26.301231,-115.04814,0.6321504,4.929558,2.2995832,-1.5914224,0.40977445,-2.8605826
2025-07-31 07:00:00,0.0,-63.16765,13.416193,-5.710286,11.047995,7.9018636,-2.6462295,0.4513957,-14.91646
2025-07-31 09:00:00,0.0,-0.04516218,-133.35631,-2.228272,4.784146,5.579382,-0.6543639,0.515813,-6.2199
2025-07-31 11:00:00,0.0,0.30844444,-122.35115,-8.799428,-12.234512,-3.469845,-0.5414166,-0.09386356,-4.727974
2025-07-31 12:00:00,0.0,-47.20748,28.793564,-0.37893015,-15.765537,-7.202896,-4.508096,0.86351144,-14.87636
2025-07-31 13:00:00,0.0,-31.360624,-99.97392,1.5148976,8.527065,-2.8021052,-2.140362,0.8462909,-8.312811
2025-07-31 14:00:00,0.0,-55.04379,-36.91455,-9.307964,16.376245,-1.9184282,-3.7698061,2.4981017,27.134558
2025-07-31 17:00:00,0.0,132.6548,96.90079,5.713049,-9.743806,-27.220358,-8.987923,-3.6286867,11.215214
2025-07-31 20:00:00,0.0,-26.239637,-105.30176,-2.978464,3.612225,-4.1667943,-3.8520408,-0.12313647,-3.0747986
2025-07-31 21:00:00,0.0,-42.13549,-23.201506,1.5761714,2.3596692,0.26797336,1.1831322,0.45673484,-10.082649
2025-07-31 21:00:00,0.0,-2.9866679,39.26571,5.7381167,-13.681476,4.927086,-2.7674158,-0.09165618,-14.74438
2025-07-31 21:00:00,0.0,-2.8666475,-116.67442,1.0606455,3.3532286,1.5155822,-0.40840667,0.92706335,1.6874958
2025-07-31 21:00:00,0.0,-21.727766,-62.379074,1.1086413,-6.9015336,-3.9004931,-3.119594,0.85401535,-5.871115
2025-07-31 22:00:00,0.0,-19.425064,78.281105,-10.381276,7.8208113,-27.46665,-2.438,0.20585959,-11.097104
